  0
SECTION
  2
HEADER
  9
$ACADVER
  1
AC1018
  9
$HANDSEED
  5
FFFFFFFF
  9
$ANGBASE
  50
0.0
  9
$ANGDIR
  70
1
  9
$MEASUREMENT
  70
1
  9
$INSUNITS
  70
4
  0
ENDSEC
  0
SECTION
  2
TABLES
  0
TABLE
  2
APPID
  5
1
330
0
100
AcDbSymbolTable
 70
1
  0
APPID
  5
2
330
1
100
AcDbSymbolTableRecord
100
AcDbRegAppTableRecord
  2
ACAD
 70
0
  0
ENDTAB
  0
TABLE
  2
LTYPE
  5
3
330
0
100
AcDbSymbolTable
 70
6
  0
LTYPE
  5
4
330
3
100
AcDbSymbolTableRecord
100
AcDbLinetypeTableRecord
  2
ByBlock
 70
0
  3

 72
65
 73
0
 40
0
  0
LTYPE
  5
5
330
3
100
AcDbSymbolTableRecord
100
AcDbLinetypeTableRecord
  2
ByLayer
 70
0
  3

 72
65
 73
0
 40
0
  0
LTYPE
  5
6
330
3
100
AcDbSymbolTableRecord
100
AcDbLinetypeTableRecord
  2
CONTINUOUS
 70
0
  3
Solid line
 72
65
 73
0
 40
0
  0
LTYPE
  5
7
330
3
100
AcDbSymbolTableRecord
100
AcDbLinetypeTableRecord
  2
DASHDOT
 70
0
  3
Dash Dot ____ _ ____ _
 72
65
 73
4
 40
2
 49
1.25
 74
0
 49
-0.25
 74
0
 49
0.25
 74
0
 49
-0.25
 74
0
  0
LTYPE
  5
8
330
3
100
AcDbSymbolTableRecord
100
AcDbLinetypeTableRecord
  2
DASHED
 70
0
  3
Dashed __ __ __ __ __
 72
65
 73
2
 40
0.75
 49
0.5
 74
0
 49
-0.25
 74
0
  0
LTYPE
  5
9
330
3
100
AcDbSymbolTableRecord
100
AcDbLinetypeTableRecord
  2
DOTTED
 70
0
  3
Dotted .  .  .  .
 72
65
 73
2
 40
0.2
 49
0.0
 74
0
 49
-0.2
 74
0
  0
ENDTAB
  0
TABLE
  2
STYLE
  5
A
330
0
100
AcDbSymbolTable
 70
4
  0
STYLE
  5
B
330
A
100
AcDbSymbolTableRecord
100
AcDbTextStyleTableRecord
  2
KICAD
 70
0
 40
0
 41
1
 42
1
 50
0
 71
0
  3
isocp.shx
  0
STYLE
  5
C
330
A
100
AcDbSymbolTableRecord
100
AcDbTextStyleTableRecord
  2
KICADB
 70
0
 40
0
 41
1
 42
1
 50
0
 71
0
  3
isocp.shx
  0
STYLE
  5
D
330
A
100
AcDbSymbolTableRecord
100
AcDbTextStyleTableRecord
  2
KICADI
 70
0
 40
0
 41
1
 42
1
 50
15
 71
0
  3
isocp.shx
  0
STYLE
  5
E
330
A
100
AcDbSymbolTableRecord
100
AcDbTextStyleTableRecord
  2
KICADBI
 70
0
 40
0
 41
1
 42
1
 50
15
 71
0
  3
isocp.shx
  0
ENDTAB
  0
TABLE
  2
LAYER
  5
F
330
0
100
AcDbSymbolTable
 70
2
  0
LAYER
  5
12
330
F
100
AcDbSymbolTableRecord
100
AcDbLayerTableRecord
  2
0
 70
0
 62
7
  6
CONTINUOUS
390
10
  0
LAYER
  5
13
330
F
100
AcDbSymbolTableRecord
100
AcDbLayerTableRecord
  2
F.Paste
 70
0
 62
253
420
11837594
  6
CONTINUOUS
390
10
  0
ENDTAB
  0
TABLE
  2
VPORT
  5
14
330
0
100
AcDbSymbolTable
 70
0
  0
ENDTAB
  0
TABLE
  2
VIEW
  5
15
330
0
100
AcDbSymbolTable
 70
0
  0
ENDTAB
  0
TABLE
  2
UCS
  5
16
330
0
100
AcDbSymbolTable
 70
0
  0
ENDTAB
  0
TABLE
  2
DIMSTYLE
  5
17
330
0
100
AcDbSymbolTable
 70
1
100
AcDbDimStyleTable
 71
0
  0
DIMSTYLE
105
18
330
17
100
AcDbSymbolTableRecord
100
AcDbDimStyleTableRecord
  2
Standard
 70
0
  0
ENDTAB
  0
TABLE
  2
BLOCK_RECORD
  5
19
330
0
100
AcDbSymbolTable
 70
3
  0
BLOCK_RECORD
  5
1A
330
19
100
AcDbSymbolTableRecord
100
AcDbBlockTableRecord
  2
*Model_Space
340
1D
 70
0
280
1
281
0
  0
BLOCK_RECORD
  5
1B
330
19
100
AcDbSymbolTableRecord
100
AcDbBlockTableRecord
  2
*Paper_Space
340
1E
 70
0
280
1
281
0
  0
BLOCK_RECORD
  5
1C
330
19
100
AcDbSymbolTableRecord
100
AcDbBlockTableRecord
  2
*Paper_Space0
340
1F
 70
0
280
1
281
0
  0
ENDTAB
  0
ENDSEC
  0
SECTION
  2
BLOCKS
  0
BLOCK
  5
23
330
1A
100
AcDbEntity
  8
0
100
AcDbBlockBegin
  2
*Model_Space
 70
0
 10
0.0
 20
0.0
 30
0.0
  3
*Model_Space
  1

  0
ENDBLK
  5
22
330
1A
100
AcDbEntity
  8
0
100
AcDbBlockEnd
  0
BLOCK
  5
25
330
1B
100
AcDbEntity
 67
1
  8
0
100
AcDbBlockBegin
  2
*Paper_Space
 70
0
 10
0.0
 20
0.0
 30
0.0
  3
*Paper_Space
  1

  0
ENDBLK
  5
24
330
1B
100
AcDbEntity
 67
1
  8
0
100
AcDbBlockEnd
  0
BLOCK
  5
27
330
1C
100
AcDbEntity
 67
1
  8
0
100
AcDbBlockBegin
  2
*Paper_Space0
 70
0
 10
0.0
 20
0.0
 30
0.0
  3
*Paper_Space0
  1

  0
ENDBLK
  5
26
330
1C
100
AcDbEntity
 67
1
  8
0
100
AcDbBlockEnd
  0
ENDSEC
  0
SECTION
  2
ENTITIES
  0
LINE
  5
28
330
1A
100
AcDbEntity
  8
F.Paste
  6
CONTINUOUS
100
AcDbLine
 10
67.5293999999999954
 20
-102.5447999999999951
 30
0
 11
67.129400000000004
 21
-102.5447999999999951
 31
0
  0
LINE
  5
29
330
1A
100
AcDbEntity
  8
F.Paste
  6
CONTINUOUS
100
AcDbLine
 10
67.129400000000004
 20
-102.5447999999999951
 30
0
 11
67.129400000000004
 21
-101.6948000000000008
 31
0
  0
LINE
  5
2A
330
1A
100
AcDbEntity
  8
F.Paste
  6
CONTINUOUS
100
AcDbLine
 10
67.129400000000004
 20
-101.6948000000000008
 30
0
 11
67.5293999999999954
 21
-101.6948000000000008
 31
0
  0
LINE
  5
2B
330
1A
100
AcDbEntity
  8
F.Paste
  6
CONTINUOUS
100
AcDbLine
 10
67.5293999999999954
 20
-101.6948000000000008
 30
0
 11
67.5293999999999954
 21
-102.5447999999999951
 31
0
  0
LINE
  5
2C
330
1A
100
AcDbEntity
  8
F.Paste
  6
CONTINUOUS
100
AcDbLine
 10
68.3293999999999926
 20
-102.5447999999999951
 30
0
 11
67.9294000000000011
 21
-102.5447999999999951
 31
0
  0
LINE
  5
2D
330
1A
100
AcDbEntity
  8
F.Paste
  6
CONTINUOUS
100
AcDbLine
 10
67.9294000000000011
 20
-102.5447999999999951
 30
0
 11
67.9294000000000011
 21
-101.6948000000000008
 31
0
  0
LINE
  5
2E
330
1A
100
AcDbEntity
  8
F.Paste
  6
CONTINUOUS
100
AcDbLine
 10
67.9294000000000011
 20
-101.6948000000000008
 30
0
 11
68.3293999999999926
 21
-101.6948000000000008
 31
0
  0
LINE
  5
2F
330
1A
100
AcDbEntity
  8
F.Paste
  6
CONTINUOUS
100
AcDbLine
 10
68.3293999999999926
 20
-101.6948000000000008
 30
0
 11
68.3293999999999926
 21
-102.5447999999999951
 31
0
  0
LINE
  5
30
330
1A
100
AcDbEntity
  8
F.Paste
  6
CONTINUOUS
100
AcDbLine
 10
69.129400000000004
 20
-102.5447999999999951
 30
0
 11
68.7293999999999983
 21
-102.5447999999999951
 31
0
  0
LINE
  5
31
330
1A
100
AcDbEntity
  8
F.Paste
  6
CONTINUOUS
100
AcDbLine
 10
68.7293999999999983
 20
-102.5447999999999951
 30
0
 11
68.7293999999999983
 21
-101.6948000000000008
 31
0
  0
LINE
  5
32
330
1A
100
AcDbEntity
  8
F.Paste
  6
CONTINUOUS
100
AcDbLine
 10
68.7293999999999983
 20
-101.6948000000000008
 30
0
 11
69.129400000000004
 21
-101.6948000000000008
 31
0
  0
LINE
  5
33
330
1A
100
AcDbEntity
  8
F.Paste
  6
CONTINUOUS
100
AcDbLine
 10
69.129400000000004
 20
-101.6948000000000008
 30
0
 11
69.129400000000004
 21
-102.5447999999999951
 31
0
  0
LINE
  5
34
330
1A
100
AcDbEntity
  8
F.Paste
  6
CONTINUOUS
100
AcDbLine
 10
69.9294000000000011
 20
-102.5447999999999951
 30
0
 11
69.5293999999999954
 21
-102.5447999999999951
 31
0
  0
LINE
  5
35
330
1A
100
AcDbEntity
  8
F.Paste
  6
CONTINUOUS
100
AcDbLine
 10
69.5293999999999954
 20
-102.5447999999999951
 30
0
 11
69.5293999999999954
 21
-101.6948000000000008
 31
0
  0
LINE
  5
36
330
1A
100
AcDbEntity
  8
F.Paste
  6
CONTINUOUS
100
AcDbLine
 10
69.5293999999999954
 20
-101.6948000000000008
 30
0
 11
69.9294000000000011
 21
-101.6948000000000008
 31
0
  0
LINE
  5
37
330
1A
100
AcDbEntity
  8
F.Paste
  6
CONTINUOUS
100
AcDbLine
 10
69.9294000000000011
 20
-101.6948000000000008
 30
0
 11
69.9294000000000011
 21
-102.5447999999999951
 31
0
  0
LINE
  5
38
330
1A
100
AcDbEntity
  8
F.Paste
  6
CONTINUOUS
100
AcDbLine
 10
70.7293999999999983
 20
-102.5447999999999951
 30
0
 11
70.3293999999999926
 21
-102.5447999999999951
 31
0
  0
LINE
  5
39
330
1A
100
AcDbEntity
  8
F.Paste
  6
CONTINUOUS
100
AcDbLine
 10
70.3293999999999926
 20
-102.5447999999999951
 30
0
 11
70.3293999999999926
 21
-101.6948000000000008
 31
0
  0
LINE
  5
3A
330
1A
100
AcDbEntity
  8
F.Paste
  6
CONTINUOUS
100
AcDbLine
 10
70.3293999999999926
 20
-101.6948000000000008
 30
0
 11
70.7293999999999983
 21
-101.6948000000000008
 31
0
  0
LINE
  5
3B
330
1A
100
AcDbEntity
  8
F.Paste
  6
CONTINUOUS
100
AcDbLine
 10
70.7293999999999983
 20
-101.6948000000000008
 30
0
 11
70.7293999999999983
 21
-102.5447999999999951
 31
0
  0
LINE
  5
3C
330
1A
100
AcDbEntity
  8
F.Paste
  6
CONTINUOUS
100
AcDbLine
 10
71.5293999999999954
 20
-102.5447999999999951
 30
0
 11
71.1293999999999897
 21
-102.5447999999999951
 31
0
  0
LINE
  5
3D
330
1A
100
AcDbEntity
  8
F.Paste
  6
CONTINUOUS
100
AcDbLine
 10
71.1293999999999897
 20
-102.5447999999999951
 30
0
 11
71.1293999999999897
 21
-101.6948000000000008
 31
0
  0
LINE
  5
3E
330
1A
100
AcDbEntity
  8
F.Paste
  6
CONTINUOUS
100
AcDbLine
 10
71.1293999999999897
 20
-101.6948000000000008
 30
0
 11
71.5293999999999954
 21
-101.6948000000000008
 31
0
  0
LINE
  5
3F
330
1A
100
AcDbEntity
  8
F.Paste
  6
CONTINUOUS
100
AcDbLine
 10
71.5293999999999954
 20
-101.6948000000000008
 30
0
 11
71.5293999999999954
 21
-102.5447999999999951
 31
0
  0
LINE
  5
40
330
1A
100
AcDbEntity
  8
F.Paste
  6
CONTINUOUS
100
AcDbLine
 10
72.3293999999999926
 20
-102.5447999999999951
 30
0
 11
71.9294000000000011
 21
-102.5447999999999951
 31
0
  0
LINE
  5
41
330
1A
100
AcDbEntity
  8
F.Paste
  6
CONTINUOUS
100
AcDbLine
 10
71.9294000000000011
 20
-102.5447999999999951
 30
0
 11
71.9294000000000011
 21
-101.6948000000000008
 31
0
  0
LINE
  5
42
330
1A
100
AcDbEntity
  8
F.Paste
  6
CONTINUOUS
100
AcDbLine
 10
71.9294000000000011
 20
-101.6948000000000008
 30
0
 11
72.3293999999999926
 21
-101.6948000000000008
 31
0
  0
LINE
  5
43
330
1A
100
AcDbEntity
  8
F.Paste
  6
CONTINUOUS
100
AcDbLine
 10
72.3293999999999926
 20
-101.6948000000000008
 30
0
 11
72.3293999999999926
 21
-102.5447999999999951
 31
0
  0
LINE
  5
44
330
1A
100
AcDbEntity
  8
F.Paste
  6
CONTINUOUS
100
AcDbLine
 10
73.1293999999999897
 20
-102.5447999999999951
 30
0
 11
72.7293999999999983
 21
-102.5447999999999951
 31
0
  0
LINE
  5
45
330
1A
100
AcDbEntity
  8
F.Paste
  6
CONTINUOUS
100
AcDbLine
 10
72.7293999999999983
 20
-102.5447999999999951
 30
0
 11
72.7293999999999983
 21
-101.6948000000000008
 31
0
  0
LINE
  5
46
330
1A
100
AcDbEntity
  8
F.Paste
  6
CONTINUOUS
100
AcDbLine
 10
72.7293999999999983
 20
-101.6948000000000008
 30
0
 11
73.1293999999999897
 21
-101.6948000000000008
 31
0
  0
LINE
  5
47
330
1A
100
AcDbEntity
  8
F.Paste
  6
CONTINUOUS
100
AcDbLine
 10
73.1293999999999897
 20
-101.6948000000000008
 30
0
 11
73.1293999999999897
 21
-102.5447999999999951
 31
0
  0
LINE
  5
48
330
1A
100
AcDbEntity
  8
F.Paste
  6
CONTINUOUS
100
AcDbLine
 10
67.5293999999999954
 20
-100.8447999999999922
 30
0
 11
67.129400000000004
 21
-100.8447999999999922
 31
0
  0
LINE
  5
49
330
1A
100
AcDbEntity
  8
F.Paste
  6
CONTINUOUS
100
AcDbLine
 10
67.129400000000004
 20
-100.8447999999999922
 30
0
 11
67.129400000000004
 21
-99.9947999999999979
 31
0
  0
LINE
  5
4A
330
1A
100
AcDbEntity
  8
F.Paste
  6
CONTINUOUS
100
AcDbLine
 10
67.129400000000004
 20
-99.9947999999999979
 30
0
 11
67.5293999999999954
 21
-99.9947999999999979
 31
0
  0
LINE
  5
4B
330
1A
100
AcDbEntity
  8
F.Paste
  6
CONTINUOUS
100
AcDbLine
 10
67.5293999999999954
 20
-99.9947999999999979
 30
0
 11
67.5293999999999954
 21
-100.8447999999999922
 31
0
  0
LINE
  5
4C
330
1A
100
AcDbEntity
  8
F.Paste
  6
CONTINUOUS
100
AcDbLine
 10
68.3293999999999926
 20
-100.8447999999999922
 30
0
 11
67.9294000000000011
 21
-100.8447999999999922
 31
0
  0
LINE
  5
4D
330
1A
100
AcDbEntity
  8
F.Paste
  6
CONTINUOUS
100
AcDbLine
 10
67.9294000000000011
 20
-100.8447999999999922
 30
0
 11
67.9294000000000011
 21
-99.9947999999999979
 31
0
  0
LINE
  5
4E
330
1A
100
AcDbEntity
  8
F.Paste
  6
CONTINUOUS
100
AcDbLine
 10
67.9294000000000011
 20
-99.9947999999999979
 30
0
 11
68.3293999999999926
 21
-99.9947999999999979
 31
0
  0
LINE
  5
4F
330
1A
100
AcDbEntity
  8
F.Paste
  6
CONTINUOUS
100
AcDbLine
 10
68.3293999999999926
 20
-99.9947999999999979
 30
0
 11
68.3293999999999926
 21
-100.8447999999999922
 31
0
  0
LINE
  5
50
330
1A
100
AcDbEntity
  8
F.Paste
  6
CONTINUOUS
100
AcDbLine
 10
69.129400000000004
 20
-100.8447999999999922
 30
0
 11
68.7293999999999983
 21
-100.8447999999999922
 31
0
  0
LINE
  5
51
330
1A
100
AcDbEntity
  8
F.Paste
  6
CONTINUOUS
100
AcDbLine
 10
68.7293999999999983
 20
-100.8447999999999922
 30
0
 11
68.7293999999999983
 21
-99.9947999999999979
 31
0
  0
LINE
  5
52
330
1A
100
AcDbEntity
  8
F.Paste
  6
CONTINUOUS
100
AcDbLine
 10
68.7293999999999983
 20
-99.9947999999999979
 30
0
 11
69.129400000000004
 21
-99.9947999999999979
 31
0
  0
LINE
  5
53
330
1A
100
AcDbEntity
  8
F.Paste
  6
CONTINUOUS
100
AcDbLine
 10
69.129400000000004
 20
-99.9947999999999979
 30
0
 11
69.129400000000004
 21
-100.8447999999999922
 31
0
  0
LINE
  5
54
330
1A
100
AcDbEntity
  8
F.Paste
  6
CONTINUOUS
100
AcDbLine
 10
69.9294000000000011
 20
-100.8447999999999922
 30
0
 11
69.5293999999999954
 21
-100.8447999999999922
 31
0
  0
LINE
  5
55
330
1A
100
AcDbEntity
  8
F.Paste
  6
CONTINUOUS
100
AcDbLine
 10
69.5293999999999954
 20
-100.8447999999999922
 30
0
 11
69.5293999999999954
 21
-99.9947999999999979
 31
0
  0
LINE
  5
56
330
1A
100
AcDbEntity
  8
F.Paste
  6
CONTINUOUS
100
AcDbLine
 10
69.5293999999999954
 20
-99.9947999999999979
 30
0
 11
69.9294000000000011
 21
-99.9947999999999979
 31
0
  0
LINE
  5
57
330
1A
100
AcDbEntity
  8
F.Paste
  6
CONTINUOUS
100
AcDbLine
 10
69.9294000000000011
 20
-99.9947999999999979
 30
0
 11
69.9294000000000011
 21
-100.8447999999999922
 31
0
  0
LINE
  5
58
330
1A
100
AcDbEntity
  8
F.Paste
  6
CONTINUOUS
100
AcDbLine
 10
70.7293999999999983
 20
-100.8447999999999922
 30
0
 11
70.3293999999999926
 21
-100.8447999999999922
 31
0
  0
LINE
  5
59
330
1A
100
AcDbEntity
  8
F.Paste
  6
CONTINUOUS
100
AcDbLine
 10
70.3293999999999926
 20
-100.8447999999999922
 30
0
 11
70.3293999999999926
 21
-99.9947999999999979
 31
0
  0
LINE
  5
5A
330
1A
100
AcDbEntity
  8
F.Paste
  6
CONTINUOUS
100
AcDbLine
 10
70.3293999999999926
 20
-99.9947999999999979
 30
0
 11
70.7293999999999983
 21
-99.9947999999999979
 31
0
  0
LINE
  5
5B
330
1A
100
AcDbEntity
  8
F.Paste
  6
CONTINUOUS
100
AcDbLine
 10
70.7293999999999983
 20
-99.9947999999999979
 30
0
 11
70.7293999999999983
 21
-100.8447999999999922
 31
0
  0
LINE
  5
5C
330
1A
100
AcDbEntity
  8
F.Paste
  6
CONTINUOUS
100
AcDbLine
 10
71.5293999999999954
 20
-100.8447999999999922
 30
0
 11
71.1293999999999897
 21
-100.8447999999999922
 31
0
  0
LINE
  5
5D
330
1A
100
AcDbEntity
  8
F.Paste
  6
CONTINUOUS
100
AcDbLine
 10
71.1293999999999897
 20
-100.8447999999999922
 30
0
 11
71.1293999999999897
 21
-99.9947999999999979
 31
0
  0
LINE
  5
5E
330
1A
100
AcDbEntity
  8
F.Paste
  6
CONTINUOUS
100
AcDbLine
 10
71.1293999999999897
 20
-99.9947999999999979
 30
0
 11
71.5293999999999954
 21
-99.9947999999999979
 31
0
  0
LINE
  5
5F
330
1A
100
AcDbEntity
  8
F.Paste
  6
CONTINUOUS
100
AcDbLine
 10
71.5293999999999954
 20
-99.9947999999999979
 30
0
 11
71.5293999999999954
 21
-100.8447999999999922
 31
0
  0
LINE
  5
60
330
1A
100
AcDbEntity
  8
F.Paste
  6
CONTINUOUS
100
AcDbLine
 10
72.3293999999999926
 20
-100.8447999999999922
 30
0
 11
71.9294000000000011
 21
-100.8447999999999922
 31
0
  0
LINE
  5
61
330
1A
100
AcDbEntity
  8
F.Paste
  6
CONTINUOUS
100
AcDbLine
 10
71.9294000000000011
 20
-100.8447999999999922
 30
0
 11
71.9294000000000011
 21
-99.9947999999999979
 31
0
  0
LINE
  5
62
330
1A
100
AcDbEntity
  8
F.Paste
  6
CONTINUOUS
100
AcDbLine
 10
71.9294000000000011
 20
-99.9947999999999979
 30
0
 11
72.3293999999999926
 21
-99.9947999999999979
 31
0
  0
LINE
  5
63
330
1A
100
AcDbEntity
  8
F.Paste
  6
CONTINUOUS
100
AcDbLine
 10
72.3293999999999926
 20
-99.9947999999999979
 30
0
 11
72.3293999999999926
 21
-100.8447999999999922
 31
0
  0
LINE
  5
64
330
1A
100
AcDbEntity
  8
F.Paste
  6
CONTINUOUS
100
AcDbLine
 10
73.1293999999999897
 20
-100.8447999999999922
 30
0
 11
72.7293999999999983
 21
-100.8447999999999922
 31
0
  0
LINE
  5
65
330
1A
100
AcDbEntity
  8
F.Paste
  6
CONTINUOUS
100
AcDbLine
 10
72.7293999999999983
 20
-100.8447999999999922
 30
0
 11
72.7293999999999983
 21
-99.9947999999999979
 31
0
  0
LINE
  5
66
330
1A
100
AcDbEntity
  8
F.Paste
  6
CONTINUOUS
100
AcDbLine
 10
72.7293999999999983
 20
-99.9947999999999979
 30
0
 11
73.1293999999999897
 21
-99.9947999999999979
 31
0
  0
LINE
  5
67
330
1A
100
AcDbEntity
  8
F.Paste
  6
CONTINUOUS
100
AcDbLine
 10
73.1293999999999897
 20
-99.9947999999999979
 30
0
 11
73.1293999999999897
 21
-100.8447999999999922
 31
0
  0
LINE
  5
68
330
1A
100
AcDbEntity
  8
F.Paste
  6
CONTINUOUS
100
AcDbLine
 10
60.5683119999999988
 20
-98.4051789999999897
 30
0
 11
58.368311999999996
 21
-98.4051789999999897
 31
0
  0
LINE
  5
69
330
1A
100
AcDbEntity
  8
F.Paste
  6
CONTINUOUS
100
AcDbLine
 10
58.368311999999996
 20
-98.4051789999999897
 30
0
 11
58.368311999999996
 21
-94.6051789999999926
 31
0
  0
LINE
  5
6A
330
1A
100
AcDbEntity
  8
F.Paste
  6
CONTINUOUS
100
AcDbLine
 10
58.368311999999996
 20
-94.6051789999999926
 30
0
 11
60.5683119999999988
 21
-94.6051789999999926
 31
0
  0
LINE
  5
6B
330
1A
100
AcDbEntity
  8
F.Paste
  6
CONTINUOUS
100
AcDbLine
 10
60.5683119999999988
 20
-94.6051789999999926
 30
0
 11
60.5683119999999988
 21
-98.4051789999999897
 31
0
  0
LINE
  5
6C
330
1A
100
AcDbEntity
  8
F.Paste
  6
CONTINUOUS
100
AcDbLine
 10
63.108311999999998
 20
-98.4051789999999897
 30
0
 11
60.9083119999999951
 21
-98.4051789999999897
 31
0
  0
LINE
  5
6D
330
1A
100
AcDbEntity
  8
F.Paste
  6
CONTINUOUS
100
AcDbLine
 10
60.9083119999999951
 20
-98.4051789999999897
 30
0
 11
60.9083119999999951
 21
-94.6051789999999926
 31
0
  0
LINE
  5
6E
330
1A
100
AcDbEntity
  8
F.Paste
  6
CONTINUOUS
100
AcDbLine
 10
60.9083119999999951
 20
-94.6051789999999926
 30
0
 11
63.108311999999998
 21
-94.6051789999999926
 31
0
  0
LINE
  5
6F
330
1A
100
AcDbEntity
  8
F.Paste
  6
CONTINUOUS
100
AcDbLine
 10
63.108311999999998
 20
-94.6051789999999926
 30
0
 11
63.108311999999998
 21
-98.4051789999999897
 31
0
  0
LINE
  5
70
330
1A
100
AcDbEntity
  8
F.Paste
  6
CONTINUOUS
100
AcDbLine
 10
65.64831199999999
 20
-98.4051789999999897
 30
0
 11
63.4483119999999943
 21
-98.4051789999999897
 31
0
  0
LINE
  5
71
330
1A
100
AcDbEntity
  8
F.Paste
  6
CONTINUOUS
100
AcDbLine
 10
63.4483119999999943
 20
-98.4051789999999897
 30
0
 11
63.4483119999999943
 21
-94.6051789999999926
 31
0
  0
LINE
  5
72
330
1A
100
AcDbEntity
  8
F.Paste
  6
CONTINUOUS
100
AcDbLine
 10
63.4483119999999943
 20
-94.6051789999999926
 30
0
 11
65.64831199999999
 21
-94.6051789999999926
 31
0
  0
LINE
  5
73
330
1A
100
AcDbEntity
  8
F.Paste
  6
CONTINUOUS
100
AcDbLine
 10
65.64831199999999
 20
-94.6051789999999926
 30
0
 11
65.64831199999999
 21
-98.4051789999999897
 31
0
  0
LINE
  5
74
330
1A
100
AcDbEntity
  8
F.Paste
  6
CONTINUOUS
100
AcDbLine
 10
68.1883119999999963
 20
-98.4051789999999897
 30
0
 11
65.9883119999999934
 21
-98.4051789999999897
 31
0
  0
LINE
  5
75
330
1A
100
AcDbEntity
  8
F.Paste
  6
CONTINUOUS
100
AcDbLine
 10
65.9883119999999934
 20
-98.4051789999999897
 30
0
 11
65.9883119999999934
 21
-94.6051789999999926
 31
0
  0
LINE
  5
76
330
1A
100
AcDbEntity
  8
F.Paste
  6
CONTINUOUS
100
AcDbLine
 10
65.9883119999999934
 20
-94.6051789999999926
 30
0
 11
68.1883119999999963
 21
-94.6051789999999926
 31
0
  0
LINE
  5
77
330
1A
100
AcDbEntity
  8
F.Paste
  6
CONTINUOUS
100
AcDbLine
 10
68.1883119999999963
 20
-94.6051789999999926
 30
0
 11
68.1883119999999963
 21
-98.4051789999999897
 31
0
  0
LINE
  5
78
330
1A
100
AcDbEntity
  8
F.Paste
  6
CONTINUOUS
100
AcDbLine
 10
70.7283120000000025
 20
-98.4051789999999897
 30
0
 11
68.5283119999999997
 21
-98.4051789999999897
 31
0
  0
LINE
  5
79
330
1A
100
AcDbEntity
  8
F.Paste
  6
CONTINUOUS
100
AcDbLine
 10
68.5283119999999997
 20
-98.4051789999999897
 30
0
 11
68.5283119999999997
 21
-94.6051789999999926
 31
0
  0
LINE
  5
7A
330
1A
100
AcDbEntity
  8
F.Paste
  6
CONTINUOUS
100
AcDbLine
 10
68.5283119999999997
 20
-94.6051789999999926
 30
0
 11
70.7283120000000025
 21
-94.6051789999999926
 31
0
  0
LINE
  5
7B
330
1A
100
AcDbEntity
  8
F.Paste
  6
CONTINUOUS
100
AcDbLine
 10
70.7283120000000025
 20
-94.6051789999999926
 30
0
 11
70.7283120000000025
 21
-98.4051789999999897
 31
0
  0
LINE
  5
7C
330
1A
100
AcDbEntity
  8
F.Paste
  6
CONTINUOUS
100
AcDbLine
 10
73.2683119999999946
 20
-98.4051789999999897
 30
0
 11
71.0683119999999917
 21
-98.4051789999999897
 31
0
  0
LINE
  5
7D
330
1A
100
AcDbEntity
  8
F.Paste
  6
CONTINUOUS
100
AcDbLine
 10
71.0683119999999917
 20
-98.4051789999999897
 30
0
 11
71.0683119999999917
 21
-94.6051789999999926
 31
0
  0
LINE
  5
7E
330
1A
100
AcDbEntity
  8
F.Paste
  6
CONTINUOUS
100
AcDbLine
 10
71.0683119999999917
 20
-94.6051789999999926
 30
0
 11
73.2683119999999946
 21
-94.6051789999999926
 31
0
  0
LINE
  5
7F
330
1A
100
AcDbEntity
  8
F.Paste
  6
CONTINUOUS
100
AcDbLine
 10
73.2683119999999946
 20
-94.6051789999999926
 30
0
 11
73.2683119999999946
 21
-98.4051789999999897
 31
0
  0
LINE
  5
80
330
1A
100
AcDbEntity
  8
F.Paste
  6
CONTINUOUS
100
AcDbLine
 10
75.8083120000000008
 20
-98.4051789999999897
 30
0
 11
73.608311999999998
 21
-98.4051789999999897
 31
0
  0
LINE
  5
81
330
1A
100
AcDbEntity
  8
F.Paste
  6
CONTINUOUS
100
AcDbLine
 10
73.608311999999998
 20
-98.4051789999999897
 30
0
 11
73.608311999999998
 21
-94.6051789999999926
 31
0
  0
LINE
  5
82
330
1A
100
AcDbEntity
  8
F.Paste
  6
CONTINUOUS
100
AcDbLine
 10
73.608311999999998
 20
-94.6051789999999926
 30
0
 11
75.8083120000000008
 21
-94.6051789999999926
 31
0
  0
LINE
  5
83
330
1A
100
AcDbEntity
  8
F.Paste
  6
CONTINUOUS
100
AcDbLine
 10
75.8083120000000008
 20
-94.6051789999999926
 30
0
 11
75.8083120000000008
 21
-98.4051789999999897
 31
0
  0
LINE
  5
84
330
1A
100
AcDbEntity
  8
F.Paste
  6
CONTINUOUS
100
AcDbLine
 10
78.3483119999999928
 20
-98.4051789999999897
 30
0
 11
76.14831199999999
 21
-98.4051789999999897
 31
0
  0
LINE
  5
85
330
1A
100
AcDbEntity
  8
F.Paste
  6
CONTINUOUS
100
AcDbLine
 10
76.14831199999999
 20
-98.4051789999999897
 30
0
 11
76.14831199999999
 21
-94.6051789999999926
 31
0
  0
LINE
  5
86
330
1A
100
AcDbEntity
  8
F.Paste
  6
CONTINUOUS
100
AcDbLine
 10
76.14831199999999
 20
-94.6051789999999926
 30
0
 11
78.3483119999999928
 21
-94.6051789999999926
 31
0
  0
LINE
  5
87
330
1A
100
AcDbEntity
  8
F.Paste
  6
CONTINUOUS
100
AcDbLine
 10
78.3483119999999928
 20
-94.6051789999999926
 30
0
 11
78.3483119999999928
 21
-98.4051789999999897
 31
0
  0
LINE
  5
88
330
1A
100
AcDbEntity
  8
F.Paste
  6
CONTINUOUS
100
AcDbLine
 10
80.8883119999999991
 20
-98.4051789999999897
 30
0
 11
78.6883119999999963
 21
-98.4051789999999897
 31
0
  0
LINE
  5
89
330
1A
100
AcDbEntity
  8
F.Paste
  6
CONTINUOUS
100
AcDbLine
 10
78.6883119999999963
 20
-98.4051789999999897
 30
0
 11
78.6883119999999963
 21
-94.6051789999999926
 31
0
  0
LINE
  5
8A
330
1A
100
AcDbEntity
  8
F.Paste
  6
CONTINUOUS
100
AcDbLine
 10
78.6883119999999963
 20
-94.6051789999999926
 30
0
 11
80.8883119999999991
 21
-94.6051789999999926
 31
0
  0
LINE
  5
8B
330
1A
100
AcDbEntity
  8
F.Paste
  6
CONTINUOUS
100
AcDbLine
 10
80.8883119999999991
 20
-94.6051789999999926
 30
0
 11
80.8883119999999991
 21
-98.4051789999999897
 31
0
  0
LINE
  5
8C
330
1A
100
AcDbEntity
  8
F.Paste
  6
CONTINUOUS
100
AcDbLine
 10
83.4283119999999911
 20
-98.4051789999999897
 30
0
 11
81.2283120000000025
 21
-98.4051789999999897
 31
0
  0
LINE
  5
8D
330
1A
100
AcDbEntity
  8
F.Paste
  6
CONTINUOUS
100
AcDbLine
 10
81.2283120000000025
 20
-98.4051789999999897
 30
0
 11
81.2283120000000025
 21
-94.6051789999999926
 31
0
  0
LINE
  5
8E
330
1A
100
AcDbEntity
  8
F.Paste
  6
CONTINUOUS
100
AcDbLine
 10
81.2283120000000025
 20
-94.6051789999999926
 30
0
 11
83.4283119999999911
 21
-94.6051789999999926
 31
0
  0
LINE
  5
8F
330
1A
100
AcDbEntity
  8
F.Paste
  6
CONTINUOUS
100
AcDbLine
 10
83.4283119999999911
 20
-94.6051789999999926
 30
0
 11
83.4283119999999911
 21
-98.4051789999999897
 31
0
  0
LINE
  5
90
330
1A
100
AcDbEntity
  8
F.Paste
  6
CONTINUOUS
100
AcDbLine
 10
85.9683119999999974
 20
-98.4051789999999897
 30
0
 11
83.7683119999999946
 21
-98.4051789999999897
 31
0
  0
LINE
  5
91
330
1A
100
AcDbEntity
  8
F.Paste
  6
CONTINUOUS
100
AcDbLine
 10
83.7683119999999946
 20
-98.4051789999999897
 30
0
 11
83.7683119999999946
 21
-94.6051789999999926
 31
0
  0
LINE
  5
92
330
1A
100
AcDbEntity
  8
F.Paste
  6
CONTINUOUS
100
AcDbLine
 10
83.7683119999999946
 20
-94.6051789999999926
 30
0
 11
85.9683119999999974
 21
-94.6051789999999926
 31
0
  0
LINE
  5
93
330
1A
100
AcDbEntity
  8
F.Paste
  6
CONTINUOUS
100
AcDbLine
 10
85.9683119999999974
 20
-94.6051789999999926
 30
0
 11
85.9683119999999974
 21
-98.4051789999999897
 31
0
  0
LINE
  5
94
330
1A
100
AcDbEntity
  8
F.Paste
  6
CONTINUOUS
100
AcDbLine
 10
88.5083119999999894
 20
-98.4051789999999897
 30
0
 11
86.3083120000000008
 21
-98.4051789999999897
 31
0
  0
LINE
  5
95
330
1A
100
AcDbEntity
  8
F.Paste
  6
CONTINUOUS
100
AcDbLine
 10
86.3083120000000008
 20
-98.4051789999999897
 30
0
 11
86.3083120000000008
 21
-94.6051789999999926
 31
0
  0
LINE
  5
96
330
1A
100
AcDbEntity
  8
F.Paste
  6
CONTINUOUS
100
AcDbLine
 10
86.3083120000000008
 20
-94.6051789999999926
 30
0
 11
88.5083119999999894
 21
-94.6051789999999926
 31
0
  0
LINE
  5
97
330
1A
100
AcDbEntity
  8
F.Paste
  6
CONTINUOUS
100
AcDbLine
 10
88.5083119999999894
 20
-94.6051789999999926
 30
0
 11
88.5083119999999894
 21
-98.4051789999999897
 31
0
  0
LINE
  5
98
330
1A
100
AcDbEntity
  8
F.Paste
  6
CONTINUOUS
100
AcDbLine
 10
91.0483119999999957
 20
-98.4051789999999897
 30
0
 11
88.8483119999999928
 21
-98.4051789999999897
 31
0
  0
LINE
  5
99
330
1A
100
AcDbEntity
  8
F.Paste
  6
CONTINUOUS
100
AcDbLine
 10
88.8483119999999928
 20
-98.4051789999999897
 30
0
 11
88.8483119999999928
 21
-94.6051789999999926
 31
0
  0
LINE
  5
9A
330
1A
100
AcDbEntity
  8
F.Paste
  6
CONTINUOUS
100
AcDbLine
 10
88.8483119999999928
 20
-94.6051789999999926
 30
0
 11
91.0483119999999957
 21
-94.6051789999999926
 31
0
  0
LINE
  5
9B
330
1A
100
AcDbEntity
  8
F.Paste
  6
CONTINUOUS
100
AcDbLine
 10
91.0483119999999957
 20
-94.6051789999999926
 30
0
 11
91.0483119999999957
 21
-98.4051789999999897
 31
0
  0
LINE
  5
9C
330
1A
100
AcDbEntity
  8
F.Paste
  6
CONTINUOUS
100
AcDbLine
 10
93.5883120000000019
 20
-98.4051789999999897
 30
0
 11
91.3883119999999991
 21
-98.4051789999999897
 31
0
  0
LINE
  5
9D
330
1A
100
AcDbEntity
  8
F.Paste
  6
CONTINUOUS
100
AcDbLine
 10
91.3883119999999991
 20
-98.4051789999999897
 30
0
 11
91.3883119999999991
 21
-94.6051789999999926
 31
0
  0
LINE
  5
9E
330
1A
100
AcDbEntity
  8
F.Paste
  6
CONTINUOUS
100
AcDbLine
 10
91.3883119999999991
 20
-94.6051789999999926
 30
0
 11
93.5883120000000019
 21
-94.6051789999999926
 31
0
  0
LINE
  5
9F
330
1A
100
AcDbEntity
  8
F.Paste
  6
CONTINUOUS
100
AcDbLine
 10
93.5883120000000019
 20
-94.6051789999999926
 30
0
 11
93.5883120000000019
 21
-98.4051789999999897
 31
0
  0
LINE
  5
A0
330
1A
100
AcDbEntity
  8
F.Paste
  6
CONTINUOUS
100
AcDbLine
 10
96.128311999999994
 20
-98.4051789999999897
 30
0
 11
93.9283119999999911
 21
-98.4051789999999897
 31
0
  0
LINE
  5
A1
330
1A
100
AcDbEntity
  8
F.Paste
  6
CONTINUOUS
100
AcDbLine
 10
93.9283119999999911
 20
-98.4051789999999897
 30
0
 11
93.9283119999999911
 21
-94.6051789999999926
 31
0
  0
LINE
  5
A2
330
1A
100
AcDbEntity
  8
F.Paste
  6
CONTINUOUS
100
AcDbLine
 10
93.9283119999999911
 20
-94.6051789999999926
 30
0
 11
96.128311999999994
 21
-94.6051789999999926
 31
0
  0
LINE
  5
A3
330
1A
100
AcDbEntity
  8
F.Paste
  6
CONTINUOUS
100
AcDbLine
 10
96.128311999999994
 20
-94.6051789999999926
 30
0
 11
96.128311999999994
 21
-98.4051789999999897
 31
0
  0
LINE
  5
A4
330
1A
100
AcDbEntity
  8
F.Paste
  6
CONTINUOUS
100
AcDbLine
 10
98.6683120000000002
 20
-98.4051789999999897
 30
0
 11
96.4683119999999974
 21
-98.4051789999999897
 31
0
  0
LINE
  5
A5
330
1A
100
AcDbEntity
  8
F.Paste
  6
CONTINUOUS
100
AcDbLine
 10
96.4683119999999974
 20
-98.4051789999999897
 30
0
 11
96.4683119999999974
 21
-94.6051789999999926
 31
0
  0
LINE
  5
A6
330
1A
100
AcDbEntity
  8
F.Paste
  6
CONTINUOUS
100
AcDbLine
 10
96.4683119999999974
 20
-94.6051789999999926
 30
0
 11
98.6683120000000002
 21
-94.6051789999999926
 31
0
  0
LINE
  5
A7
330
1A
100
AcDbEntity
  8
F.Paste
  6
CONTINUOUS
100
AcDbLine
 10
98.6683120000000002
 20
-94.6051789999999926
 30
0
 11
98.6683120000000002
 21
-98.4051789999999897
 31
0
  0
LINE
  5
A8
330
1A
100
AcDbEntity
  8
F.Paste
  6
CONTINUOUS
100
AcDbLine
 10
101.2083119999999923
 20
-98.4051789999999897
 30
0
 11
99.0083119999999894
 21
-98.4051789999999897
 31
0
  0
LINE
  5
A9
330
1A
100
AcDbEntity
  8
F.Paste
  6
CONTINUOUS
100
AcDbLine
 10
99.0083119999999894
 20
-98.4051789999999897
 30
0
 11
99.0083119999999894
 21
-94.6051789999999926
 31
0
  0
LINE
  5
AA
330
1A
100
AcDbEntity
  8
F.Paste
  6
CONTINUOUS
100
AcDbLine
 10
99.0083119999999894
 20
-94.6051789999999926
 30
0
 11
101.2083119999999923
 21
-94.6051789999999926
 31
0
  0
LINE
  5
AB
330
1A
100
AcDbEntity
  8
F.Paste
  6
CONTINUOUS
100
AcDbLine
 10
101.2083119999999923
 20
-94.6051789999999926
 30
0
 11
101.2083119999999923
 21
-98.4051789999999897
 31
0
  0
LINE
  5
AC
330
1A
100
AcDbEntity
  8
F.Paste
  6
CONTINUOUS
100
AcDbLine
 10
103.7483119999999985
 20
-98.4051789999999897
 30
0
 11
101.5483119999999957
 21
-98.4051789999999897
 31
0
  0
LINE
  5
AD
330
1A
100
AcDbEntity
  8
F.Paste
  6
CONTINUOUS
100
AcDbLine
 10
101.5483119999999957
 20
-98.4051789999999897
 30
0
 11
101.5483119999999957
 21
-94.6051789999999926
 31
0
  0
LINE
  5
AE
330
1A
100
AcDbEntity
  8
F.Paste
  6
CONTINUOUS
100
AcDbLine
 10
101.5483119999999957
 20
-94.6051789999999926
 30
0
 11
103.7483119999999985
 21
-94.6051789999999926
 31
0
  0
LINE
  5
AF
330
1A
100
AcDbEntity
  8
F.Paste
  6
CONTINUOUS
100
AcDbLine
 10
103.7483119999999985
 20
-94.6051789999999926
 30
0
 11
103.7483119999999985
 21
-98.4051789999999897
 31
0
  0
LINE
  5
B0
330
1A
100
AcDbEntity
  8
F.Paste
  6
CONTINUOUS
100
AcDbLine
 10
106.2883119999999906
 20
-98.4051789999999897
 30
0
 11
104.0883120000000019
 21
-98.4051789999999897
 31
0
  0
LINE
  5
B1
330
1A
100
AcDbEntity
  8
F.Paste
  6
CONTINUOUS
100
AcDbLine
 10
104.0883120000000019
 20
-98.4051789999999897
 30
0
 11
104.0883120000000019
 21
-94.6051789999999926
 31
0
  0
LINE
  5
B2
330
1A
100
AcDbEntity
  8
F.Paste
  6
CONTINUOUS
100
AcDbLine
 10
104.0883120000000019
 20
-94.6051789999999926
 30
0
 11
106.2883119999999906
 21
-94.6051789999999926
 31
0
  0
LINE
  5
B3
330
1A
100
AcDbEntity
  8
F.Paste
  6
CONTINUOUS
100
AcDbLine
 10
106.2883119999999906
 20
-94.6051789999999926
 30
0
 11
106.2883119999999906
 21
-98.4051789999999897
 31
0
  0
LINE
  5
B4
330
1A
100
AcDbEntity
  8
F.Paste
  6
CONTINUOUS
100
AcDbLine
 10
108.8283119999999968
 20
-98.4051789999999897
 30
0
 11
106.628311999999994
 21
-98.4051789999999897
 31
0
  0
LINE
  5
B5
330
1A
100
AcDbEntity
  8
F.Paste
  6
CONTINUOUS
100
AcDbLine
 10
106.628311999999994
 20
-98.4051789999999897
 30
0
 11
106.628311999999994
 21
-94.6051789999999926
 31
0
  0
LINE
  5
B6
330
1A
100
AcDbEntity
  8
F.Paste
  6
CONTINUOUS
100
AcDbLine
 10
106.628311999999994
 20
-94.6051789999999926
 30
0
 11
108.8283119999999968
 21
-94.6051789999999926
 31
0
  0
LINE
  5
B7
330
1A
100
AcDbEntity
  8
F.Paste
  6
CONTINUOUS
100
AcDbLine
 10
108.8283119999999968
 20
-94.6051789999999926
 30
0
 11
108.8283119999999968
 21
-98.4051789999999897
 31
0
  0
LINE
  5
B8
330
1A
100
AcDbEntity
  8
F.Paste
  6
CONTINUOUS
100
AcDbLine
 10
140.7790709999999876
 20
-89.9032299999999935
 30
0
 11
140.8601769999999931
 21
-89.9574229999999915
 31
0
  0
LINE
  5
B9
330
1A
100
AcDbEntity
  8
F.Paste
  6
CONTINUOUS
100
AcDbLine
 10
140.8601769999999931
 20
-89.9574229999999915
 30
0
 11
140.914369999999991
 21
-90.0385289999999969
 31
0
  0
LINE
  5
BA
330
1A
100
AcDbEntity
  8
F.Paste
  6
CONTINUOUS
100
AcDbLine
 10
140.914369999999991
 20
-90.0385289999999969
 30
0
 11
140.933400000000006
 21
-90.1341999999999928
 31
0
  0
LINE
  5
BB
330
1A
100
AcDbEntity
  8
F.Paste
  6
CONTINUOUS
100
AcDbLine
 10
140.933400000000006
 20
-90.1341999999999928
 30
0
 11
140.933400000000006
 21
-90.6591999999999985
 31
0
  0
LINE
  5
BC
330
1A
100
AcDbEntity
  8
F.Paste
  6
CONTINUOUS
100
AcDbLine
 10
140.933400000000006
 20
-90.6591999999999985
 30
0
 11
140.914369999999991
 21
-90.7548709999999943
 31
0
  0
LINE
  5
BD
330
1A
100
AcDbEntity
  8
F.Paste
  6
CONTINUOUS
100
AcDbLine
 10
140.914369999999991
 20
-90.7548709999999943
 30
0
 11
140.8601769999999931
 21
-90.8359769999999997
 31
0
  0
LINE
  5
BE
330
1A
100
AcDbEntity
  8
F.Paste
  6
CONTINUOUS
100
AcDbLine
 10
140.8601769999999931
 20
-90.8359769999999997
 30
0
 11
140.7790709999999876
 21
-90.8901699999999977
 31
0
  0
LINE
  5
BF
330
1A
100
AcDbEntity
  8
F.Paste
  6
CONTINUOUS
100
AcDbLine
 10
140.7790709999999876
 20
-90.8901699999999977
 30
0
 11
140.683400000000006
 21
-90.9091999999999985
 31
0
  0
LINE
  5
C0
330
1A
100
AcDbEntity
  8
F.Paste
  6
CONTINUOUS
100
AcDbLine
 10
140.683400000000006
 20
-90.9091999999999985
 30
0
 11
139.7834000000000003
 21
-90.9091999999999985
 31
0
  0
LINE
  5
C1
330
1A
100
AcDbEntity
  8
F.Paste
  6
CONTINUOUS
100
AcDbLine
 10
139.7834000000000003
 20
-90.9091999999999985
 30
0
 11
139.6877289999999903
 21
-90.8901699999999977
 31
0
  0
LINE
  5
C2
330
1A
100
AcDbEntity
  8
F.Paste
  6
CONTINUOUS
100
AcDbLine
 10
139.6877289999999903
 20
-90.8901699999999977
 30
0
 11
139.6066229999999848
 21
-90.8359769999999997
 31
0
  0
LINE
  5
C3
330
1A
100
AcDbEntity
  8
F.Paste
  6
CONTINUOUS
100
AcDbLine
 10
139.6066229999999848
 20
-90.8359769999999997
 30
0
 11
139.5524299999999869
 21
-90.7548709999999943
 31
0
  0
LINE
  5
C4
330
1A
100
AcDbEntity
  8
F.Paste
  6
CONTINUOUS
100
AcDbLine
 10
139.5524299999999869
 20
-90.7548709999999943
 30
0
 11
139.5334000000000003
 21
-90.6591999999999985
 31
0
  0
LINE
  5
C5
330
1A
100
AcDbEntity
  8
F.Paste
  6
CONTINUOUS
100
AcDbLine
 10
139.5334000000000003
 20
-90.6591999999999985
 30
0
 11
139.5334000000000003
 21
-90.1341999999999928
 31
0
  0
LINE
  5
C6
330
1A
100
AcDbEntity
  8
F.Paste
  6
CONTINUOUS
100
AcDbLine
 10
139.5334000000000003
 20
-90.1341999999999928
 30
0
 11
139.5524299999999869
 21
-90.0385289999999969
 31
0
  0
LINE
  5
C7
330
1A
100
AcDbEntity
  8
F.Paste
  6
CONTINUOUS
100
AcDbLine
 10
139.5524299999999869
 20
-90.0385289999999969
 30
0
 11
139.6066229999999848
 21
-89.9574229999999915
 31
0
  0
LINE
  5
C8
330
1A
100
AcDbEntity
  8
F.Paste
  6
CONTINUOUS
100
AcDbLine
 10
139.6066229999999848
 20
-89.9574229999999915
 30
0
 11
139.6877289999999903
 21
-89.9032299999999935
 31
0
  0
LINE
  5
C9
330
1A
100
AcDbEntity
  8
F.Paste
  6
CONTINUOUS
100
AcDbLine
 10
139.6877289999999903
 20
-89.9032299999999935
 30
0
 11
139.7834000000000003
 21
-89.8841999999999928
 31
0
  0
LINE
  5
CA
330
1A
100
AcDbEntity
  8
F.Paste
  6
CONTINUOUS
100
AcDbLine
 10
139.7834000000000003
 20
-89.8841999999999928
 30
0
 11
140.683400000000006
 21
-89.8841999999999928
 31
0
  0
LINE
  5
CB
330
1A
100
AcDbEntity
  8
F.Paste
  6
CONTINUOUS
100
AcDbLine
 10
140.683400000000006
 20
-89.8841999999999928
 30
0
 11
140.7790709999999876
 21
-89.9032299999999935
 31
0
  0
LINE
  5
CC
330
1A
100
AcDbEntity
  8
F.Paste
  6
CONTINUOUS
100
AcDbLine
 10
112.2294709999999895
 20
-88.4808299999999974
 30
0
 11
112.310576999999995
 21
-88.5350229999999954
 31
0
  0
LINE
  5
CD
330
1A
100
AcDbEntity
  8
F.Paste
  6
CONTINUOUS
100
AcDbLine
 10
112.310576999999995
 20
-88.5350229999999954
 30
0
 11
112.3647699999999929
 21
-88.6161290000000008
 31
0
  0
LINE
  5
CE
330
1A
100
AcDbEntity
  8
F.Paste
  6
CONTINUOUS
100
AcDbLine
 10
112.3647699999999929
 20
-88.6161290000000008
 30
0
 11
112.3837999999999937
 21
-88.7117999999999967
 31
0
  0
LINE
  5
CF
330
1A
100
AcDbEntity
  8
F.Paste
  6
CONTINUOUS
100
AcDbLine
 10
112.3837999999999937
 20
-88.7117999999999967
 30
0
 11
112.3837999999999937
 21
-89.2368000000000023
 31
0
  0
LINE
  5
D0
330
1A
100
AcDbEntity
  8
F.Paste
  6
CONTINUOUS
100
AcDbLine
 10
112.3837999999999937
 20
-89.2368000000000023
 30
0
 11
112.3647699999999929
 21
-89.3324709999999982
 31
0
  0
LINE
  5
D1
330
1A
100
AcDbEntity
  8
F.Paste
  6
CONTINUOUS
100
AcDbLine
 10
112.3647699999999929
 20
-89.3324709999999982
 30
0
 11
112.310576999999995
 21
-89.4135769999999894
 31
0
  0
LINE
  5
D2
330
1A
100
AcDbEntity
  8
F.Paste
  6
CONTINUOUS
100
AcDbLine
 10
112.310576999999995
 20
-89.4135769999999894
 30
0
 11
112.2294709999999895
 21
-89.4677700000000016
 31
0
  0
LINE
  5
D3
330
1A
100
AcDbEntity
  8
F.Paste
  6
CONTINUOUS
100
AcDbLine
 10
112.2294709999999895
 20
-89.4677700000000016
 30
0
 11
112.1337999999999937
 21
-89.4868000000000023
 31
0
  0
LINE
  5
D4
330
1A
100
AcDbEntity
  8
F.Paste
  6
CONTINUOUS
100
AcDbLine
 10
112.1337999999999937
 20
-89.4868000000000023
 30
0
 11
111.233799999999988
 21
-89.4868000000000023
 31
0
  0
LINE
  5
D5
330
1A
100
AcDbEntity
  8
F.Paste
  6
CONTINUOUS
100
AcDbLine
 10
111.233799999999988
 20
-89.4868000000000023
 30
0
 11
111.1381289999999922
 21
-89.4677700000000016
 31
0
  0
LINE
  5
D6
330
1A
100
AcDbEntity
  8
F.Paste
  6
CONTINUOUS
100
AcDbLine
 10
111.1381289999999922
 20
-89.4677700000000016
 30
0
 11
111.0570230000000009
 21
-89.4135769999999894
 31
0
  0
LINE
  5
D7
330
1A
100
AcDbEntity
  8
F.Paste
  6
CONTINUOUS
100
AcDbLine
 10
111.0570230000000009
 20
-89.4135769999999894
 30
0
 11
111.0028299999999888
 21
-89.3324709999999982
 31
0
  0
LINE
  5
D8
330
1A
100
AcDbEntity
  8
F.Paste
  6
CONTINUOUS
100
AcDbLine
 10
111.0028299999999888
 20
-89.3324709999999982
 30
0
 11
110.983799999999988
 21
-89.2368000000000023
 31
0
  0
LINE
  5
D9
330
1A
100
AcDbEntity
  8
F.Paste
  6
CONTINUOUS
100
AcDbLine
 10
110.983799999999988
 20
-89.2368000000000023
 30
0
 11
110.983799999999988
 21
-88.7117999999999967
 31
0
  0
LINE
  5
DA
330
1A
100
AcDbEntity
  8
F.Paste
  6
CONTINUOUS
100
AcDbLine
 10
110.983799999999988
 20
-88.7117999999999967
 30
0
 11
111.0028299999999888
 21
-88.6161290000000008
 31
0
  0
LINE
  5
DB
330
1A
100
AcDbEntity
  8
F.Paste
  6
CONTINUOUS
100
AcDbLine
 10
111.0028299999999888
 20
-88.6161290000000008
 30
0
 11
111.0570230000000009
 21
-88.5350229999999954
 31
0
  0
LINE
  5
DC
330
1A
100
AcDbEntity
  8
F.Paste
  6
CONTINUOUS
100
AcDbLine
 10
111.0570230000000009
 20
-88.5350229999999954
 30
0
 11
111.1381289999999922
 21
-88.4808299999999974
 31
0
  0
LINE
  5
DD
330
1A
100
AcDbEntity
  8
F.Paste
  6
CONTINUOUS
100
AcDbLine
 10
111.1381289999999922
 20
-88.4808299999999974
 30
0
 11
111.233799999999988
 21
-88.4617999999999967
 31
0
  0
LINE
  5
DE
330
1A
100
AcDbEntity
  8
F.Paste
  6
CONTINUOUS
100
AcDbLine
 10
111.233799999999988
 20
-88.4617999999999967
 30
0
 11
112.1337999999999937
 21
-88.4617999999999967
 31
0
  0
LINE
  5
DF
330
1A
100
AcDbEntity
  8
F.Paste
  6
CONTINUOUS
100
AcDbLine
 10
112.1337999999999937
 20
-88.4617999999999967
 30
0
 11
112.2294709999999895
 21
-88.4808299999999974
 31
0
  0
LINE
  5
E0
330
1A
100
AcDbEntity
  8
F.Paste
  6
CONTINUOUS
100
AcDbLine
 10
140.7790709999999876
 20
-88.0782299999999907
 30
0
 11
140.8601769999999931
 21
-88.1324230000000028
 31
0
  0
LINE
  5
E1
330
1A
100
AcDbEntity
  8
F.Paste
  6
CONTINUOUS
100
AcDbLine
 10
140.8601769999999931
 20
-88.1324230000000028
 30
0
 11
140.914369999999991
 21
-88.2135289999999941
 31
0
  0
LINE
  5
E2
330
1A
100
AcDbEntity
  8
F.Paste
  6
CONTINUOUS
100
AcDbLine
 10
140.914369999999991
 20
-88.2135289999999941
 30
0
 11
140.933400000000006
 21
-88.3091999999999899
 31
0
  0
LINE
  5
E3
330
1A
100
AcDbEntity
  8
F.Paste
  6
CONTINUOUS
100
AcDbLine
 10
140.933400000000006
 20
-88.3091999999999899
 30
0
 11
140.933400000000006
 21
-88.8341999999999956
 31
0
  0
LINE
  5
E4
330
1A
100
AcDbEntity
  8
F.Paste
  6
CONTINUOUS
100
AcDbLine
 10
140.933400000000006
 20
-88.8341999999999956
 30
0
 11
140.914369999999991
 21
-88.9298709999999915
 31
0
  0
LINE
  5
E5
330
1A
100
AcDbEntity
  8
F.Paste
  6
CONTINUOUS
100
AcDbLine
 10
140.914369999999991
 20
-88.9298709999999915
 30
0
 11
140.8601769999999931
 21
-89.0109769999999969
 31
0
  0
LINE
  5
E6
330
1A
100
AcDbEntity
  8
F.Paste
  6
CONTINUOUS
100
AcDbLine
 10
140.8601769999999931
 20
-89.0109769999999969
 30
0
 11
140.7790709999999876
 21
-89.0651699999999948
 31
0
  0
LINE
  5
E7
330
1A
100
AcDbEntity
  8
F.Paste
  6
CONTINUOUS
100
AcDbLine
 10
140.7790709999999876
 20
-89.0651699999999948
 30
0
 11
140.683400000000006
 21
-89.0841999999999956
 31
0
  0
LINE
  5
E8
330
1A
100
AcDbEntity
  8
F.Paste
  6
CONTINUOUS
100
AcDbLine
 10
140.683400000000006
 20
-89.0841999999999956
 30
0
 11
139.7834000000000003
 21
-89.0841999999999956
 31
0
  0
LINE
  5
E9
330
1A
100
AcDbEntity
  8
F.Paste
  6
CONTINUOUS
100
AcDbLine
 10
139.7834000000000003
 20
-89.0841999999999956
 30
0
 11
139.6877289999999903
 21
-89.0651699999999948
 31
0
  0
LINE
  5
EA
330
1A
100
AcDbEntity
  8
F.Paste
  6
CONTINUOUS
100
AcDbLine
 10
139.6877289999999903
 20
-89.0651699999999948
 30
0
 11
139.6066229999999848
 21
-89.0109769999999969
 31
0
  0
LINE
  5
EB
330
1A
100
AcDbEntity
  8
F.Paste
  6
CONTINUOUS
100
AcDbLine
 10
139.6066229999999848
 20
-89.0109769999999969
 30
0
 11
139.5524299999999869
 21
-88.9298709999999915
 31
0
  0
LINE
  5
EC
330
1A
100
AcDbEntity
  8
F.Paste
  6
CONTINUOUS
100
AcDbLine
 10
139.5524299999999869
 20
-88.9298709999999915
 30
0
 11
139.5334000000000003
 21
-88.8341999999999956
 31
0
  0
LINE
  5
ED
330
1A
100
AcDbEntity
  8
F.Paste
  6
CONTINUOUS
100
AcDbLine
 10
139.5334000000000003
 20
-88.8341999999999956
 30
0
 11
139.5334000000000003
 21
-88.3091999999999899
 31
0
  0
LINE
  5
EE
330
1A
100
AcDbEntity
  8
F.Paste
  6
CONTINUOUS
100
AcDbLine
 10
139.5334000000000003
 20
-88.3091999999999899
 30
0
 11
139.5524299999999869
 21
-88.2135289999999941
 31
0
  0
LINE
  5
EF
330
1A
100
AcDbEntity
  8
F.Paste
  6
CONTINUOUS
100
AcDbLine
 10
139.5524299999999869
 20
-88.2135289999999941
 30
0
 11
139.6066229999999848
 21
-88.1324230000000028
 31
0
  0
LINE
  5
F0
330
1A
100
AcDbEntity
  8
F.Paste
  6
CONTINUOUS
100
AcDbLine
 10
139.6066229999999848
 20
-88.1324230000000028
 30
0
 11
139.6877289999999903
 21
-88.0782299999999907
 31
0
  0
LINE
  5
F1
330
1A
100
AcDbEntity
  8
F.Paste
  6
CONTINUOUS
100
AcDbLine
 10
139.6877289999999903
 20
-88.0782299999999907
 30
0
 11
139.7834000000000003
 21
-88.0591999999999899
 31
0
  0
LINE
  5
F2
330
1A
100
AcDbEntity
  8
F.Paste
  6
CONTINUOUS
100
AcDbLine
 10
139.7834000000000003
 20
-88.0591999999999899
 30
0
 11
140.683400000000006
 21
-88.0591999999999899
 31
0
  0
LINE
  5
F3
330
1A
100
AcDbEntity
  8
F.Paste
  6
CONTINUOUS
100
AcDbLine
 10
140.683400000000006
 20
-88.0591999999999899
 30
0
 11
140.7790709999999876
 21
-88.0782299999999907
 31
0
  0
LINE
  5
F4
330
1A
100
AcDbEntity
  8
F.Paste
  6
CONTINUOUS
100
AcDbLine
 10
112.2294709999999895
 20
-86.6558299999999946
 30
0
 11
112.310576999999995
 21
-86.7100229999999925
 31
0
  0
LINE
  5
F5
330
1A
100
AcDbEntity
  8
F.Paste
  6
CONTINUOUS
100
AcDbLine
 10
112.310576999999995
 20
-86.7100229999999925
 30
0
 11
112.3647699999999929
 21
-86.791128999999998
 31
0
  0
LINE
  5
F6
330
1A
100
AcDbEntity
  8
F.Paste
  6
CONTINUOUS
100
AcDbLine
 10
112.3647699999999929
 20
-86.791128999999998
 30
0
 11
112.3837999999999937
 21
-86.8867999999999938
 31
0
  0
LINE
  5
F7
330
1A
100
AcDbEntity
  8
F.Paste
  6
CONTINUOUS
100
AcDbLine
 10
112.3837999999999937
 20
-86.8867999999999938
 30
0
 11
112.3837999999999937
 21
-87.4117999999999995
 31
0
  0
LINE
  5
F8
330
1A
100
AcDbEntity
  8
F.Paste
  6
CONTINUOUS
100
AcDbLine
 10
112.3837999999999937
 20
-87.4117999999999995
 30
0
 11
112.3647699999999929
 21
-87.5074709999999953
 31
0
  0
LINE
  5
F9
330
1A
100
AcDbEntity
  8
F.Paste
  6
CONTINUOUS
100
AcDbLine
 10
112.3647699999999929
 20
-87.5074709999999953
 30
0
 11
112.310576999999995
 21
-87.5885770000000008
 31
0
  0
LINE
  5
FA
330
1A
100
AcDbEntity
  8
F.Paste
  6
CONTINUOUS
100
AcDbLine
 10
112.310576999999995
 20
-87.5885770000000008
 30
0
 11
112.2294709999999895
 21
-87.6427699999999987
 31
0
  0
LINE
  5
FB
330
1A
100
AcDbEntity
  8
F.Paste
  6
CONTINUOUS
100
AcDbLine
 10
112.2294709999999895
 20
-87.6427699999999987
 30
0
 11
112.1337999999999937
 21
-87.6617999999999995
 31
0
  0
LINE
  5
FC
330
1A
100
AcDbEntity
  8
F.Paste
  6
CONTINUOUS
100
AcDbLine
 10
112.1337999999999937
 20
-87.6617999999999995
 30
0
 11
111.233799999999988
 21
-87.6617999999999995
 31
0
  0
LINE
  5
FD
330
1A
100
AcDbEntity
  8
F.Paste
  6
CONTINUOUS
100
AcDbLine
 10
111.233799999999988
 20
-87.6617999999999995
 30
0
 11
111.1381289999999922
 21
-87.6427699999999987
 31
0
  0
LINE
  5
FE
330
1A
100
AcDbEntity
  8
F.Paste
  6
CONTINUOUS
100
AcDbLine
 10
111.1381289999999922
 20
-87.6427699999999987
 30
0
 11
111.0570230000000009
 21
-87.5885770000000008
 31
0
  0
LINE
  5
FF
330
1A
100
AcDbEntity
  8
F.Paste
  6
CONTINUOUS
100
AcDbLine
 10
111.0570230000000009
 20
-87.5885770000000008
 30
0
 11
111.0028299999999888
 21
-87.5074709999999953
 31
0
  0
LINE
  5
100
330
1A
100
AcDbEntity
  8
F.Paste
  6
CONTINUOUS
100
AcDbLine
 10
111.0028299999999888
 20
-87.5074709999999953
 30
0
 11
110.983799999999988
 21
-87.4117999999999995
 31
0
  0
LINE
  5
101
330
1A
100
AcDbEntity
  8
F.Paste
  6
CONTINUOUS
100
AcDbLine
 10
110.983799999999988
 20
-87.4117999999999995
 30
0
 11
110.983799999999988
 21
-86.8867999999999938
 31
0
  0
LINE
  5
102
330
1A
100
AcDbEntity
  8
F.Paste
  6
CONTINUOUS
100
AcDbLine
 10
110.983799999999988
 20
-86.8867999999999938
 30
0
 11
111.0028299999999888
 21
-86.791128999999998
 31
0
  0
LINE
  5
103
330
1A
100
AcDbEntity
  8
F.Paste
  6
CONTINUOUS
100
AcDbLine
 10
111.0028299999999888
 20
-86.791128999999998
 30
0
 11
111.0570230000000009
 21
-86.7100229999999925
 31
0
  0
LINE
  5
104
330
1A
100
AcDbEntity
  8
F.Paste
  6
CONTINUOUS
100
AcDbLine
 10
111.0570230000000009
 20
-86.7100229999999925
 30
0
 11
111.1381289999999922
 21
-86.6558299999999946
 31
0
  0
LINE
  5
105
330
1A
100
AcDbEntity
  8
F.Paste
  6
CONTINUOUS
100
AcDbLine
 10
111.1381289999999922
 20
-86.6558299999999946
 30
0
 11
111.233799999999988
 21
-86.6367999999999938
 31
0
  0
LINE
  5
106
330
1A
100
AcDbEntity
  8
F.Paste
  6
CONTINUOUS
100
AcDbLine
 10
111.233799999999988
 20
-86.6367999999999938
 30
0
 11
112.1337999999999937
 21
-86.6367999999999938
 31
0
  0
LINE
  5
107
330
1A
100
AcDbEntity
  8
F.Paste
  6
CONTINUOUS
100
AcDbLine
 10
112.1337999999999937
 20
-86.6367999999999938
 30
0
 11
112.2294709999999895
 21
-86.6558299999999946
 31
0
  0
LINE
  5
108
330
1A
100
AcDbEntity
  8
F.Paste
  6
CONTINUOUS
100
AcDbLine
 10
120.5066709999999972
 20
-85.3740299999999905
 30
0
 11
120.5877769999999884
 21
-85.4282230000000027
 31
0
  0
LINE
  5
109
330
1A
100
AcDbEntity
  8
F.Paste
  6
CONTINUOUS
100
AcDbLine
 10
120.5877769999999884
 20
-85.4282230000000027
 30
0
 11
120.6419700000000006
 21
-85.5093289999999939
 31
0
  0
LINE
  5
10A
330
1A
100
AcDbEntity
  8
F.Paste
  6
CONTINUOUS
100
AcDbLine
 10
120.6419700000000006
 20
-85.5093289999999939
 30
0
 11
120.6610000000000014
 21
-85.6049999999999898
 31
0
  0
LINE
  5
10B
330
1A
100
AcDbEntity
  8
F.Paste
  6
CONTINUOUS
100
AcDbLine
 10
120.6610000000000014
 20
-85.6049999999999898
 30
0
 11
120.6610000000000014
 21
-86.2549999999999955
 31
0
  0
LINE
  5
10C
330
1A
100
AcDbEntity
  8
F.Paste
  6
CONTINUOUS
100
AcDbLine
 10
120.6610000000000014
 20
-86.2549999999999955
 30
0
 11
120.6419700000000006
 21
-86.3506709999999913
 31
0
  0
LINE
  5
10D
330
1A
100
AcDbEntity
  8
F.Paste
  6
CONTINUOUS
100
AcDbLine
 10
120.6419700000000006
 20
-86.3506709999999913
 30
0
 11
120.5877769999999884
 21
-86.4317769999999967
 31
0
  0
LINE
  5
10E
330
1A
100
AcDbEntity
  8
F.Paste
  6
CONTINUOUS
100
AcDbLine
 10
120.5877769999999884
 20
-86.4317769999999967
 30
0
 11
120.5066709999999972
 21
-86.4859699999999947
 31
0
  0
LINE
  5
10F
330
1A
100
AcDbEntity
  8
F.Paste
  6
CONTINUOUS
100
AcDbLine
 10
120.5066709999999972
 20
-86.4859699999999947
 30
0
 11
120.4110000000000014
 21
-86.5049999999999955
 31
0
  0
LINE
  5
110
330
1A
100
AcDbEntity
  8
F.Paste
  6
CONTINUOUS
100
AcDbLine
 10
120.4110000000000014
 20
-86.5049999999999955
 30
0
 11
119.11099999999999
 21
-86.5049999999999955
 31
0
  0
LINE
  5
111
330
1A
100
AcDbEntity
  8
F.Paste
  6
CONTINUOUS
100
AcDbLine
 10
119.11099999999999
 20
-86.5049999999999955
 30
0
 11
119.0153289999999942
 21
-86.4859699999999947
 31
0
  0
LINE
  5
112
330
1A
100
AcDbEntity
  8
F.Paste
  6
CONTINUOUS
100
AcDbLine
 10
119.0153289999999942
 20
-86.4859699999999947
 30
0
 11
118.9342229999999887
 21
-86.4317769999999967
 31
0
  0
LINE
  5
113
330
1A
100
AcDbEntity
  8
F.Paste
  6
CONTINUOUS
100
AcDbLine
 10
118.9342229999999887
 20
-86.4317769999999967
 30
0
 11
118.8800299999999908
 21
-86.3506709999999913
 31
0
  0
LINE
  5
114
330
1A
100
AcDbEntity
  8
F.Paste
  6
CONTINUOUS
100
AcDbLine
 10
118.8800299999999908
 20
-86.3506709999999913
 30
0
 11
118.86099999999999
 21
-86.2549999999999955
 31
0
  0
LINE
  5
115
330
1A
100
AcDbEntity
  8
F.Paste
  6
CONTINUOUS
100
AcDbLine
 10
118.86099999999999
 20
-86.2549999999999955
 30
0
 11
118.86099999999999
 21
-85.6049999999999898
 31
0
  0
LINE
  5
116
330
1A
100
AcDbEntity
  8
F.Paste
  6
CONTINUOUS
100
AcDbLine
 10
118.86099999999999
 20
-85.6049999999999898
 30
0
 11
118.8800299999999908
 21
-85.5093289999999939
 31
0
  0
LINE
  5
117
330
1A
100
AcDbEntity
  8
F.Paste
  6
CONTINUOUS
100
AcDbLine
 10
118.8800299999999908
 20
-85.5093289999999939
 30
0
 11
118.9342229999999887
 21
-85.4282230000000027
 31
0
  0
LINE
  5
118
330
1A
100
AcDbEntity
  8
F.Paste
  6
CONTINUOUS
100
AcDbLine
 10
118.9342229999999887
 20
-85.4282230000000027
 30
0
 11
119.0153289999999942
 21
-85.3740299999999905
 31
0
  0
LINE
  5
119
330
1A
100
AcDbEntity
  8
F.Paste
  6
CONTINUOUS
100
AcDbLine
 10
119.0153289999999942
 20
-85.3740299999999905
 30
0
 11
119.11099999999999
 21
-85.3549999999999898
 31
0
  0
LINE
  5
11A
330
1A
100
AcDbEntity
  8
F.Paste
  6
CONTINUOUS
100
AcDbLine
 10
119.11099999999999
 20
-85.3549999999999898
 30
0
 11
120.4110000000000014
 21
-85.3549999999999898
 31
0
  0
LINE
  5
11B
330
1A
100
AcDbEntity
  8
F.Paste
  6
CONTINUOUS
100
AcDbLine
 10
120.4110000000000014
 20
-85.3549999999999898
 30
0
 11
120.5066709999999972
 21
-85.3740299999999905
 31
0
  0
LINE
  5
11C
330
1A
100
AcDbEntity
  8
F.Paste
  6
CONTINUOUS
100
AcDbLine
 10
122.2561039999999934
 20
-85.3051269999999988
 30
0
 11
122.3290989999999994
 21
-85.3539009999999934
 31
0
  0
LINE
  5
11D
330
1A
100
AcDbEntity
  8
F.Paste
  6
CONTINUOUS
100
AcDbLine
 10
122.3290989999999994
 20
-85.3539009999999934
 30
0
 11
122.3778729999999939
 21
-85.4268959999999993
 31
0
  0
LINE
  5
11E
330
1A
100
AcDbEntity
  8
F.Paste
  6
CONTINUOUS
100
AcDbLine
 10
122.3778729999999939
 20
-85.4268959999999993
 30
0
 11
122.394999999999996
 21
-85.512999999999991
 31
0
  0
LINE
  5
11F
330
1A
100
AcDbEntity
  8
F.Paste
  6
CONTINUOUS
100
AcDbLine
 10
122.394999999999996
 20
-85.512999999999991
 30
0
 11
122.394999999999996
 21
-85.9629999999999939
 31
0
  0
LINE
  5
120
330
1A
100
AcDbEntity
  8
F.Paste
  6
CONTINUOUS
100
AcDbLine
 10
122.394999999999996
 20
-85.9629999999999939
 30
0
 11
122.3778729999999939
 21
-86.0491039999999998
 31
0
  0
LINE
  5
121
330
1A
100
AcDbEntity
  8
F.Paste
  6
CONTINUOUS
100
AcDbLine
 10
122.3778729999999939
 20
-86.0491039999999998
 30
0
 11
122.3290989999999994
 21
-86.1220989999999915
 31
0
  0
LINE
  5
122
330
1A
100
AcDbEntity
  8
F.Paste
  6
CONTINUOUS
100
AcDbLine
 10
122.3290989999999994
 20
-86.1220989999999915
 30
0
 11
122.2561039999999934
 21
-86.1708730000000003
 31
0
  0
LINE
  5
123
330
1A
100
AcDbEntity
  8
F.Paste
  6
CONTINUOUS
100
AcDbLine
 10
122.2561039999999934
 20
-86.1708730000000003
 30
0
 11
122.1699999999999875
 21
-86.1880000000000024
 31
0
  0
LINE
  5
124
330
1A
100
AcDbEntity
  8
F.Paste
  6
CONTINUOUS
100
AcDbLine
 10
122.1699999999999875
 20
-86.1880000000000024
 30
0
 11
121.6699999999999875
 21
-86.1880000000000024
 31
0
  0
LINE
  5
125
330
1A
100
AcDbEntity
  8
F.Paste
  6
CONTINUOUS
100
AcDbLine
 10
121.6699999999999875
 20
-86.1880000000000024
 30
0
 11
121.5838959999999958
 21
-86.1708730000000003
 31
0
  0
LINE
  5
126
330
1A
100
AcDbEntity
  8
F.Paste
  6
CONTINUOUS
100
AcDbLine
 10
121.5838959999999958
 20
-86.1708730000000003
 30
0
 11
121.5109009999999898
 21
-86.1220989999999915
 31
0
  0
LINE
  5
127
330
1A
100
AcDbEntity
  8
F.Paste
  6
CONTINUOUS
100
AcDbLine
 10
121.5109009999999898
 20
-86.1220989999999915
 30
0
 11
121.4621269999999953
 21
-86.0491039999999998
 31
0
  0
LINE
  5
128
330
1A
100
AcDbEntity
  8
F.Paste
  6
CONTINUOUS
100
AcDbLine
 10
121.4621269999999953
 20
-86.0491039999999998
 30
0
 11
121.4449999999999932
 21
-85.9629999999999939
 31
0
  0
LINE
  5
129
330
1A
100
AcDbEntity
  8
F.Paste
  6
CONTINUOUS
100
AcDbLine
 10
121.4449999999999932
 20
-85.9629999999999939
 30
0
 11
121.4449999999999932
 21
-85.512999999999991
 31
0
  0
LINE
  5
12A
330
1A
100
AcDbEntity
  8
F.Paste
  6
CONTINUOUS
100
AcDbLine
 10
121.4449999999999932
 20
-85.512999999999991
 30
0
 11
121.4621269999999953
 21
-85.4268959999999993
 31
0
  0
LINE
  5
12B
330
1A
100
AcDbEntity
  8
F.Paste
  6
CONTINUOUS
100
AcDbLine
 10
121.4621269999999953
 20
-85.4268959999999993
 30
0
 11
121.5109009999999898
 21
-85.3539009999999934
 31
0
  0
LINE
  5
12C
330
1A
100
AcDbEntity
  8
F.Paste
  6
CONTINUOUS
100
AcDbLine
 10
121.5109009999999898
 20
-85.3539009999999934
 30
0
 11
121.5838959999999958
 21
-85.3051269999999988
 31
0
  0
LINE
  5
12D
330
1A
100
AcDbEntity
  8
F.Paste
  6
CONTINUOUS
100
AcDbLine
 10
121.5838959999999958
 20
-85.3051269999999988
 30
0
 11
121.6699999999999875
 21
-85.2879999999999967
 31
0
  0
LINE
  5
12E
330
1A
100
AcDbEntity
  8
F.Paste
  6
CONTINUOUS
100
AcDbLine
 10
121.6699999999999875
 20
-85.2879999999999967
 30
0
 11
122.1699999999999875
 21
-85.2879999999999967
 31
0
  0
LINE
  5
12F
330
1A
100
AcDbEntity
  8
F.Paste
  6
CONTINUOUS
100
AcDbLine
 10
122.1699999999999875
 20
-85.2879999999999967
 30
0
 11
122.2561039999999934
 21
-85.3051269999999988
 31
0
  0
LINE
  5
130
330
1A
100
AcDbEntity
  8
F.Paste
  6
CONTINUOUS
100
AcDbLine
 10
124.063999999999993
 20
-86.1779999999999973
 30
0
 11
123.4639999999999986
 21
-86.1779999999999973
 31
0
  0
LINE
  5
131
330
1A
100
AcDbEntity
  8
F.Paste
  6
CONTINUOUS
100
AcDbLine
 10
123.4639999999999986
 20
-86.1779999999999973
 30
0
 11
123.4639999999999986
 21
-84.9779999999999944
 31
0
  0
LINE
  5
132
330
1A
100
AcDbEntity
  8
F.Paste
  6
CONTINUOUS
100
AcDbLine
 10
123.4639999999999986
 20
-84.9779999999999944
 30
0
 11
124.063999999999993
 21
-84.9779999999999944
 31
0
  0
LINE
  5
133
330
1A
100
AcDbEntity
  8
F.Paste
  6
CONTINUOUS
100
AcDbLine
 10
124.063999999999993
 20
-84.9779999999999944
 30
0
 11
124.063999999999993
 21
-86.1779999999999973
 31
0
  0
LINE
  5
134
330
1A
100
AcDbEntity
  8
F.Paste
  6
CONTINUOUS
100
AcDbLine
 10
125.0139999999999958
 20
-86.1779999999999973
 30
0
 11
124.4139999999999873
 21
-86.1779999999999973
 31
0
  0
LINE
  5
135
330
1A
100
AcDbEntity
  8
F.Paste
  6
CONTINUOUS
100
AcDbLine
 10
124.4139999999999873
 20
-86.1779999999999973
 30
0
 11
124.4139999999999873
 21
-84.9779999999999944
 31
0
  0
LINE
  5
136
330
1A
100
AcDbEntity
  8
F.Paste
  6
CONTINUOUS
100
AcDbLine
 10
124.4139999999999873
 20
-84.9779999999999944
 30
0
 11
125.0139999999999958
 21
-84.9779999999999944
 31
0
  0
LINE
  5
137
330
1A
100
AcDbEntity
  8
F.Paste
  6
CONTINUOUS
100
AcDbLine
 10
125.0139999999999958
 20
-84.9779999999999944
 30
0
 11
125.0139999999999958
 21
-86.1779999999999973
 31
0
  0
LINE
  5
138
330
1A
100
AcDbEntity
  8
F.Paste
  6
CONTINUOUS
100
AcDbLine
 10
125.9639999999999986
 20
-86.1779999999999973
 30
0
 11
125.3639999999999901
 21
-86.1779999999999973
 31
0
  0
LINE
  5
139
330
1A
100
AcDbEntity
  8
F.Paste
  6
CONTINUOUS
100
AcDbLine
 10
125.3639999999999901
 20
-86.1779999999999973
 30
0
 11
125.3639999999999901
 21
-84.9779999999999944
 31
0
  0
LINE
  5
13A
330
1A
100
AcDbEntity
  8
F.Paste
  6
CONTINUOUS
100
AcDbLine
 10
125.3639999999999901
 20
-84.9779999999999944
 30
0
 11
125.9639999999999986
 21
-84.9779999999999944
 31
0
  0
LINE
  5
13B
330
1A
100
AcDbEntity
  8
F.Paste
  6
CONTINUOUS
100
AcDbLine
 10
125.9639999999999986
 20
-84.9779999999999944
 30
0
 11
125.9639999999999986
 21
-86.1779999999999973
 31
0
  0
LINE
  5
13C
330
1A
100
AcDbEntity
  8
F.Paste
  6
CONTINUOUS
100
AcDbLine
 10
127.9711039999999969
 20
-84.0351270000000028
 30
0
 11
128.0440989999999886
 21
-84.0839009999999973
 31
0
  0
LINE
  5
13D
330
1A
100
AcDbEntity
  8
F.Paste
  6
CONTINUOUS
100
AcDbLine
 10
128.0440989999999886
 20
-84.0839009999999973
 30
0
 11
128.0928729999999973
 21
-84.1568960000000033
 31
0
  0
LINE
  5
13E
330
1A
100
AcDbEntity
  8
F.Paste
  6
CONTINUOUS
100
AcDbLine
 10
128.0928729999999973
 20
-84.1568960000000033
 30
0
 11
128.1099999999999852
 21
-84.242999999999995
 31
0
  0
LINE
  5
13F
330
1A
100
AcDbEntity
  8
F.Paste
  6
CONTINUOUS
100
AcDbLine
 10
128.1099999999999852
 20
-84.242999999999995
 30
0
 11
128.1099999999999852
 21
-84.6929999999999978
 31
0
  0
LINE
  5
140
330
1A
100
AcDbEntity
  8
F.Paste
  6
CONTINUOUS
100
AcDbLine
 10
128.1099999999999852
 20
-84.6929999999999978
 30
0
 11
128.0928729999999973
 21
-84.7791039999999896
 31
0
  0
LINE
  5
141
330
1A
100
AcDbEntity
  8
F.Paste
  6
CONTINUOUS
100
AcDbLine
 10
128.0928729999999973
 20
-84.7791039999999896
 30
0
 11
128.0440989999999886
 21
-84.8520989999999955
 31
0
  0
LINE
  5
142
330
1A
100
AcDbEntity
  8
F.Paste
  6
CONTINUOUS
100
AcDbLine
 10
128.0440989999999886
 20
-84.8520989999999955
 30
0
 11
127.9711039999999969
 21
-84.90087299999999
 31
0
  0
LINE
  5
143
330
1A
100
AcDbEntity
  8
F.Paste
  6
CONTINUOUS
100
AcDbLine
 10
127.9711039999999969
 20
-84.90087299999999
 30
0
 11
127.8849999999999909
 21
-84.9179999999999922
 31
0
  0
LINE
  5
144
330
1A
100
AcDbEntity
  8
F.Paste
  6
CONTINUOUS
100
AcDbLine
 10
127.8849999999999909
 20
-84.9179999999999922
 30
0
 11
127.3849999999999909
 21
-84.9179999999999922
 31
0
  0
LINE
  5
145
330
1A
100
AcDbEntity
  8
F.Paste
  6
CONTINUOUS
100
AcDbLine
 10
127.3849999999999909
 20
-84.9179999999999922
 30
0
 11
127.2988959999999992
 21
-84.90087299999999
 31
0
  0
LINE
  5
146
330
1A
100
AcDbEntity
  8
F.Paste
  6
CONTINUOUS
100
AcDbLine
 10
127.2988959999999992
 20
-84.90087299999999
 30
0
 11
127.2259009999999932
 21
-84.8520989999999955
 31
0
  0
LINE
  5
147
330
1A
100
AcDbEntity
  8
F.Paste
  6
CONTINUOUS
100
AcDbLine
 10
127.2259009999999932
 20
-84.8520989999999955
 30
0
 11
127.1771269999999987
 21
-84.7791039999999896
 31
0
  0
LINE
  5
148
330
1A
100
AcDbEntity
  8
F.Paste
  6
CONTINUOUS
100
AcDbLine
 10
127.1771269999999987
 20
-84.7791039999999896
 30
0
 11
127.1599999999999966
 21
-84.6929999999999978
 31
0
  0
LINE
  5
149
330
1A
100
AcDbEntity
  8
F.Paste
  6
CONTINUOUS
100
AcDbLine
 10
127.1599999999999966
 20
-84.6929999999999978
 30
0
 11
127.1599999999999966
 21
-84.242999999999995
 31
0
  0
LINE
  5
14A
330
1A
100
AcDbEntity
  8
F.Paste
  6
CONTINUOUS
100
AcDbLine
 10
127.1599999999999966
 20
-84.242999999999995
 30
0
 11
127.1771269999999987
 21
-84.1568960000000033
 31
0
  0
LINE
  5
14B
330
1A
100
AcDbEntity
  8
F.Paste
  6
CONTINUOUS
100
AcDbLine
 10
127.1771269999999987
 20
-84.1568960000000033
 30
0
 11
127.2259009999999932
 21
-84.0839009999999973
 31
0
  0
LINE
  5
14C
330
1A
100
AcDbEntity
  8
F.Paste
  6
CONTINUOUS
100
AcDbLine
 10
127.2259009999999932
 20
-84.0839009999999973
 30
0
 11
127.2988959999999992
 21
-84.0351270000000028
 31
0
  0
LINE
  5
14D
330
1A
100
AcDbEntity
  8
F.Paste
  6
CONTINUOUS
100
AcDbLine
 10
127.2988959999999992
 20
-84.0351270000000028
 30
0
 11
127.3849999999999909
 21
-84.0180000000000007
 31
0
  0
LINE
  5
14E
330
1A
100
AcDbEntity
  8
F.Paste
  6
CONTINUOUS
100
AcDbLine
 10
127.3849999999999909
 20
-84.0180000000000007
 30
0
 11
127.8849999999999909
 21
-84.0180000000000007
 31
0
  0
LINE
  5
14F
330
1A
100
AcDbEntity
  8
F.Paste
  6
CONTINUOUS
100
AcDbLine
 10
127.8849999999999909
 20
-84.0180000000000007
 30
0
 11
127.9711039999999969
 21
-84.0351270000000028
 31
0
  0
LINE
  5
150
330
1A
100
AcDbEntity
  8
F.Paste
  6
CONTINUOUS
100
AcDbLine
 10
130.1035359999999912
 20
-82.1994639999999919
 30
0
 11
130.1045639999999821
 21
-82.2009570000000025
 31
0
  0
LINE
  5
151
330
1A
100
AcDbEntity
  8
F.Paste
  6
CONTINUOUS
100
AcDbLine
 10
130.1045639999999821
 20
-82.2009570000000025
 30
0
 11
130.1515330000000006
 21
-82.3058879999999959
 31
0
  0
LINE
  5
152
330
1A
100
AcDbEntity
  8
F.Paste
  6
CONTINUOUS
100
AcDbLine
 10
130.1515330000000006
 20
-82.3058879999999959
 30
0
 11
130.1974429999999927
 21
-82.3997039999999998
 31
0
  0
LINE
  5
153
330
1A
100
AcDbEntity
  8
F.Paste
  6
CONTINUOUS
100
AcDbLine
 10
130.1974429999999927
 20
-82.3997039999999998
 30
0
 11
130.2473499999999831
 21
-82.4915340000000015
 31
0
  0
LINE
  5
154
330
1A
100
AcDbEntity
  8
F.Paste
  6
CONTINUOUS
100
AcDbLine
 10
130.2473499999999831
 20
-82.4915340000000015
 30
0
 11
130.3012290000000064
 21
-82.5813320000000033
 31
0
  0
LINE
  5
155
330
1A
100
AcDbEntity
  8
F.Paste
  6
CONTINUOUS
100
AcDbLine
 10
130.3012290000000064
 20
-82.5813320000000033
 30
0
 11
130.3581429999999841
 21
-82.6691979999999944
 31
0
  0
LINE
  5
156
330
1A
100
AcDbEntity
  8
F.Paste
  6
CONTINUOUS
100
AcDbLine
 10
130.3581429999999841
 20
-82.6691979999999944
 30
0
 11
130.4190159999999992
 21
-82.7550200000000018
 31
0
  0
LINE
  5
157
330
1A
100
AcDbEntity
  8
F.Paste
  6
CONTINUOUS
100
AcDbLine
 10
130.4190159999999992
 20
-82.7550200000000018
 30
0
 11
130.4829069999999831
 21
-82.8378779999999892
 31
0
  0
LINE
  5
158
330
1A
100
AcDbEntity
  8
F.Paste
  6
CONTINUOUS
100
AcDbLine
 10
130.4829069999999831
 20
-82.8378779999999892
 30
0
 11
130.5497900000000016
 21
-82.918736999999993
 31
0
  0
LINE
  5
159
330
1A
100
AcDbEntity
  8
F.Paste
  6
CONTINUOUS
100
AcDbLine
 10
130.5497900000000016
 20
-82.918736999999993
 30
0
 11
130.6196429999999964
 21
-82.9965729999999979
 31
0
  0
LINE
  5
15A
330
1A
100
AcDbEntity
  8
F.Paste
  6
CONTINUOUS
100
AcDbLine
 10
130.6196429999999964
 20
-82.9965729999999979
 30
0
 11
130.6934929999999895
 21
-83.0714210000000008
 31
0
  0
LINE
  5
15B
330
1A
100
AcDbEntity
  8
F.Paste
  6
CONTINUOUS
100
AcDbLine
 10
130.6934929999999895
 20
-83.0714210000000008
 30
0
 11
130.7693889999999897
 21
-83.1433229999999952
 31
0
  0
LINE
  5
15C
330
1A
100
AcDbEntity
  8
F.Paste
  6
CONTINUOUS
100
AcDbLine
 10
130.7693889999999897
 20
-83.1433229999999952
 30
0
 11
130.8482419999999991
 21
-83.2131919999999923
 31
0
  0
LINE
  5
15D
330
1A
100
AcDbEntity
  8
F.Paste
  6
CONTINUOUS
100
AcDbLine
 10
130.8482419999999991
 20
-83.2131919999999923
 30
0
 11
130.9290729999999883
 21
-83.2790540000000021
 31
0
  0
LINE
  5
15E
330
1A
100
AcDbEntity
  8
F.Paste
  6
CONTINUOUS
100
AcDbLine
 10
130.9290729999999883
 20
-83.2790540000000021
 30
0
 11
131.0129169999999874
 21
-83.341937999999999
 31
0
  0
LINE
  5
15F
330
1A
100
AcDbEntity
  8
F.Paste
  6
CONTINUOUS
100
AcDbLine
 10
131.0129169999999874
 20
-83.341937999999999
 30
0
 11
131.099774999999994
 21
-83.4018399999999929
 31
0
  0
LINE
  5
160
330
1A
100
AcDbEntity
  8
F.Paste
  6
CONTINUOUS
100
AcDbLine
 10
131.099774999999994
 20
-83.4018399999999929
 30
0
 11
131.1875760000000071
 21
-83.4577129999999983
 31
0
  0
LINE
  5
161
330
1A
100
AcDbEntity
  8
F.Paste
  6
CONTINUOUS
100
AcDbLine
 10
131.1875760000000071
 20
-83.4577129999999983
 30
0
 11
131.2784139999999979
 21
-83.5096209999999957
 31
0
  0
LINE
  5
162
330
1A
100
AcDbEntity
  8
F.Paste
  6
CONTINUOUS
100
AcDbLine
 10
131.2784139999999979
 20
-83.5096209999999957
 30
0
 11
131.3712669999999889
 21
-83.5595409999999958
 31
0
  0
LINE
  5
163
330
1A
100
AcDbEntity
  8
F.Paste
  6
CONTINUOUS
100
AcDbLine
 10
131.3712669999999889
 20
-83.5595409999999958
 30
0
 11
131.4650809999999979
 21
-83.6044529999999924
 31
0
  0
LINE
  5
164
330
1A
100
AcDbEntity
  8
F.Paste
  6
CONTINUOUS
100
AcDbLine
 10
131.4650809999999979
 20
-83.6044529999999924
 30
0
 11
131.5618849999999895
 21
-83.6463679999999954
 31
0
  0
LINE
  5
165
330
1A
100
AcDbEntity
  8
F.Paste
  6
CONTINUOUS
100
AcDbLine
 10
131.5618849999999895
 20
-83.6463679999999954
 30
0
 11
131.6597219999999879
 21
-83.6843039999999974
 31
0
  0
LINE
  5
166
330
1A
100
AcDbEntity
  8
F.Paste
  6
CONTINUOUS
100
AcDbLine
 10
131.6597219999999879
 20
-83.6843039999999974
 30
0
 11
131.7585339999999974
 21
-83.7182399999999944
 31
0
  0
LINE
  5
167
330
1A
100
AcDbEntity
  8
F.Paste
  6
CONTINUOUS
100
AcDbLine
 10
131.7585339999999974
 20
-83.7182399999999944
 30
0
 11
131.8583469999999807
 21
-83.7481839999999949
 31
0
  0
LINE
  5
168
330
1A
100
AcDbEntity
  8
F.Paste
  6
CONTINUOUS
100
AcDbLine
 10
131.8583469999999807
 20
-83.7481839999999949
 30
0
 11
131.9601649999999893
 21
-83.7751349999999917
 31
0
  0
LINE
  5
169
330
1A
100
AcDbEntity
  8
F.Paste
  6
CONTINUOUS
100
AcDbLine
 10
131.9601649999999893
 20
-83.7751349999999917
 30
0
 11
132.0629659999999888
 21
-83.7970929999999896
 31
0
  0
LINE
  5
16A
330
1A
100
AcDbEntity
  8
F.Paste
  6
CONTINUOUS
100
AcDbLine
 10
132.0629659999999888
 20
-83.7970929999999896
 30
0
 11
132.1657689999999832
 21
-83.8150579999999934
 31
0
  0
LINE
  5
16B
330
1A
100
AcDbEntity
  8
F.Paste
  6
CONTINUOUS
100
AcDbLine
 10
132.1657689999999832
 20
-83.8150579999999934
 30
0
 11
132.2696090000000027
 21
-83.8300349999999952
 31
0
  0
LINE
  5
16C
330
1A
100
AcDbEntity
  8
F.Paste
  6
CONTINUOUS
100
AcDbLine
 10
132.2696090000000027
 20
-83.8300349999999952
 30
0
 11
132.3743599999999958
 21
-83.8400120000000015
 31
0
  0
LINE
  5
16D
330
1A
100
AcDbEntity
  8
F.Paste
  6
CONTINUOUS
100
AcDbLine
 10
132.3743599999999958
 20
-83.8400120000000015
 30
0
 11
132.4782009999999843
 21
-83.8460029999999961
 31
0
  0
LINE
  5
16E
330
1A
100
AcDbEntity
  8
F.Paste
  6
CONTINUOUS
100
AcDbLine
 10
132.4782009999999843
 20
-83.8460029999999961
 30
0
 11
132.5879999999999939
 21
-83.8479990000000015
 31
0
  0
LINE
  5
16F
330
1A
100
AcDbEntity
  8
F.Paste
  6
CONTINUOUS
100
AcDbLine
 10
132.5879999999999939
 20
-83.8479990000000015
 30
0
 11
132.6977980000000059
 21
-83.8460029999999961
 31
0
  0
LINE
  5
170
330
1A
100
AcDbEntity
  8
F.Paste
  6
CONTINUOUS
100
AcDbLine
 10
132.6977980000000059
 20
-83.8460029999999961
 30
0
 11
132.8016389999999944
 21
-83.8400120000000015
 31
0
  0
LINE
  5
171
330
1A
100
AcDbEntity
  8
F.Paste
  6
CONTINUOUS
100
AcDbLine
 10
132.8016389999999944
 20
-83.8400120000000015
 30
0
 11
132.9063899999999876
 21
-83.8300349999999952
 31
0
  0
LINE
  5
172
330
1A
100
AcDbEntity
  8
F.Paste
  6
CONTINUOUS
100
AcDbLine
 10
132.9063899999999876
 20
-83.8300349999999952
 30
0
 11
133.0102300000000071
 21
-83.8150579999999934
 31
0
  0
LINE
  5
173
330
1A
100
AcDbEntity
  8
F.Paste
  6
CONTINUOUS
100
AcDbLine
 10
133.0102300000000071
 20
-83.8150579999999934
 30
0
 11
133.1130330000000015
 21
-83.7970929999999896
 31
0
  0
LINE
  5
174
330
1A
100
AcDbEntity
  8
F.Paste
  6
CONTINUOUS
100
AcDbLine
 10
133.1130330000000015
 20
-83.7970929999999896
 30
0
 11
133.215834000000001
 21
-83.7751349999999917
 31
0
  0
LINE
  5
175
330
1A
100
AcDbEntity
  8
F.Paste
  6
CONTINUOUS
100
AcDbLine
 10
133.215834000000001
 20
-83.7751349999999917
 30
0
 11
133.3176530000000071
 21
-83.7481839999999949
 31
0
  0
LINE
  5
176
330
1A
100
AcDbEntity
  8
F.Paste
  6
CONTINUOUS
100
AcDbLine
 10
133.3176530000000071
 20
-83.7481839999999949
 30
0
 11
133.4174649999999929
 21
-83.7182399999999944
 31
0
  0
LINE
  5
177
330
1A
100
AcDbEntity
  8
F.Paste
  6
CONTINUOUS
100
AcDbLine
 10
133.4174649999999929
 20
-83.7182399999999944
 30
0
 11
133.5162770000000023
 21
-83.6843039999999974
 31
0
  0
LINE
  5
178
330
1A
100
AcDbEntity
  8
F.Paste
  6
CONTINUOUS
100
AcDbLine
 10
133.5162770000000023
 20
-83.6843039999999974
 30
0
 11
133.6141140000000007
 21
-83.6463679999999954
 31
0
  0
LINE
  5
179
330
1A
100
AcDbEntity
  8
F.Paste
  6
CONTINUOUS
100
AcDbLine
 10
133.6141140000000007
 20
-83.6463679999999954
 30
0
 11
133.7109179999999924
 21
-83.6044529999999924
 31
0
  0
LINE
  5
17A
330
1A
100
AcDbEntity
  8
F.Paste
  6
CONTINUOUS
100
AcDbLine
 10
133.7109179999999924
 20
-83.6044529999999924
 30
0
 11
133.8047320000000013
 21
-83.5595409999999958
 31
0
  0
LINE
  5
17B
330
1A
100
AcDbEntity
  8
F.Paste
  6
CONTINUOUS
100
AcDbLine
 10
133.8047320000000013
 20
-83.5595409999999958
 30
0
 11
133.8975849999999923
 21
-83.5096209999999957
 31
0
  0
LINE
  5
17C
330
1A
100
AcDbEntity
  8
F.Paste
  6
CONTINUOUS
100
AcDbLine
 10
133.8975849999999923
 20
-83.5096209999999957
 30
0
 11
133.9884229999999832
 21
-83.4577129999999983
 31
0
  0
LINE
  5
17D
330
1A
100
AcDbEntity
  8
F.Paste
  6
CONTINUOUS
100
AcDbLine
 10
133.9884229999999832
 20
-83.4577129999999983
 30
0
 11
134.0762239999999963
 21
-83.4018399999999929
 31
0
  0
LINE
  5
17E
330
1A
100
AcDbEntity
  8
F.Paste
  6
CONTINUOUS
100
AcDbLine
 10
134.0762239999999963
 20
-83.4018399999999929
 30
0
 11
134.1630820000000028
 21
-83.341937999999999
 31
0
  0
LINE
  5
17F
330
1A
100
AcDbEntity
  8
F.Paste
  6
CONTINUOUS
100
AcDbLine
 10
134.1630820000000028
 20
-83.341937999999999
 30
0
 11
134.246926000000002
 21
-83.2790540000000021
 31
0
  0
LINE
  5
180
330
1A
100
AcDbEntity
  8
F.Paste
  6
CONTINUOUS
100
AcDbLine
 10
134.246926000000002
 20
-83.2790540000000021
 30
0
 11
134.3277569999999912
 21
-83.2131919999999923
 31
0
  0
LINE
  5
181
330
1A
100
AcDbEntity
  8
F.Paste
  6
CONTINUOUS
100
AcDbLine
 10
134.3277569999999912
 20
-83.2131919999999923
 30
0
 11
134.4066100000000006
 21
-83.1433229999999952
 31
0
  0
LINE
  5
182
330
1A
100
AcDbEntity
  8
F.Paste
  6
CONTINUOUS
100
AcDbLine
 10
134.4066100000000006
 20
-83.1433229999999952
 30
0
 11
134.4825060000000008
 21
-83.0714210000000008
 31
0
  0
LINE
  5
183
330
1A
100
AcDbEntity
  8
F.Paste
  6
CONTINUOUS
100
AcDbLine
 10
134.4825060000000008
 20
-83.0714210000000008
 30
0
 11
134.5563559999999939
 21
-82.9965729999999979
 31
0
  0
LINE
  5
184
330
1A
100
AcDbEntity
  8
F.Paste
  6
CONTINUOUS
100
AcDbLine
 10
134.5563559999999939
 20
-82.9965729999999979
 30
0
 11
134.6262089999999887
 21
-82.918736999999993
 31
0
  0
LINE
  5
185
330
1A
100
AcDbEntity
  8
F.Paste
  6
CONTINUOUS
100
AcDbLine
 10
134.6262089999999887
 20
-82.918736999999993
 30
0
 11
134.6930920000000071
 21
-82.8378779999999892
 31
0
  0
LINE
  5
186
330
1A
100
AcDbEntity
  8
F.Paste
  6
CONTINUOUS
100
AcDbLine
 10
134.6930920000000071
 20
-82.8378779999999892
 30
0
 11
134.7569829999999911
 21
-82.7550200000000018
 31
0
  0
LINE
  5
187
330
1A
100
AcDbEntity
  8
F.Paste
  6
CONTINUOUS
100
AcDbLine
 10
134.7569829999999911
 20
-82.7550200000000018
 30
0
 11
134.8178560000000061
 21
-82.6691979999999944
 31
0
  0
LINE
  5
188
330
1A
100
AcDbEntity
  8
F.Paste
  6
CONTINUOUS
100
AcDbLine
 10
134.8178560000000061
 20
-82.6691979999999944
 30
0
 11
134.8747699999999838
 21
-82.5813320000000033
 31
0
  0
LINE
  5
189
330
1A
100
AcDbEntity
  8
F.Paste
  6
CONTINUOUS
100
AcDbLine
 10
134.8747699999999838
 20
-82.5813320000000033
 30
0
 11
134.9286490000000072
 21
-82.4915340000000015
 31
0
  0
LINE
  5
18A
330
1A
100
AcDbEntity
  8
F.Paste
  6
CONTINUOUS
100
AcDbLine
 10
134.9286490000000072
 20
-82.4915340000000015
 30
0
 11
134.9785559999999975
 21
-82.3997039999999998
 31
0
  0
LINE
  5
18B
330
1A
100
AcDbEntity
  8
F.Paste
  6
CONTINUOUS
100
AcDbLine
 10
134.9785559999999975
 20
-82.3997039999999998
 30
0
 11
135.0244659999999897
 21
-82.3058879999999959
 31
0
  0
LINE
  5
18C
330
1A
100
AcDbEntity
  8
F.Paste
  6
CONTINUOUS
100
AcDbLine
 10
135.0244659999999897
 20
-82.3058879999999959
 30
0
 11
135.0714360000000056
 21
-82.2009570000000025
 31
0
  0
LINE
  5
18D
330
1A
100
AcDbEntity
  8
F.Paste
  6
CONTINUOUS
100
AcDbLine
 10
135.0714360000000056
 20
-82.2009570000000025
 30
0
 11
135.0742170000000044
 21
-82.1983290000000011
 31
0
  0
LINE
  5
18E
330
1A
100
AcDbEntity
  8
F.Paste
  6
CONTINUOUS
100
AcDbLine
 10
135.0742170000000044
 20
-82.1983290000000011
 30
0
 11
135.0759999999999934
 21
-82.1979999999999933
 31
0
  0
LINE
  5
18F
330
1A
100
AcDbEntity
  8
F.Paste
  6
CONTINUOUS
100
AcDbLine
 10
135.0759999999999934
 20
-82.1979999999999933
 30
0
 11
136.2379999999999995
 21
-82.1979999999999933
 31
0
  0
LINE
  5
190
330
1A
100
AcDbEntity
  8
F.Paste
  6
CONTINUOUS
100
AcDbLine
 10
136.2379999999999995
 20
-82.1979999999999933
 30
0
 11
136.2415359999999964
 21
-82.1994639999999919
 31
0
  0
LINE
  5
191
330
1A
100
AcDbEntity
  8
F.Paste
  6
CONTINUOUS
100
AcDbLine
 10
136.2415359999999964
 20
-82.1994639999999919
 30
0
 11
136.242999999999995
 21
-82.203000000000003
 31
0
  0
LINE
  5
192
330
1A
100
AcDbEntity
  8
F.Paste
  6
CONTINUOUS
100
AcDbLine
 10
136.242999999999995
 20
-82.203000000000003
 30
0
 11
136.242999999999995
 21
-84.4029999999999916
 31
0
  0
LINE
  5
193
330
1A
100
AcDbEntity
  8
F.Paste
  6
CONTINUOUS
100
AcDbLine
 10
136.242999999999995
 20
-84.4029999999999916
 30
0
 11
136.2429939999999817
 21
-84.4032380000000018
 31
0
  0
LINE
  5
194
330
1A
100
AcDbEntity
  8
F.Paste
  6
CONTINUOUS
100
AcDbLine
 10
136.2429939999999817
 20
-84.4032380000000018
 30
0
 11
136.2409940000000006
 21
-84.4452379999999891
 31
0
  0
LINE
  5
195
330
1A
100
AcDbEntity
  8
F.Paste
  6
CONTINUOUS
100
AcDbLine
 10
136.2409940000000006
 20
-84.4452379999999891
 30
0
 11
136.240949999999998
 21
-84.4457069999999987
 31
0
  0
LINE
  5
196
330
1A
100
AcDbEntity
  8
F.Paste
  6
CONTINUOUS
100
AcDbLine
 10
136.240949999999998
 20
-84.4457069999999987
 30
0
 11
136.2379499999999837
 21
-84.4667069999999995
 31
0
  0
LINE
  5
197
330
1A
100
AcDbEntity
  8
F.Paste
  6
CONTINUOUS
100
AcDbLine
 10
136.2379499999999837
 20
-84.4667069999999995
 30
0
 11
136.2379029999999887
 21
-84.4669809999999899
 31
0
  0
LINE
  5
198
330
1A
100
AcDbEntity
  8
F.Paste
  6
CONTINUOUS
100
AcDbLine
 10
136.2379029999999887
 20
-84.4669809999999899
 30
0
 11
136.233902999999998
 21
-84.4869810000000001
 31
0
  0
LINE
  5
199
330
1A
100
AcDbEntity
  8
F.Paste
  6
CONTINUOUS
100
AcDbLine
 10
136.233902999999998
 20
-84.4869810000000001
 30
0
 11
136.2338639999999828
 21
-84.4871579999999938
 31
0
  0
LINE
  5
19A
330
1A
100
AcDbEntity
  8
F.Paste
  6
CONTINUOUS
100
AcDbLine
 10
136.2338639999999828
 20
-84.4871579999999938
 30
0
 11
136.2288639999999873
 21
-84.5081579999999946
 31
0
  0
LINE
  5
19B
330
1A
100
AcDbEntity
  8
F.Paste
  6
CONTINUOUS
100
AcDbLine
 10
136.2288639999999873
 20
-84.5081579999999946
 30
0
 11
136.2287890000000061
 21
-84.5084370000000007
 31
0
  0
LINE
  5
19C
330
1A
100
AcDbEntity
  8
F.Paste
  6
CONTINUOUS
100
AcDbLine
 10
136.2287890000000061
 20
-84.5084370000000007
 30
0
 11
136.2227890000000059
 21
-84.5284369999999967
 31
0
  0
LINE
  5
19D
330
1A
100
AcDbEntity
  8
F.Paste
  6
CONTINUOUS
100
AcDbLine
 10
136.2227890000000059
 20
-84.5284369999999967
 30
0
 11
136.222691999999995
 21
-84.5287289999999985
 31
0
  0
LINE
  5
19E
330
1A
100
AcDbEntity
  8
F.Paste
  6
CONTINUOUS
100
AcDbLine
 10
136.222691999999995
 20
-84.5287289999999985
 30
0
 11
136.21569199999999
 21
-84.5477289999999897
 31
0
  0
LINE
  5
19F
330
1A
100
AcDbEntity
  8
F.Paste
  6
CONTINUOUS
100
AcDbLine
 10
136.21569199999999
 20
-84.5477289999999897
 30
0
 11
136.2156420000000026
 21
-84.5478569999999934
 31
0
  0
LINE
  5
1A0
330
1A
100
AcDbEntity
  8
F.Paste
  6
CONTINUOUS
100
AcDbLine
 10
136.2156420000000026
 20
-84.5478569999999934
 30
0
 11
136.2076419999999928
 21
-84.5678569999999894
 31
0
  0
LINE
  5
1A1
330
1A
100
AcDbEntity
  8
F.Paste
  6
CONTINUOUS
100
AcDbLine
 10
136.2076419999999928
 20
-84.5678569999999894
 30
0
 11
136.2075189999999907
 21
-84.5681399999999996
 31
0
  0
LINE
  5
1A2
330
1A
100
AcDbEntity
  8
F.Paste
  6
CONTINUOUS
100
AcDbLine
 10
136.2075189999999907
 20
-84.5681399999999996
 30
0
 11
136.1985190000000046
 21
-84.5871399999999909
 31
0
  0
LINE
  5
1A3
330
1A
100
AcDbEntity
  8
F.Paste
  6
CONTINUOUS
100
AcDbLine
 10
136.1985190000000046
 20
-84.5871399999999909
 30
0
 11
136.1983709999999803
 21
-84.5874280000000027
 31
0
  0
LINE
  5
1A4
330
1A
100
AcDbEntity
  8
F.Paste
  6
CONTINUOUS
100
AcDbLine
 10
136.1983709999999803
 20
-84.5874280000000027
 30
0
 11
136.1883709999999894
 21
-84.6054279999999892
 31
0
  0
LINE
  5
1A5
330
1A
100
AcDbEntity
  8
F.Paste
  6
CONTINUOUS
100
AcDbLine
 10
136.1883709999999894
 20
-84.6054279999999892
 30
0
 11
136.1882659999999987
 21
-84.605606999999992
 31
0
  0
LINE
  5
1A6
330
1A
100
AcDbEntity
  8
F.Paste
  6
CONTINUOUS
100
AcDbLine
 10
136.1882659999999987
 20
-84.605606999999992
 30
0
 11
136.177266000000003
 21
-84.6236069999999927
 31
0
  0
LINE
  5
1A7
330
1A
100
AcDbEntity
  8
F.Paste
  6
CONTINUOUS
100
AcDbLine
 10
136.177266000000003
 20
-84.6236069999999927
 30
0
 11
136.1771980000000042
 21
-84.6237160000000017
 31
0
  0
LINE
  5
1A8
330
1A
100
AcDbEntity
  8
F.Paste
  6
CONTINUOUS
100
AcDbLine
 10
136.1771980000000042
 20
-84.6237160000000017
 30
0
 11
136.1661979999999801
 21
-84.6407159999999976
 31
0
  0
LINE
  5
1A9
330
1A
100
AcDbEntity
  8
F.Paste
  6
CONTINUOUS
100
AcDbLine
 10
136.1661979999999801
 20
-84.6407159999999976
 30
0
 11
136.1659719999999822
 21
-84.6410369999999972
 31
0
  0
LINE
  5
1AA
330
1A
100
AcDbEntity
  8
F.Paste
  6
CONTINUOUS
100
AcDbLine
 10
136.1659719999999822
 20
-84.6410369999999972
 30
0
 11
136.1529720000000054
 21
-84.6580369999999931
 31
0
  0
LINE
  5
1AB
330
1A
100
AcDbEntity
  8
F.Paste
  6
CONTINUOUS
100
AcDbLine
 10
136.1529720000000054
 20
-84.6580369999999931
 30
0
 11
136.1527629999999931
 21
-84.6582930000000005
 31
0
  0
LINE
  5
1AC
330
1A
100
AcDbEntity
  8
F.Paste
  6
CONTINUOUS
100
AcDbLine
 10
136.1527629999999931
 20
-84.6582930000000005
 30
0
 11
136.1387629999999831
 21
-84.6742929999999916
 31
0
  0
LINE
  5
1AD
330
1A
100
AcDbEntity
  8
F.Paste
  6
CONTINUOUS
100
AcDbLine
 10
136.1387629999999831
 20
-84.6742929999999916
 30
0
 11
136.138655
 21
-84.6744119999999896
 31
0
  0
LINE
  5
1AE
330
1A
100
AcDbEntity
  8
F.Paste
  6
CONTINUOUS
100
AcDbLine
 10
136.138655
 20
-84.6744119999999896
 30
0
 11
136.12465499999999
 21
-84.6894119999999901
 31
0
  0
LINE
  5
1AF
330
1A
100
AcDbEntity
  8
F.Paste
  6
CONTINUOUS
100
AcDbLine
 10
136.12465499999999
 20
-84.6894119999999901
 30
0
 11
136.1244120000000066
 21
-84.6896550000000019
 31
0
  0
LINE
  5
1B0
330
1A
100
AcDbEntity
  8
F.Paste
  6
CONTINUOUS
100
AcDbLine
 10
136.1244120000000066
 20
-84.6896550000000019
 30
0
 11
136.1094119999999918
 21
-84.7036549999999977
 31
0
  0
LINE
  5
1B1
330
1A
100
AcDbEntity
  8
F.Paste
  6
CONTINUOUS
100
AcDbLine
 10
136.1094119999999918
 20
-84.7036549999999977
 30
0
 11
136.1092929999999797
 21
-84.703762999999995
 31
0
  0
LINE
  5
1B2
330
1A
100
AcDbEntity
  8
F.Paste
  6
CONTINUOUS
100
AcDbLine
 10
136.1092929999999797
 20
-84.703762999999995
 30
0
 11
136.0932929999999885
 21
-84.7177629999999908
 31
0
  0
LINE
  5
1B3
330
1A
100
AcDbEntity
  8
F.Paste
  6
CONTINUOUS
100
AcDbLine
 10
136.0932929999999885
 20
-84.7177629999999908
 30
0
 11
136.0930369999999812
 21
-84.7179720000000032
 31
0
  0
LINE
  5
1B4
330
1A
100
AcDbEntity
  8
F.Paste
  6
CONTINUOUS
100
AcDbLine
 10
136.0930369999999812
 20
-84.7179720000000032
 30
0
 11
136.0760369999999853
 21
-84.7309719999999942
 31
0
  0
LINE
  5
1B5
330
1A
100
AcDbEntity
  8
F.Paste
  6
CONTINUOUS
100
AcDbLine
 10
136.0760369999999853
 20
-84.7309719999999942
 30
0
 11
136.0757159999999999
 21
-84.731197999999992
 31
0
  0
LINE
  5
1B6
330
1A
100
AcDbEntity
  8
F.Paste
  6
CONTINUOUS
100
AcDbLine
 10
136.0757159999999999
 20
-84.731197999999992
 30
0
 11
136.058716000000004
 21
-84.7421980000000019
 31
0
  0
LINE
  5
1B7
330
1A
100
AcDbEntity
  8
F.Paste
  6
CONTINUOUS
100
AcDbLine
 10
136.058716000000004
 20
-84.7421980000000019
 30
0
 11
136.058606999999995
 21
-84.7422660000000008
 31
0
  0
LINE
  5
1B8
330
1A
100
AcDbEntity
  8
F.Paste
  6
CONTINUOUS
100
AcDbLine
 10
136.058606999999995
 20
-84.7422660000000008
 30
0
 11
136.0406069999999943
 21
-84.7532659999999964
 31
0
  0
LINE
  5
1B9
330
1A
100
AcDbEntity
  8
F.Paste
  6
CONTINUOUS
100
AcDbLine
 10
136.0406069999999943
 20
-84.7532659999999964
 30
0
 11
136.0404279999999915
 21
-84.7533710000000013
 31
0
  0
LINE
  5
1BA
330
1A
100
AcDbEntity
  8
F.Paste
  6
CONTINUOUS
100
AcDbLine
 10
136.0404279999999915
 20
-84.7533710000000013
 30
0
 11
136.0224279999999908
 21
-84.7633709999999923
 31
0
  0
LINE
  5
1BB
330
1A
100
AcDbEntity
  8
F.Paste
  6
CONTINUOUS
100
AcDbLine
 10
136.0224279999999908
 20
-84.7633709999999923
 30
0
 11
136.0221400000000074
 21
-84.7635190000000023
 31
0
  0
LINE
  5
1BC
330
1A
100
AcDbEntity
  8
F.Paste
  6
CONTINUOUS
100
AcDbLine
 10
136.0221400000000074
 20
-84.7635190000000023
 30
0
 11
136.0031400000000019
 21
-84.7725190000000026
 31
0
  0
LINE
  5
1BD
330
1A
100
AcDbEntity
  8
F.Paste
  6
CONTINUOUS
100
AcDbLine
 10
136.0031400000000019
 20
-84.7725190000000026
 30
0
 11
136.0028570000000059
 21
-84.7726419999999905
 31
0
  0
LINE
  5
1BE
330
1A
100
AcDbEntity
  8
F.Paste
  6
CONTINUOUS
100
AcDbLine
 10
136.0028570000000059
 20
-84.7726419999999905
 30
0
 11
135.9828569999999957
 21
-84.7806420000000003
 31
0
  0
LINE
  5
1BF
330
1A
100
AcDbEntity
  8
F.Paste
  6
CONTINUOUS
100
AcDbLine
 10
135.9828569999999957
 20
-84.7806420000000003
 30
0
 11
135.9827290000000062
 21
-84.7806920000000019
 31
0
  0
LINE
  5
1C0
330
1A
100
AcDbEntity
  8
F.Paste
  6
CONTINUOUS
100
AcDbLine
 10
135.9827290000000062
 20
-84.7806920000000019
 30
0
 11
135.9637290000000007
 21
-84.7876919999999927
 31
0
  0
LINE
  5
1C1
330
1A
100
AcDbEntity
  8
F.Paste
  6
CONTINUOUS
100
AcDbLine
 10
135.9637290000000007
 20
-84.7876919999999927
 30
0
 11
135.963436999999999
 21
-84.7877889999999894
 31
0
  0
LINE
  5
1C2
330
1A
100
AcDbEntity
  8
F.Paste
  6
CONTINUOUS
100
AcDbLine
 10
135.963436999999999
 20
-84.7877889999999894
 30
0
 11
135.9434369999999888
 21
-84.7937889999999896
 31
0
  0
LINE
  5
1C3
330
1A
100
AcDbEntity
  8
F.Paste
  6
CONTINUOUS
100
AcDbLine
 10
135.9434369999999888
 20
-84.7937889999999896
 30
0
 11
135.9431579999999826
 21
-84.7938639999999992
 31
0
  0
LINE
  5
1C4
330
1A
100
AcDbEntity
  8
F.Paste
  6
CONTINUOUS
100
AcDbLine
 10
135.9431579999999826
 20
-84.7938639999999992
 30
0
 11
135.922157999999996
 21
-84.7988639999999947
 31
0
  0
LINE
  5
1C5
330
1A
100
AcDbEntity
  8
F.Paste
  6
CONTINUOUS
100
AcDbLine
 10
135.922157999999996
 20
-84.7988639999999947
 30
0
 11
135.9219809999999882
 21
-84.7989029999999957
 31
0
  0
LINE
  5
1C6
330
1A
100
AcDbEntity
  8
F.Paste
  6
CONTINUOUS
100
AcDbLine
 10
135.9219809999999882
 20
-84.7989029999999957
 30
0
 11
135.9019810000000064
 21
-84.8029030000000006
 31
0
  0
LINE
  5
1C7
330
1A
100
AcDbEntity
  8
F.Paste
  6
CONTINUOUS
100
AcDbLine
 10
135.9019810000000064
 20
-84.8029030000000006
 30
0
 11
135.9017069999999876
 21
-84.8029499999999956
 31
0
  0
LINE
  5
1C8
330
1A
100
AcDbEntity
  8
F.Paste
  6
CONTINUOUS
100
AcDbLine
 10
135.9017069999999876
 20
-84.8029499999999956
 30
0
 11
135.880707000000001
 21
-84.8059499999999957
 31
0
  0
LINE
  5
1C9
330
1A
100
AcDbEntity
  8
F.Paste
  6
CONTINUOUS
100
AcDbLine
 10
135.880707000000001
 20
-84.8059499999999957
 30
0
 11
135.8802379999999914
 21
-84.8059939999999983
 31
0
  0
LINE
  5
1CA
330
1A
100
AcDbEntity
  8
F.Paste
  6
CONTINUOUS
100
AcDbLine
 10
135.8802379999999914
 20
-84.8059939999999983
 30
0
 11
135.8382379999999898
 21
-84.8079939999999937
 31
0
  0
LINE
  5
1CB
330
1A
100
AcDbEntity
  8
F.Paste
  6
CONTINUOUS
100
AcDbLine
 10
135.8382379999999898
 20
-84.8079939999999937
 30
0
 11
135.8379999999999939
 21
-84.8079999999999927
 31
0
  0
LINE
  5
1CC
330
1A
100
AcDbEntity
  8
F.Paste
  6
CONTINUOUS
100
AcDbLine
 10
135.8379999999999939
 20
-84.8079999999999927
 30
0
 11
129.3379999999999939
 21
-84.8079999999999927
 31
0
  0
LINE
  5
1CD
330
1A
100
AcDbEntity
  8
F.Paste
  6
CONTINUOUS
100
AcDbLine
 10
129.3379999999999939
 20
-84.8079999999999927
 30
0
 11
129.3377619999999979
 21
-84.8079939999999937
 31
0
  0
LINE
  5
1CE
330
1A
100
AcDbEntity
  8
F.Paste
  6
CONTINUOUS
100
AcDbLine
 10
129.3377619999999979
 20
-84.8079939999999937
 30
0
 11
129.2957619999999963
 21
-84.8059939999999983
 31
0
  0
LINE
  5
1CF
330
1A
100
AcDbEntity
  8
F.Paste
  6
CONTINUOUS
100
AcDbLine
 10
129.2957619999999963
 20
-84.8059939999999983
 30
0
 11
129.2952929999999867
 21
-84.8059499999999957
 31
0
  0
LINE
  5
1D0
330
1A
100
AcDbEntity
  8
F.Paste
  6
CONTINUOUS
100
AcDbLine
 10
129.2952929999999867
 20
-84.8059499999999957
 30
0
 11
129.2742930000000001
 21
-84.8029499999999956
 31
0
  0
LINE
  5
1D1
330
1A
100
AcDbEntity
  8
F.Paste
  6
CONTINUOUS
100
AcDbLine
 10
129.2742930000000001
 20
-84.8029499999999956
 30
0
 11
129.2740189999999814
 21
-84.8029030000000006
 31
0
  0
LINE
  5
1D2
330
1A
100
AcDbEntity
  8
F.Paste
  6
CONTINUOUS
100
AcDbLine
 10
129.2740189999999814
 20
-84.8029030000000006
 30
0
 11
129.2540189999999996
 21
-84.7989029999999957
 31
0
  0
LINE
  5
1D3
330
1A
100
AcDbEntity
  8
F.Paste
  6
CONTINUOUS
100
AcDbLine
 10
129.2540189999999996
 20
-84.7989029999999957
 30
0
 11
129.2538419999999917
 21
-84.7988639999999947
 31
0
  0
LINE
  5
1D4
330
1A
100
AcDbEntity
  8
F.Paste
  6
CONTINUOUS
100
AcDbLine
 10
129.2538419999999917
 20
-84.7988639999999947
 30
0
 11
129.2328420000000051
 21
-84.7938639999999992
 31
0
  0
LINE
  5
1D5
330
1A
100
AcDbEntity
  8
F.Paste
  6
CONTINUOUS
100
AcDbLine
 10
129.2328420000000051
 20
-84.7938639999999992
 30
0
 11
129.232562999999999
 21
-84.7937889999999896
 31
0
  0
LINE
  5
1D6
330
1A
100
AcDbEntity
  8
F.Paste
  6
CONTINUOUS
100
AcDbLine
 10
129.232562999999999
 20
-84.7937889999999896
 30
0
 11
129.2125629999999887
 21
-84.7877889999999894
 31
0
  0
LINE
  5
1D7
330
1A
100
AcDbEntity
  8
F.Paste
  6
CONTINUOUS
100
AcDbLine
 10
129.2125629999999887
 20
-84.7877889999999894
 30
0
 11
129.212270999999987
 21
-84.7876919999999927
 31
0
  0
LINE
  5
1D8
330
1A
100
AcDbEntity
  8
F.Paste
  6
CONTINUOUS
100
AcDbLine
 10
129.212270999999987
 20
-84.7876919999999927
 30
0
 11
129.1932709999999815
 21
-84.7806920000000019
 31
0
  0
LINE
  5
1D9
330
1A
100
AcDbEntity
  8
F.Paste
  6
CONTINUOUS
100
AcDbLine
 10
129.1932709999999815
 20
-84.7806920000000019
 30
0
 11
129.1931429999999921
 21
-84.7806420000000003
 31
0
  0
LINE
  5
1DA
330
1A
100
AcDbEntity
  8
F.Paste
  6
CONTINUOUS
100
AcDbLine
 10
129.1931429999999921
 20
-84.7806420000000003
 30
0
 11
129.1731429999999818
 21
-84.7726419999999905
 31
0
  0
LINE
  5
1DB
330
1A
100
AcDbEntity
  8
F.Paste
  6
CONTINUOUS
100
AcDbLine
 10
129.1731429999999818
 20
-84.7726419999999905
 30
0
 11
129.1728599999999858
 21
-84.7725190000000026
 31
0
  0
LINE
  5
1DC
330
1A
100
AcDbEntity
  8
F.Paste
  6
CONTINUOUS
100
AcDbLine
 10
129.1728599999999858
 20
-84.7725190000000026
 30
0
 11
129.1538599999999803
 21
-84.7635190000000023
 31
0
  0
LINE
  5
1DD
330
1A
100
AcDbEntity
  8
F.Paste
  6
CONTINUOUS
100
AcDbLine
 10
129.1538599999999803
 20
-84.7635190000000023
 30
0
 11
129.1535719999999969
 21
-84.7633709999999923
 31
0
  0
LINE
  5
1DE
330
1A
100
AcDbEntity
  8
F.Paste
  6
CONTINUOUS
100
AcDbLine
 10
129.1535719999999969
 20
-84.7633709999999923
 30
0
 11
129.1355719999999963
 21
-84.7533710000000013
 31
0
  0
LINE
  5
1DF
330
1A
100
AcDbEntity
  8
F.Paste
  6
CONTINUOUS
100
AcDbLine
 10
129.1355719999999963
 20
-84.7533710000000013
 30
0
 11
129.1353929999999934
 21
-84.7532659999999964
 31
0
  0
LINE
  5
1E0
330
1A
100
AcDbEntity
  8
F.Paste
  6
CONTINUOUS
100
AcDbLine
 10
129.1353929999999934
 20
-84.7532659999999964
 30
0
 11
129.1173929999999928
 21
-84.7422660000000008
 31
0
  0
LINE
  5
1E1
330
1A
100
AcDbEntity
  8
F.Paste
  6
CONTINUOUS
100
AcDbLine
 10
129.1173929999999928
 20
-84.7422660000000008
 30
0
 11
129.1172839999999837
 21
-84.7421980000000019
 31
0
  0
LINE
  5
1E2
330
1A
100
AcDbEntity
  8
F.Paste
  6
CONTINUOUS
100
AcDbLine
 10
129.1172839999999837
 20
-84.7421980000000019
 30
0
 11
129.1002839999999878
 21
-84.731197999999992
 31
0
  0
LINE
  5
1E3
330
1A
100
AcDbEntity
  8
F.Paste
  6
CONTINUOUS
100
AcDbLine
 10
129.1002839999999878
 20
-84.731197999999992
 30
0
 11
129.0999630000000025
 21
-84.7309719999999942
 31
0
  0
LINE
  5
1E4
330
1A
100
AcDbEntity
  8
F.Paste
  6
CONTINUOUS
100
AcDbLine
 10
129.0999630000000025
 20
-84.7309719999999942
 30
0
 11
129.0829630000000066
 21
-84.7179720000000032
 31
0
  0
LINE
  5
1E5
330
1A
100
AcDbEntity
  8
F.Paste
  6
CONTINUOUS
100
AcDbLine
 10
129.0829630000000066
 20
-84.7179720000000032
 30
0
 11
129.0827069999999992
 21
-84.7177629999999908
 31
0
  0
LINE
  5
1E6
330
1A
100
AcDbEntity
  8
F.Paste
  6
CONTINUOUS
100
AcDbLine
 10
129.0827069999999992
 20
-84.7177629999999908
 30
0
 11
129.0667070000000081
 21
-84.703762999999995
 31
0
  0
LINE
  5
1E7
330
1A
100
AcDbEntity
  8
F.Paste
  6
CONTINUOUS
100
AcDbLine
 10
129.0667070000000081
 20
-84.703762999999995
 30
0
 11
129.0665879999999959
 21
-84.7036549999999977
 31
0
  0
LINE
  5
1E8
330
1A
100
AcDbEntity
  8
F.Paste
  6
CONTINUOUS
100
AcDbLine
 10
129.0665879999999959
 20
-84.7036549999999977
 30
0
 11
129.0515879999999811
 21
-84.6896550000000019
 31
0
  0
LINE
  5
1E9
330
1A
100
AcDbEntity
  8
F.Paste
  6
CONTINUOUS
100
AcDbLine
 10
129.0515879999999811
 20
-84.6896550000000019
 30
0
 11
129.0513449999999978
 21
-84.6894119999999901
 31
0
  0
LINE
  5
1EA
330
1A
100
AcDbEntity
  8
F.Paste
  6
CONTINUOUS
100
AcDbLine
 10
129.0513449999999978
 20
-84.6894119999999901
 30
0
 11
129.0373449999999877
 21
-84.6744119999999896
 31
0
  0
LINE
  5
1EB
330
1A
100
AcDbEntity
  8
F.Paste
  6
CONTINUOUS
100
AcDbLine
 10
129.0373449999999877
 20
-84.6744119999999896
 30
0
 11
129.0372370000000046
 21
-84.6742929999999916
 31
0
  0
LINE
  5
1EC
330
1A
100
AcDbEntity
  8
F.Paste
  6
CONTINUOUS
100
AcDbLine
 10
129.0372370000000046
 20
-84.6742929999999916
 30
0
 11
129.0232369999999946
 21
-84.6582930000000005
 31
0
  0
LINE
  5
1ED
330
1A
100
AcDbEntity
  8
F.Paste
  6
CONTINUOUS
100
AcDbLine
 10
129.0232369999999946
 20
-84.6582930000000005
 30
0
 11
129.0230279999999823
 21
-84.6580369999999931
 31
0
  0
LINE
  5
1EE
330
1A
100
AcDbEntity
  8
F.Paste
  6
CONTINUOUS
100
AcDbLine
 10
129.0230279999999823
 20
-84.6580369999999931
 30
0
 11
129.0100280000000055
 21
-84.6410369999999972
 31
0
  0
LINE
  5
1EF
330
1A
100
AcDbEntity
  8
F.Paste
  6
CONTINUOUS
100
AcDbLine
 10
129.0100280000000055
 20
-84.6410369999999972
 30
0
 11
129.0098020000000076
 21
-84.6407159999999976
 31
0
  0
LINE
  5
1F0
330
1A
100
AcDbEntity
  8
F.Paste
  6
CONTINUOUS
100
AcDbLine
 10
129.0098020000000076
 20
-84.6407159999999976
 30
0
 11
128.9988019999999835
 21
-84.6237160000000017
 31
0
  0
LINE
  5
1F1
330
1A
100
AcDbEntity
  8
F.Paste
  6
CONTINUOUS
100
AcDbLine
 10
128.9988019999999835
 20
-84.6237160000000017
 30
0
 11
128.9987339999999847
 21
-84.6236069999999927
 31
0
  0
LINE
  5
1F2
330
1A
100
AcDbEntity
  8
F.Paste
  6
CONTINUOUS
100
AcDbLine
 10
128.9987339999999847
 20
-84.6236069999999927
 30
0
 11
128.987733999999989
 21
-84.605606999999992
 31
0
  0
LINE
  5
1F3
330
1A
100
AcDbEntity
  8
F.Paste
  6
CONTINUOUS
100
AcDbLine
 10
128.987733999999989
 20
-84.605606999999992
 30
0
 11
128.9876289999999983
 21
-84.6054279999999892
 31
0
  0
LINE
  5
1F4
330
1A
100
AcDbEntity
  8
F.Paste
  6
CONTINUOUS
100
AcDbLine
 10
128.9876289999999983
 20
-84.6054279999999892
 30
0
 11
128.9776290000000074
 21
-84.5874280000000027
 31
0
  0
LINE
  5
1F5
330
1A
100
AcDbEntity
  8
F.Paste
  6
CONTINUOUS
100
AcDbLine
 10
128.9776290000000074
 20
-84.5874280000000027
 30
0
 11
128.9774809999999832
 21
-84.5871399999999909
 31
0
  0
LINE
  5
1F6
330
1A
100
AcDbEntity
  8
F.Paste
  6
CONTINUOUS
100
AcDbLine
 10
128.9774809999999832
 20
-84.5871399999999909
 30
0
 11
128.968480999999997
 21
-84.5681399999999996
 31
0
  0
LINE
  5
1F7
330
1A
100
AcDbEntity
  8
F.Paste
  6
CONTINUOUS
100
AcDbLine
 10
128.968480999999997
 20
-84.5681399999999996
 30
0
 11
128.9683579999999949
 21
-84.5678569999999894
 31
0
  0
LINE
  5
1F8
330
1A
100
AcDbEntity
  8
F.Paste
  6
CONTINUOUS
100
AcDbLine
 10
128.9683579999999949
 20
-84.5678569999999894
 30
0
 11
128.9603579999999852
 21
-84.5478569999999934
 31
0
  0
LINE
  5
1F9
330
1A
100
AcDbEntity
  8
F.Paste
  6
CONTINUOUS
100
AcDbLine
 10
128.9603579999999852
 20
-84.5478569999999934
 30
0
 11
128.9603079999999977
 21
-84.5477289999999897
 31
0
  0
LINE
  5
1FA
330
1A
100
AcDbEntity
  8
F.Paste
  6
CONTINUOUS
100
AcDbLine
 10
128.9603079999999977
 20
-84.5477289999999897
 30
0
 11
128.9533079999999927
 21
-84.5287289999999985
 31
0
  0
LINE
  5
1FB
330
1A
100
AcDbEntity
  8
F.Paste
  6
CONTINUOUS
100
AcDbLine
 10
128.9533079999999927
 20
-84.5287289999999985
 30
0
 11
128.9532109999999818
 21
-84.5284369999999967
 31
0
  0
LINE
  5
1FC
330
1A
100
AcDbEntity
  8
F.Paste
  6
CONTINUOUS
100
AcDbLine
 10
128.9532109999999818
 20
-84.5284369999999967
 30
0
 11
128.9472109999999816
 21
-84.5084370000000007
 31
0
  0
LINE
  5
1FD
330
1A
100
AcDbEntity
  8
F.Paste
  6
CONTINUOUS
100
AcDbLine
 10
128.9472109999999816
 20
-84.5084370000000007
 30
0
 11
128.9471360000000004
 21
-84.5081579999999946
 31
0
  0
LINE
  5
1FE
330
1A
100
AcDbEntity
  8
F.Paste
  6
CONTINUOUS
100
AcDbLine
 10
128.9471360000000004
 20
-84.5081579999999946
 30
0
 11
128.942136000000005
 21
-84.4871579999999938
 31
0
  0
LINE
  5
1FF
330
1A
100
AcDbEntity
  8
F.Paste
  6
CONTINUOUS
100
AcDbLine
 10
128.942136000000005
 20
-84.4871579999999938
 30
0
 11
128.9420969999999897
 21
-84.4869810000000001
 31
0
  0
LINE
  5
200
330
1A
100
AcDbEntity
  8
F.Paste
  6
CONTINUOUS
100
AcDbLine
 10
128.9420969999999897
 20
-84.4869810000000001
 30
0
 11
128.9380969999999991
 21
-84.4669809999999899
 31
0
  0
LINE
  5
201
330
1A
100
AcDbEntity
  8
F.Paste
  6
CONTINUOUS
100
AcDbLine
 10
128.9380969999999991
 20
-84.4669809999999899
 30
0
 11
128.938050000000004
 21
-84.4667069999999995
 31
0
  0
LINE
  5
202
330
1A
100
AcDbEntity
  8
F.Paste
  6
CONTINUOUS
100
AcDbLine
 10
128.938050000000004
 20
-84.4667069999999995
 30
0
 11
128.9350499999999897
 21
-84.4457069999999987
 31
0
  0
LINE
  5
203
330
1A
100
AcDbEntity
  8
F.Paste
  6
CONTINUOUS
100
AcDbLine
 10
128.9350499999999897
 20
-84.4457069999999987
 30
0
 11
128.9350059999999871
 21
-84.4452379999999891
 31
0
  0
LINE
  5
204
330
1A
100
AcDbEntity
  8
F.Paste
  6
CONTINUOUS
100
AcDbLine
 10
128.9350059999999871
 20
-84.4452379999999891
 30
0
 11
128.933006000000006
 21
-84.4032380000000018
 31
0
  0
LINE
  5
205
330
1A
100
AcDbEntity
  8
F.Paste
  6
CONTINUOUS
100
AcDbLine
 10
128.933006000000006
 20
-84.4032380000000018
 30
0
 11
128.9329999999999927
 21
-84.4029999999999916
 31
0
  0
LINE
  5
206
330
1A
100
AcDbEntity
  8
F.Paste
  6
CONTINUOUS
100
AcDbLine
 10
128.9329999999999927
 20
-84.4029999999999916
 30
0
 11
128.9329999999999927
 21
-82.203000000000003
 31
0
  0
LINE
  5
207
330
1A
100
AcDbEntity
  8
F.Paste
  6
CONTINUOUS
100
AcDbLine
 10
128.9329999999999927
 20
-82.203000000000003
 30
0
 11
128.9344639999999913
 21
-82.1994639999999919
 31
0
  0
LINE
  5
208
330
1A
100
AcDbEntity
  8
F.Paste
  6
CONTINUOUS
100
AcDbLine
 10
128.9344639999999913
 20
-82.1994639999999919
 30
0
 11
128.9379999999999882
 21
-82.1979999999999933
 31
0
  0
LINE
  5
209
330
1A
100
AcDbEntity
  8
F.Paste
  6
CONTINUOUS
100
AcDbLine
 10
128.9379999999999882
 20
-82.1979999999999933
 30
0
 11
130.0999999999999943
 21
-82.1979999999999933
 31
0
  0
LINE
  5
20A
330
1A
100
AcDbEntity
  8
F.Paste
  6
CONTINUOUS
100
AcDbLine
 10
130.0999999999999943
 20
-82.1979999999999933
 30
0
 11
130.1035359999999912
 21
-82.1994639999999919
 31
0
  0
LINE
  5
20B
330
1A
100
AcDbEntity
  8
F.Paste
  6
CONTINUOUS
100
AcDbLine
 10
122.2561039999999934
 20
-83.7551270000000017
 30
0
 11
122.3290989999999994
 21
-83.8039009999999962
 31
0
  0
LINE
  5
20C
330
1A
100
AcDbEntity
  8
F.Paste
  6
CONTINUOUS
100
AcDbLine
 10
122.3290989999999994
 20
-83.8039009999999962
 30
0
 11
122.3778729999999939
 21
-83.8768960000000021
 31
0
  0
LINE
  5
20D
330
1A
100
AcDbEntity
  8
F.Paste
  6
CONTINUOUS
100
AcDbLine
 10
122.3778729999999939
 20
-83.8768960000000021
 30
0
 11
122.394999999999996
 21
-83.9629999999999939
 31
0
  0
LINE
  5
20E
330
1A
100
AcDbEntity
  8
F.Paste
  6
CONTINUOUS
100
AcDbLine
 10
122.394999999999996
 20
-83.9629999999999939
 30
0
 11
122.394999999999996
 21
-84.4129999999999967
 31
0
  0
LINE
  5
20F
330
1A
100
AcDbEntity
  8
F.Paste
  6
CONTINUOUS
100
AcDbLine
 10
122.394999999999996
 20
-84.4129999999999967
 30
0
 11
122.3778729999999939
 21
-84.4991040000000027
 31
0
  0
LINE
  5
210
330
1A
100
AcDbEntity
  8
F.Paste
  6
CONTINUOUS
100
AcDbLine
 10
122.3778729999999939
 20
-84.4991040000000027
 30
0
 11
122.3290989999999994
 21
-84.5720989999999944
 31
0
  0
LINE
  5
211
330
1A
100
AcDbEntity
  8
F.Paste
  6
CONTINUOUS
100
AcDbLine
 10
122.3290989999999994
 20
-84.5720989999999944
 30
0
 11
122.2561039999999934
 21
-84.6208730000000031
 31
0
  0
LINE
  5
212
330
1A
100
AcDbEntity
  8
F.Paste
  6
CONTINUOUS
100
AcDbLine
 10
122.2561039999999934
 20
-84.6208730000000031
 30
0
 11
122.1699999999999875
 21
-84.637999999999991
 31
0
  0
LINE
  5
213
330
1A
100
AcDbEntity
  8
F.Paste
  6
CONTINUOUS
100
AcDbLine
 10
122.1699999999999875
 20
-84.637999999999991
 30
0
 11
121.6699999999999875
 21
-84.637999999999991
 31
0
  0
LINE
  5
214
330
1A
100
AcDbEntity
  8
F.Paste
  6
CONTINUOUS
100
AcDbLine
 10
121.6699999999999875
 20
-84.637999999999991
 30
0
 11
121.5838959999999958
 21
-84.6208730000000031
 31
0
  0
LINE
  5
215
330
1A
100
AcDbEntity
  8
F.Paste
  6
CONTINUOUS
100
AcDbLine
 10
121.5838959999999958
 20
-84.6208730000000031
 30
0
 11
121.5109009999999898
 21
-84.5720989999999944
 31
0
  0
LINE
  5
216
330
1A
100
AcDbEntity
  8
F.Paste
  6
CONTINUOUS
100
AcDbLine
 10
121.5109009999999898
 20
-84.5720989999999944
 30
0
 11
121.4621269999999953
 21
-84.4991040000000027
 31
0
  0
LINE
  5
217
330
1A
100
AcDbEntity
  8
F.Paste
  6
CONTINUOUS
100
AcDbLine
 10
121.4621269999999953
 20
-84.4991040000000027
 30
0
 11
121.4449999999999932
 21
-84.4129999999999967
 31
0
  0
LINE
  5
218
330
1A
100
AcDbEntity
  8
F.Paste
  6
CONTINUOUS
100
AcDbLine
 10
121.4449999999999932
 20
-84.4129999999999967
 30
0
 11
121.4449999999999932
 21
-83.9629999999999939
 31
0
  0
LINE
  5
219
330
1A
100
AcDbEntity
  8
F.Paste
  6
CONTINUOUS
100
AcDbLine
 10
121.4449999999999932
 20
-83.9629999999999939
 30
0
 11
121.4621269999999953
 21
-83.8768960000000021
 31
0
  0
LINE
  5
21A
330
1A
100
AcDbEntity
  8
F.Paste
  6
CONTINUOUS
100
AcDbLine
 10
121.4621269999999953
 20
-83.8768960000000021
 30
0
 11
121.5109009999999898
 21
-83.8039009999999962
 31
0
  0
LINE
  5
21B
330
1A
100
AcDbEntity
  8
F.Paste
  6
CONTINUOUS
100
AcDbLine
 10
121.5109009999999898
 20
-83.8039009999999962
 30
0
 11
121.5838959999999958
 21
-83.7551270000000017
 31
0
  0
LINE
  5
21C
330
1A
100
AcDbEntity
  8
F.Paste
  6
CONTINUOUS
100
AcDbLine
 10
121.5838959999999958
 20
-83.7551270000000017
 30
0
 11
121.6699999999999875
 21
-83.7379999999999995
 31
0
  0
LINE
  5
21D
330
1A
100
AcDbEntity
  8
F.Paste
  6
CONTINUOUS
100
AcDbLine
 10
121.6699999999999875
 20
-83.7379999999999995
 30
0
 11
122.1699999999999875
 21
-83.7379999999999995
 31
0
  0
LINE
  5
21E
330
1A
100
AcDbEntity
  8
F.Paste
  6
CONTINUOUS
100
AcDbLine
 10
122.1699999999999875
 20
-83.7379999999999995
 30
0
 11
122.2561039999999934
 21
-83.7551270000000017
 31
0
  0
LINE
  5
21F
330
1A
100
AcDbEntity
  8
F.Paste
  6
CONTINUOUS
100
AcDbLine
 10
124.063999999999993
 20
-83.6779999999999973
 30
0
 11
123.4639999999999986
 21
-83.6779999999999973
 31
0
  0
LINE
  5
220
330
1A
100
AcDbEntity
  8
F.Paste
  6
CONTINUOUS
100
AcDbLine
 10
123.4639999999999986
 20
-83.6779999999999973
 30
0
 11
123.4639999999999986
 21
-82.4779999999999944
 31
0
  0
LINE
  5
221
330
1A
100
AcDbEntity
  8
F.Paste
  6
CONTINUOUS
100
AcDbLine
 10
123.4639999999999986
 20
-82.4779999999999944
 30
0
 11
124.063999999999993
 21
-82.4779999999999944
 31
0
  0
LINE
  5
222
330
1A
100
AcDbEntity
  8
F.Paste
  6
CONTINUOUS
100
AcDbLine
 10
124.063999999999993
 20
-82.4779999999999944
 30
0
 11
124.063999999999993
 21
-83.6779999999999973
 31
0
  0
LINE
  5
223
330
1A
100
AcDbEntity
  8
F.Paste
  6
CONTINUOUS
100
AcDbLine
 10
125.0139999999999958
 20
-83.6779999999999973
 30
0
 11
124.4139999999999873
 21
-83.6779999999999973
 31
0
  0
LINE
  5
224
330
1A
100
AcDbEntity
  8
F.Paste
  6
CONTINUOUS
100
AcDbLine
 10
124.4139999999999873
 20
-83.6779999999999973
 30
0
 11
124.4139999999999873
 21
-82.4779999999999944
 31
0
  0
LINE
  5
225
330
1A
100
AcDbEntity
  8
F.Paste
  6
CONTINUOUS
100
AcDbLine
 10
124.4139999999999873
 20
-82.4779999999999944
 30
0
 11
125.0139999999999958
 21
-82.4779999999999944
 31
0
  0
LINE
  5
226
330
1A
100
AcDbEntity
  8
F.Paste
  6
CONTINUOUS
100
AcDbLine
 10
125.0139999999999958
 20
-82.4779999999999944
 30
0
 11
125.0139999999999958
 21
-83.6779999999999973
 31
0
  0
LINE
  5
227
330
1A
100
AcDbEntity
  8
F.Paste
  6
CONTINUOUS
100
AcDbLine
 10
125.9639999999999986
 20
-83.6779999999999973
 30
0
 11
125.3639999999999901
 21
-83.6779999999999973
 31
0
  0
LINE
  5
228
330
1A
100
AcDbEntity
  8
F.Paste
  6
CONTINUOUS
100
AcDbLine
 10
125.3639999999999901
 20
-83.6779999999999973
 30
0
 11
125.3639999999999901
 21
-82.4779999999999944
 31
0
  0
LINE
  5
229
330
1A
100
AcDbEntity
  8
F.Paste
  6
CONTINUOUS
100
AcDbLine
 10
125.3639999999999901
 20
-82.4779999999999944
 30
0
 11
125.9639999999999986
 21
-82.4779999999999944
 31
0
  0
LINE
  5
22A
330
1A
100
AcDbEntity
  8
F.Paste
  6
CONTINUOUS
100
AcDbLine
 10
125.9639999999999986
 20
-82.4779999999999944
 30
0
 11
125.9639999999999986
 21
-83.6779999999999973
 31
0
  0
LINE
  5
22B
330
1A
100
AcDbEntity
  8
F.Paste
  6
CONTINUOUS
100
AcDbLine
 10
120.5066709999999972
 20
-82.4240300000000019
 30
0
 11
120.5877769999999884
 21
-82.4782229999999998
 31
0
  0
LINE
  5
22C
330
1A
100
AcDbEntity
  8
F.Paste
  6
CONTINUOUS
100
AcDbLine
 10
120.5877769999999884
 20
-82.4782229999999998
 30
0
 11
120.6419700000000006
 21
-82.5593289999999911
 31
0
  0
LINE
  5
22D
330
1A
100
AcDbEntity
  8
F.Paste
  6
CONTINUOUS
100
AcDbLine
 10
120.6419700000000006
 20
-82.5593289999999911
 30
0
 11
120.6610000000000014
 21
-82.6550000000000011
 31
0
  0
LINE
  5
22E
330
1A
100
AcDbEntity
  8
F.Paste
  6
CONTINUOUS
100
AcDbLine
 10
120.6610000000000014
 20
-82.6550000000000011
 30
0
 11
120.6610000000000014
 21
-83.3049999999999926
 31
0
  0
LINE
  5
22F
330
1A
100
AcDbEntity
  8
F.Paste
  6
CONTINUOUS
100
AcDbLine
 10
120.6610000000000014
 20
-83.3049999999999926
 30
0
 11
120.6419700000000006
 21
-83.4006710000000027
 31
0
  0
LINE
  5
230
330
1A
100
AcDbEntity
  8
F.Paste
  6
CONTINUOUS
100
AcDbLine
 10
120.6419700000000006
 20
-83.4006710000000027
 30
0
 11
120.5877769999999884
 21
-83.4817769999999939
 31
0
  0
LINE
  5
231
330
1A
100
AcDbEntity
  8
F.Paste
  6
CONTINUOUS
100
AcDbLine
 10
120.5877769999999884
 20
-83.4817769999999939
 30
0
 11
120.5066709999999972
 21
-83.5359699999999918
 31
0
  0
LINE
  5
232
330
1A
100
AcDbEntity
  8
F.Paste
  6
CONTINUOUS
100
AcDbLine
 10
120.5066709999999972
 20
-83.5359699999999918
 30
0
 11
120.4110000000000014
 21
-83.5549999999999926
 31
0
  0
LINE
  5
233
330
1A
100
AcDbEntity
  8
F.Paste
  6
CONTINUOUS
100
AcDbLine
 10
120.4110000000000014
 20
-83.5549999999999926
 30
0
 11
119.11099999999999
 21
-83.5549999999999926
 31
0
  0
LINE
  5
234
330
1A
100
AcDbEntity
  8
F.Paste
  6
CONTINUOUS
100
AcDbLine
 10
119.11099999999999
 20
-83.5549999999999926
 30
0
 11
119.0153289999999942
 21
-83.5359699999999918
 31
0
  0
LINE
  5
235
330
1A
100
AcDbEntity
  8
F.Paste
  6
CONTINUOUS
100
AcDbLine
 10
119.0153289999999942
 20
-83.5359699999999918
 30
0
 11
118.9342229999999887
 21
-83.4817769999999939
 31
0
  0
LINE
  5
236
330
1A
100
AcDbEntity
  8
F.Paste
  6
CONTINUOUS
100
AcDbLine
 10
118.9342229999999887
 20
-83.4817769999999939
 30
0
 11
118.8800299999999908
 21
-83.4006710000000027
 31
0
  0
LINE
  5
237
330
1A
100
AcDbEntity
  8
F.Paste
  6
CONTINUOUS
100
AcDbLine
 10
118.8800299999999908
 20
-83.4006710000000027
 30
0
 11
118.86099999999999
 21
-83.3049999999999926
 31
0
  0
LINE
  5
238
330
1A
100
AcDbEntity
  8
F.Paste
  6
CONTINUOUS
100
AcDbLine
 10
118.86099999999999
 20
-83.3049999999999926
 30
0
 11
118.86099999999999
 21
-82.6550000000000011
 31
0
  0
LINE
  5
239
330
1A
100
AcDbEntity
  8
F.Paste
  6
CONTINUOUS
100
AcDbLine
 10
118.86099999999999
 20
-82.6550000000000011
 30
0
 11
118.8800299999999908
 21
-82.5593289999999911
 31
0
  0
LINE
  5
23A
330
1A
100
AcDbEntity
  8
F.Paste
  6
CONTINUOUS
100
AcDbLine
 10
118.8800299999999908
 20
-82.5593289999999911
 30
0
 11
118.9342229999999887
 21
-82.4782229999999998
 31
0
  0
LINE
  5
23B
330
1A
100
AcDbEntity
  8
F.Paste
  6
CONTINUOUS
100
AcDbLine
 10
118.9342229999999887
 20
-82.4782229999999998
 30
0
 11
119.0153289999999942
 21
-82.4240300000000019
 31
0
  0
LINE
  5
23C
330
1A
100
AcDbEntity
  8
F.Paste
  6
CONTINUOUS
100
AcDbLine
 10
119.0153289999999942
 20
-82.4240300000000019
 30
0
 11
119.11099999999999
 21
-82.4050000000000011
 31
0
  0
LINE
  5
23D
330
1A
100
AcDbEntity
  8
F.Paste
  6
CONTINUOUS
100
AcDbLine
 10
119.11099999999999
 20
-82.4050000000000011
 30
0
 11
120.4110000000000014
 21
-82.4050000000000011
 31
0
  0
LINE
  5
23E
330
1A
100
AcDbEntity
  8
F.Paste
  6
CONTINUOUS
100
AcDbLine
 10
120.4110000000000014
 20
-82.4050000000000011
 30
0
 11
120.5066709999999972
 21
-82.4240300000000019
 31
0
  0
LINE
  5
23F
330
1A
100
AcDbEntity
  8
F.Paste
  6
CONTINUOUS
100
AcDbLine
 10
111.8966719999999953
 20
-82.3667760000000015
 30
0
 11
111.9777780000000007
 21
-82.4209689999999995
 31
0
  0
LINE
  5
240
330
1A
100
AcDbEntity
  8
F.Paste
  6
CONTINUOUS
100
AcDbLine
 10
111.9777780000000007
 20
-82.4209689999999995
 30
0
 11
112.0319709999999986
 21
-82.5020749999999907
 31
0
  0
LINE
  5
241
330
1A
100
AcDbEntity
  8
F.Paste
  6
CONTINUOUS
100
AcDbLine
 10
112.0319709999999986
 20
-82.5020749999999907
 30
0
 11
112.0510009999999994
 21
-82.5977460000000008
 31
0
  0
LINE
  5
242
330
1A
100
AcDbEntity
  8
F.Paste
  6
CONTINUOUS
100
AcDbLine
 10
112.0510009999999994
 20
-82.5977460000000008
 30
0
 11
112.0510009999999994
 21
-83.1977459999999951
 31
0
  0
LINE
  5
243
330
1A
100
AcDbEntity
  8
F.Paste
  6
CONTINUOUS
100
AcDbLine
 10
112.0510009999999994
 20
-83.1977459999999951
 30
0
 11
112.0319709999999986
 21
-83.2934169999999909
 31
0
  0
LINE
  5
244
330
1A
100
AcDbEntity
  8
F.Paste
  6
CONTINUOUS
100
AcDbLine
 10
112.0319709999999986
 20
-83.2934169999999909
 30
0
 11
111.9777780000000007
 21
-83.3745229999999964
 31
0
  0
LINE
  5
245
330
1A
100
AcDbEntity
  8
F.Paste
  6
CONTINUOUS
100
AcDbLine
 10
111.9777780000000007
 20
-83.3745229999999964
 30
0
 11
111.8966719999999953
 21
-83.4287159999999943
 31
0
  0
LINE
  5
246
330
1A
100
AcDbEntity
  8
F.Paste
  6
CONTINUOUS
100
AcDbLine
 10
111.8966719999999953
 20
-83.4287159999999943
 30
0
 11
111.8010009999999994
 21
-83.4477459999999951
 31
0
  0
LINE
  5
247
330
1A
100
AcDbEntity
  8
F.Paste
  6
CONTINUOUS
100
AcDbLine
 10
111.8010009999999994
 20
-83.4477459999999951
 30
0
 11
111.2010009999999909
 21
-83.4477459999999951
 31
0
  0
LINE
  5
248
330
1A
100
AcDbEntity
  8
F.Paste
  6
CONTINUOUS
100
AcDbLine
 10
111.2010009999999909
 20
-83.4477459999999951
 30
0
 11
111.105329999999995
 21
-83.4287159999999943
 31
0
  0
LINE
  5
249
330
1A
100
AcDbEntity
  8
F.Paste
  6
CONTINUOUS
100
AcDbLine
 10
111.105329999999995
 20
-83.4287159999999943
 30
0
 11
111.0242239999999896
 21
-83.3745229999999964
 31
0
  0
LINE
  5
24A
330
1A
100
AcDbEntity
  8
F.Paste
  6
CONTINUOUS
100
AcDbLine
 10
111.0242239999999896
 20
-83.3745229999999964
 30
0
 11
110.9700309999999916
 21
-83.2934169999999909
 31
0
  0
LINE
  5
24B
330
1A
100
AcDbEntity
  8
F.Paste
  6
CONTINUOUS
100
AcDbLine
 10
110.9700309999999916
 20
-83.2934169999999909
 30
0
 11
110.9510009999999909
 21
-83.1977459999999951
 31
0
  0
LINE
  5
24C
330
1A
100
AcDbEntity
  8
F.Paste
  6
CONTINUOUS
100
AcDbLine
 10
110.9510009999999909
 20
-83.1977459999999951
 30
0
 11
110.9510009999999909
 21
-82.5977460000000008
 31
0
  0
LINE
  5
24D
330
1A
100
AcDbEntity
  8
F.Paste
  6
CONTINUOUS
100
AcDbLine
 10
110.9510009999999909
 20
-82.5977460000000008
 30
0
 11
110.9700309999999916
 21
-82.5020749999999907
 31
0
  0
LINE
  5
24E
330
1A
100
AcDbEntity
  8
F.Paste
  6
CONTINUOUS
100
AcDbLine
 10
110.9700309999999916
 20
-82.5020749999999907
 30
0
 11
111.0242239999999896
 21
-82.4209689999999995
 31
0
  0
LINE
  5
24F
330
1A
100
AcDbEntity
  8
F.Paste
  6
CONTINUOUS
100
AcDbLine
 10
111.0242239999999896
 20
-82.4209689999999995
 30
0
 11
111.105329999999995
 21
-82.3667760000000015
 31
0
  0
LINE
  5
250
330
1A
100
AcDbEntity
  8
F.Paste
  6
CONTINUOUS
100
AcDbLine
 10
111.105329999999995
 20
-82.3667760000000015
 30
0
 11
111.2010009999999909
 21
-82.3477460000000008
 31
0
  0
LINE
  5
251
330
1A
100
AcDbEntity
  8
F.Paste
  6
CONTINUOUS
100
AcDbLine
 10
111.2010009999999909
 20
-82.3477460000000008
 30
0
 11
111.8010009999999994
 21
-82.3477460000000008
 31
0
  0
LINE
  5
252
330
1A
100
AcDbEntity
  8
F.Paste
  6
CONTINUOUS
100
AcDbLine
 10
111.8010009999999994
 20
-82.3477460000000008
 30
0
 11
111.8966719999999953
 21
-82.3667760000000015
 31
0
  0
LINE
  5
253
330
1A
100
AcDbEntity
  8
F.Paste
  6
CONTINUOUS
100
AcDbLine
 10
127.9711039999999969
 20
-82.4851269999999914
 30
0
 11
128.0440989999999886
 21
-82.5339010000000002
 31
0
  0
LINE
  5
254
330
1A
100
AcDbEntity
  8
F.Paste
  6
CONTINUOUS
100
AcDbLine
 10
128.0440989999999886
 20
-82.5339010000000002
 30
0
 11
128.0928729999999973
 21
-82.6068959999999919
 31
0
  0
LINE
  5
255
330
1A
100
AcDbEntity
  8
F.Paste
  6
CONTINUOUS
100
AcDbLine
 10
128.0928729999999973
 20
-82.6068959999999919
 30
0
 11
128.1099999999999852
 21
-82.6929999999999978
 31
0
  0
LINE
  5
256
330
1A
100
AcDbEntity
  8
F.Paste
  6
CONTINUOUS
100
AcDbLine
 10
128.1099999999999852
 20
-82.6929999999999978
 30
0
 11
128.1099999999999852
 21
-83.1430000000000007
 31
0
  0
LINE
  5
257
330
1A
100
AcDbEntity
  8
F.Paste
  6
CONTINUOUS
100
AcDbLine
 10
128.1099999999999852
 20
-83.1430000000000007
 30
0
 11
128.0928729999999973
 21
-83.2291039999999924
 31
0
  0
LINE
  5
258
330
1A
100
AcDbEntity
  8
F.Paste
  6
CONTINUOUS
100
AcDbLine
 10
128.0928729999999973
 20
-83.2291039999999924
 30
0
 11
128.0440989999999886
 21
-83.3020989999999983
 31
0
  0
LINE
  5
259
330
1A
100
AcDbEntity
  8
F.Paste
  6
CONTINUOUS
100
AcDbLine
 10
128.0440989999999886
 20
-83.3020989999999983
 30
0
 11
127.9711039999999969
 21
-83.3508729999999929
 31
0
  0
LINE
  5
25A
330
1A
100
AcDbEntity
  8
F.Paste
  6
CONTINUOUS
100
AcDbLine
 10
127.9711039999999969
 20
-83.3508729999999929
 30
0
 11
127.8849999999999909
 21
-83.367999999999995
 31
0
  0
LINE
  5
25B
330
1A
100
AcDbEntity
  8
F.Paste
  6
CONTINUOUS
100
AcDbLine
 10
127.8849999999999909
 20
-83.367999999999995
 30
0
 11
127.3849999999999909
 21
-83.367999999999995
 31
0
  0
LINE
  5
25C
330
1A
100
AcDbEntity
  8
F.Paste
  6
CONTINUOUS
100
AcDbLine
 10
127.3849999999999909
 20
-83.367999999999995
 30
0
 11
127.2988959999999992
 21
-83.3508729999999929
 31
0
  0
LINE
  5
25D
330
1A
100
AcDbEntity
  8
F.Paste
  6
CONTINUOUS
100
AcDbLine
 10
127.2988959999999992
 20
-83.3508729999999929
 30
0
 11
127.2259009999999932
 21
-83.3020989999999983
 31
0
  0
LINE
  5
25E
330
1A
100
AcDbEntity
  8
F.Paste
  6
CONTINUOUS
100
AcDbLine
 10
127.2259009999999932
 20
-83.3020989999999983
 30
0
 11
127.1771269999999987
 21
-83.2291039999999924
 31
0
  0
LINE
  5
25F
330
1A
100
AcDbEntity
  8
F.Paste
  6
CONTINUOUS
100
AcDbLine
 10
127.1771269999999987
 20
-83.2291039999999924
 30
0
 11
127.1599999999999966
 21
-83.1430000000000007
 31
0
  0
LINE
  5
260
330
1A
100
AcDbEntity
  8
F.Paste
  6
CONTINUOUS
100
AcDbLine
 10
127.1599999999999966
 20
-83.1430000000000007
 30
0
 11
127.1599999999999966
 21
-82.6929999999999978
 31
0
  0
LINE
  5
261
330
1A
100
AcDbEntity
  8
F.Paste
  6
CONTINUOUS
100
AcDbLine
 10
127.1599999999999966
 20
-82.6929999999999978
 30
0
 11
127.1771269999999987
 21
-82.6068959999999919
 31
0
  0
LINE
  5
262
330
1A
100
AcDbEntity
  8
F.Paste
  6
CONTINUOUS
100
AcDbLine
 10
127.1771269999999987
 20
-82.6068959999999919
 30
0
 11
127.2259009999999932
 21
-82.5339010000000002
 31
0
  0
LINE
  5
263
330
1A
100
AcDbEntity
  8
F.Paste
  6
CONTINUOUS
100
AcDbLine
 10
127.2259009999999932
 20
-82.5339010000000002
 30
0
 11
127.2988959999999992
 21
-82.4851269999999914
 31
0
  0
LINE
  5
264
330
1A
100
AcDbEntity
  8
F.Paste
  6
CONTINUOUS
100
AcDbLine
 10
127.2988959999999992
 20
-82.4851269999999914
 30
0
 11
127.3849999999999909
 21
-82.4679999999999893
 31
0
  0
LINE
  5
265
330
1A
100
AcDbEntity
  8
F.Paste
  6
CONTINUOUS
100
AcDbLine
 10
127.3849999999999909
 20
-82.4679999999999893
 30
0
 11
127.8849999999999909
 21
-82.4679999999999893
 31
0
  0
LINE
  5
266
330
1A
100
AcDbEntity
  8
F.Paste
  6
CONTINUOUS
100
AcDbLine
 10
127.8849999999999909
 20
-82.4679999999999893
 30
0
 11
127.9711039999999969
 21
-82.4851269999999914
 31
0
  0
LINE
  5
267
330
1A
100
AcDbEntity
  8
F.Paste
  6
CONTINUOUS
100
AcDbLine
 10
122.973670999999996
 20
-80.6830300000000022
 30
0
 11
123.0547770000000014
 21
-80.7372230000000002
 31
0
  0
LINE
  5
268
330
1A
100
AcDbEntity
  8
F.Paste
  6
CONTINUOUS
100
AcDbLine
 10
123.0547770000000014
 20
-80.7372230000000002
 30
0
 11
123.1089699999999993
 21
-80.8183289999999914
 31
0
  0
LINE
  5
269
330
1A
100
AcDbEntity
  8
F.Paste
  6
CONTINUOUS
100
AcDbLine
 10
123.1089699999999993
 20
-80.8183289999999914
 30
0
 11
123.1280000000000001
 21
-80.9140000000000015
 31
0
  0
LINE
  5
26A
330
1A
100
AcDbEntity
  8
F.Paste
  6
CONTINUOUS
100
AcDbLine
 10
123.1280000000000001
 20
-80.9140000000000015
 30
0
 11
123.1280000000000001
 21
-81.438999999999993
 31
0
  0
LINE
  5
26B
330
1A
100
AcDbEntity
  8
F.Paste
  6
CONTINUOUS
100
AcDbLine
 10
123.1280000000000001
 20
-81.438999999999993
 30
0
 11
123.1089699999999993
 21
-81.534671000000003
 31
0
  0
LINE
  5
26C
330
1A
100
AcDbEntity
  8
F.Paste
  6
CONTINUOUS
100
AcDbLine
 10
123.1089699999999993
 20
-81.534671000000003
 30
0
 11
123.0547770000000014
 21
-81.6157769999999942
 31
0
  0
LINE
  5
26D
330
1A
100
AcDbEntity
  8
F.Paste
  6
CONTINUOUS
100
AcDbLine
 10
123.0547770000000014
 20
-81.6157769999999942
 30
0
 11
122.973670999999996
 21
-81.6699699999999922
 31
0
  0
LINE
  5
26E
330
1A
100
AcDbEntity
  8
F.Paste
  6
CONTINUOUS
100
AcDbLine
 10
122.973670999999996
 20
-81.6699699999999922
 30
0
 11
122.8780000000000001
 21
-81.688999999999993
 31
0
  0
LINE
  5
26F
330
1A
100
AcDbEntity
  8
F.Paste
  6
CONTINUOUS
100
AcDbLine
 10
122.8780000000000001
 20
-81.688999999999993
 30
0
 11
121.9779999999999944
 21
-81.688999999999993
 31
0
  0
LINE
  5
270
330
1A
100
AcDbEntity
  8
F.Paste
  6
CONTINUOUS
100
AcDbLine
 10
121.9779999999999944
 20
-81.688999999999993
 30
0
 11
121.8823289999999986
 21
-81.6699699999999922
 31
0
  0
LINE
  5
271
330
1A
100
AcDbEntity
  8
F.Paste
  6
CONTINUOUS
100
AcDbLine
 10
121.8823289999999986
 20
-81.6699699999999922
 30
0
 11
121.8012229999999931
 21
-81.6157769999999942
 31
0
  0
LINE
  5
272
330
1A
100
AcDbEntity
  8
F.Paste
  6
CONTINUOUS
100
AcDbLine
 10
121.8012229999999931
 20
-81.6157769999999942
 30
0
 11
121.7470299999999952
 21
-81.534671000000003
 31
0
  0
LINE
  5
273
330
1A
100
AcDbEntity
  8
F.Paste
  6
CONTINUOUS
100
AcDbLine
 10
121.7470299999999952
 20
-81.534671000000003
 30
0
 11
121.7279999999999944
 21
-81.438999999999993
 31
0
  0
LINE
  5
274
330
1A
100
AcDbEntity
  8
F.Paste
  6
CONTINUOUS
100
AcDbLine
 10
121.7279999999999944
 20
-81.438999999999993
 30
0
 11
121.7279999999999944
 21
-80.9140000000000015
 31
0
  0
LINE
  5
275
330
1A
100
AcDbEntity
  8
F.Paste
  6
CONTINUOUS
100
AcDbLine
 10
121.7279999999999944
 20
-80.9140000000000015
 30
0
 11
121.7470299999999952
 21
-80.8183289999999914
 31
0
  0
LINE
  5
276
330
1A
100
AcDbEntity
  8
F.Paste
  6
CONTINUOUS
100
AcDbLine
 10
121.7470299999999952
 20
-80.8183289999999914
 30
0
 11
121.8012229999999931
 21
-80.7372230000000002
 31
0
  0
LINE
  5
277
330
1A
100
AcDbEntity
  8
F.Paste
  6
CONTINUOUS
100
AcDbLine
 10
121.8012229999999931
 20
-80.7372230000000002
 30
0
 11
121.8823289999999986
 21
-80.6830300000000022
 31
0
  0
LINE
  5
278
330
1A
100
AcDbEntity
  8
F.Paste
  6
CONTINUOUS
100
AcDbLine
 10
121.8823289999999986
 20
-80.6830300000000022
 30
0
 11
121.9779999999999944
 21
-80.6640000000000015
 31
0
  0
LINE
  5
279
330
1A
100
AcDbEntity
  8
F.Paste
  6
CONTINUOUS
100
AcDbLine
 10
121.9779999999999944
 20
-80.6640000000000015
 30
0
 11
122.8780000000000001
 21
-80.6640000000000015
 31
0
  0
LINE
  5
27A
330
1A
100
AcDbEntity
  8
F.Paste
  6
CONTINUOUS
100
AcDbLine
 10
122.8780000000000001
 20
-80.6640000000000015
 30
0
 11
122.973670999999996
 21
-80.6830300000000022
 31
0
  0
LINE
  5
27B
330
1A
100
AcDbEntity
  8
F.Paste
  6
CONTINUOUS
100
AcDbLine
 10
120.6876709999999946
 20
-80.6595299999999895
 30
0
 11
120.768777
 21
-80.7137230000000017
 31
0
  0
LINE
  5
27C
330
1A
100
AcDbEntity
  8
F.Paste
  6
CONTINUOUS
100
AcDbLine
 10
120.768777
 20
-80.7137230000000017
 30
0
 11
120.822969999999998
 21
-80.7948289999999929
 31
0
  0
LINE
  5
27D
330
1A
100
AcDbEntity
  8
F.Paste
  6
CONTINUOUS
100
AcDbLine
 10
120.822969999999998
 20
-80.7948289999999929
 30
0
 11
120.8419999999999987
 21
-80.890500000000003
 31
0
  0
LINE
  5
27E
330
1A
100
AcDbEntity
  8
F.Paste
  6
CONTINUOUS
100
AcDbLine
 10
120.8419999999999987
 20
-80.890500000000003
 30
0
 11
120.8419999999999987
 21
-81.4154999999999944
 31
0
  0
LINE
  5
27F
330
1A
100
AcDbEntity
  8
F.Paste
  6
CONTINUOUS
100
AcDbLine
 10
120.8419999999999987
 20
-81.4154999999999944
 30
0
 11
120.822969999999998
 21
-81.5111709999999903
 31
0
  0
LINE
  5
280
330
1A
100
AcDbEntity
  8
F.Paste
  6
CONTINUOUS
100
AcDbLine
 10
120.822969999999998
 20
-81.5111709999999903
 30
0
 11
120.768777
 21
-81.5922769999999957
 31
0
  0
LINE
  5
281
330
1A
100
AcDbEntity
  8
F.Paste
  6
CONTINUOUS
100
AcDbLine
 10
120.768777
 20
-81.5922769999999957
 30
0
 11
120.6876709999999946
 21
-81.6464699999999937
 31
0
  0
LINE
  5
282
330
1A
100
AcDbEntity
  8
F.Paste
  6
CONTINUOUS
100
AcDbLine
 10
120.6876709999999946
 20
-81.6464699999999937
 30
0
 11
120.5919999999999987
 21
-81.6654999999999944
 31
0
  0
LINE
  5
283
330
1A
100
AcDbEntity
  8
F.Paste
  6
CONTINUOUS
100
AcDbLine
 10
120.5919999999999987
 20
-81.6654999999999944
 30
0
 11
119.6919999999999931
 21
-81.6654999999999944
 31
0
  0
LINE
  5
284
330
1A
100
AcDbEntity
  8
F.Paste
  6
CONTINUOUS
100
AcDbLine
 10
119.6919999999999931
 20
-81.6654999999999944
 30
0
 11
119.5963289999999972
 21
-81.6464699999999937
 31
0
  0
LINE
  5
285
330
1A
100
AcDbEntity
  8
F.Paste
  6
CONTINUOUS
100
AcDbLine
 10
119.5963289999999972
 20
-81.6464699999999937
 30
0
 11
119.5152229999999918
 21
-81.5922769999999957
 31
0
  0
LINE
  5
286
330
1A
100
AcDbEntity
  8
F.Paste
  6
CONTINUOUS
100
AcDbLine
 10
119.5152229999999918
 20
-81.5922769999999957
 30
0
 11
119.4610299999999938
 21
-81.5111709999999903
 31
0
  0
LINE
  5
287
330
1A
100
AcDbEntity
  8
F.Paste
  6
CONTINUOUS
100
AcDbLine
 10
119.4610299999999938
 20
-81.5111709999999903
 30
0
 11
119.4419999999999931
 21
-81.4154999999999944
 31
0
  0
LINE
  5
288
330
1A
100
AcDbEntity
  8
F.Paste
  6
CONTINUOUS
100
AcDbLine
 10
119.4419999999999931
 20
-81.4154999999999944
 30
0
 11
119.4419999999999931
 21
-80.890500000000003
 31
0
  0
LINE
  5
289
330
1A
100
AcDbEntity
  8
F.Paste
  6
CONTINUOUS
100
AcDbLine
 10
119.4419999999999931
 20
-80.890500000000003
 30
0
 11
119.4610299999999938
 21
-80.7948289999999929
 31
0
  0
LINE
  5
28A
330
1A
100
AcDbEntity
  8
F.Paste
  6
CONTINUOUS
100
AcDbLine
 10
119.4610299999999938
 20
-80.7948289999999929
 30
0
 11
119.5152229999999918
 21
-80.7137230000000017
 31
0
  0
LINE
  5
28B
330
1A
100
AcDbEntity
  8
F.Paste
  6
CONTINUOUS
100
AcDbLine
 10
119.5152229999999918
 20
-80.7137230000000017
 30
0
 11
119.5963289999999972
 21
-80.6595299999999895
 31
0
  0
LINE
  5
28C
330
1A
100
AcDbEntity
  8
F.Paste
  6
CONTINUOUS
100
AcDbLine
 10
119.5963289999999972
 20
-80.6595299999999895
 30
0
 11
119.6919999999999931
 21
-80.640500000000003
 31
0
  0
LINE
  5
28D
330
1A
100
AcDbEntity
  8
F.Paste
  6
CONTINUOUS
100
AcDbLine
 10
119.6919999999999931
 20
-80.640500000000003
 30
0
 11
120.5919999999999987
 21
-80.640500000000003
 31
0
  0
LINE
  5
28E
330
1A
100
AcDbEntity
  8
F.Paste
  6
CONTINUOUS
100
AcDbLine
 10
120.5919999999999987
 20
-80.640500000000003
 30
0
 11
120.6876709999999946
 21
-80.6595299999999895
 31
0
  0
LINE
  5
28F
330
1A
100
AcDbEntity
  8
F.Paste
  6
CONTINUOUS
100
AcDbLine
 10
125.0566709999999944
 20
-78.9330300000000022
 30
0
 11
125.1377769999999998
 21
-78.9872230000000002
 31
0
  0
LINE
  5
290
330
1A
100
AcDbEntity
  8
F.Paste
  6
CONTINUOUS
100
AcDbLine
 10
125.1377769999999998
 20
-78.9872230000000002
 30
0
 11
125.1919699999999978
 21
-79.0683289999999914
 31
0
  0
LINE
  5
291
330
1A
100
AcDbEntity
  8
F.Paste
  6
CONTINUOUS
100
AcDbLine
 10
125.1919699999999978
 20
-79.0683289999999914
 30
0
 11
125.2109999999999985
 21
-79.1640000000000015
 31
0
  0
LINE
  5
292
330
1A
100
AcDbEntity
  8
F.Paste
  6
CONTINUOUS
100
AcDbLine
 10
125.2109999999999985
 20
-79.1640000000000015
 30
0
 11
125.2109999999999985
 21
-81.3639999999999901
 31
0
  0
LINE
  5
293
330
1A
100
AcDbEntity
  8
F.Paste
  6
CONTINUOUS
100
AcDbLine
 10
125.2109999999999985
 20
-81.3639999999999901
 30
0
 11
125.1919699999999978
 21
-81.4596710000000002
 31
0
  0
LINE
  5
294
330
1A
100
AcDbEntity
  8
F.Paste
  6
CONTINUOUS
100
AcDbLine
 10
125.1919699999999978
 20
-81.4596710000000002
 30
0
 11
125.1377769999999998
 21
-81.5407769999999914
 31
0
  0
LINE
  5
295
330
1A
100
AcDbEntity
  8
F.Paste
  6
CONTINUOUS
100
AcDbLine
 10
125.1377769999999998
 20
-81.5407769999999914
 30
0
 11
125.0566709999999944
 21
-81.5949699999999893
 31
0
  0
LINE
  5
296
330
1A
100
AcDbEntity
  8
F.Paste
  6
CONTINUOUS
100
AcDbLine
 10
125.0566709999999944
 20
-81.5949699999999893
 30
0
 11
124.9609999999999985
 21
-81.6139999999999901
 31
0
  0
LINE
  5
297
330
1A
100
AcDbEntity
  8
F.Paste
  6
CONTINUOUS
100
AcDbLine
 10
124.9609999999999985
 20
-81.6139999999999901
 30
0
 11
124.3109999999999928
 21
-81.6139999999999901
 31
0
  0
LINE
  5
298
330
1A
100
AcDbEntity
  8
F.Paste
  6
CONTINUOUS
100
AcDbLine
 10
124.3109999999999928
 20
-81.6139999999999901
 30
0
 11
124.215328999999997
 21
-81.5949699999999893
 31
0
  0
LINE
  5
299
330
1A
100
AcDbEntity
  8
F.Paste
  6
CONTINUOUS
100
AcDbLine
 10
124.215328999999997
 20
-81.5949699999999893
 30
0
 11
124.1342229999999915
 21
-81.5407769999999914
 31
0
  0
LINE
  5
29A
330
1A
100
AcDbEntity
  8
F.Paste
  6
CONTINUOUS
100
AcDbLine
 10
124.1342229999999915
 20
-81.5407769999999914
 30
0
 11
124.0800299999999936
 21
-81.4596710000000002
 31
0
  0
LINE
  5
29B
330
1A
100
AcDbEntity
  8
F.Paste
  6
CONTINUOUS
100
AcDbLine
 10
124.0800299999999936
 20
-81.4596710000000002
 30
0
 11
124.0609999999999928
 21
-81.3639999999999901
 31
0
  0
LINE
  5
29C
330
1A
100
AcDbEntity
  8
F.Paste
  6
CONTINUOUS
100
AcDbLine
 10
124.0609999999999928
 20
-81.3639999999999901
 30
0
 11
124.0609999999999928
 21
-79.1640000000000015
 31
0
  0
LINE
  5
29D
330
1A
100
AcDbEntity
  8
F.Paste
  6
CONTINUOUS
100
AcDbLine
 10
124.0609999999999928
 20
-79.1640000000000015
 30
0
 11
124.0800299999999936
 21
-79.0683289999999914
 31
0
  0
LINE
  5
29E
330
1A
100
AcDbEntity
  8
F.Paste
  6
CONTINUOUS
100
AcDbLine
 10
124.0800299999999936
 20
-79.0683289999999914
 30
0
 11
124.1342229999999915
 21
-78.9872230000000002
 31
0
  0
LINE
  5
29F
330
1A
100
AcDbEntity
  8
F.Paste
  6
CONTINUOUS
100
AcDbLine
 10
124.1342229999999915
 20
-78.9872230000000002
 30
0
 11
124.215328999999997
 21
-78.9330300000000022
 31
0
  0
LINE
  5
2A0
330
1A
100
AcDbEntity
  8
F.Paste
  6
CONTINUOUS
100
AcDbLine
 10
124.215328999999997
 20
-78.9330300000000022
 30
0
 11
124.3109999999999928
 21
-78.9140000000000015
 31
0
  0
LINE
  5
2A1
330
1A
100
AcDbEntity
  8
F.Paste
  6
CONTINUOUS
100
AcDbLine
 10
124.3109999999999928
 20
-78.9140000000000015
 30
0
 11
124.9609999999999985
 21
-78.9140000000000015
 31
0
  0
LINE
  5
2A2
330
1A
100
AcDbEntity
  8
F.Paste
  6
CONTINUOUS
100
AcDbLine
 10
124.9609999999999985
 20
-78.9140000000000015
 30
0
 11
125.0566709999999944
 21
-78.9330300000000022
 31
0
  0
LINE
  5
2A3
330
1A
100
AcDbEntity
  8
F.Paste
  6
CONTINUOUS
100
AcDbLine
 10
128.006670999999983
 20
-78.9330300000000022
 30
0
 11
128.0877769999999884
 21
-78.9872230000000002
 31
0
  0
LINE
  5
2A4
330
1A
100
AcDbEntity
  8
F.Paste
  6
CONTINUOUS
100
AcDbLine
 10
128.0877769999999884
 20
-78.9872230000000002
 30
0
 11
128.1419699999999864
 21
-79.0683289999999914
 31
0
  0
LINE
  5
2A5
330
1A
100
AcDbEntity
  8
F.Paste
  6
CONTINUOUS
100
AcDbLine
 10
128.1419699999999864
 20
-79.0683289999999914
 30
0
 11
128.1610000000000014
 21
-79.1640000000000015
 31
0
  0
LINE
  5
2A6
330
1A
100
AcDbEntity
  8
F.Paste
  6
CONTINUOUS
100
AcDbLine
 10
128.1610000000000014
 20
-79.1640000000000015
 30
0
 11
128.1610000000000014
 21
-81.3639999999999901
 31
0
  0
LINE
  5
2A7
330
1A
100
AcDbEntity
  8
F.Paste
  6
CONTINUOUS
100
AcDbLine
 10
128.1610000000000014
 20
-81.3639999999999901
 30
0
 11
128.1419699999999864
 21
-81.4596710000000002
 31
0
  0
LINE
  5
2A8
330
1A
100
AcDbEntity
  8
F.Paste
  6
CONTINUOUS
100
AcDbLine
 10
128.1419699999999864
 20
-81.4596710000000002
 30
0
 11
128.0877769999999884
 21
-81.5407769999999914
 31
0
  0
LINE
  5
2A9
330
1A
100
AcDbEntity
  8
F.Paste
  6
CONTINUOUS
100
AcDbLine
 10
128.0877769999999884
 20
-81.5407769999999914
 30
0
 11
128.006670999999983
 21
-81.5949699999999893
 31
0
  0
LINE
  5
2AA
330
1A
100
AcDbEntity
  8
F.Paste
  6
CONTINUOUS
100
AcDbLine
 10
128.006670999999983
 20
-81.5949699999999893
 30
0
 11
127.9109999999999872
 21
-81.6139999999999901
 31
0
  0
LINE
  5
2AB
330
1A
100
AcDbEntity
  8
F.Paste
  6
CONTINUOUS
100
AcDbLine
 10
127.9109999999999872
 20
-81.6139999999999901
 30
0
 11
127.2609999999999957
 21
-81.6139999999999901
 31
0
  0
LINE
  5
2AC
330
1A
100
AcDbEntity
  8
F.Paste
  6
CONTINUOUS
100
AcDbLine
 10
127.2609999999999957
 20
-81.6139999999999901
 30
0
 11
127.1653289999999998
 21
-81.5949699999999893
 31
0
  0
LINE
  5
2AD
330
1A
100
AcDbEntity
  8
F.Paste
  6
CONTINUOUS
100
AcDbLine
 10
127.1653289999999998
 20
-81.5949699999999893
 30
0
 11
127.0842229999999944
 21
-81.5407769999999914
 31
0
  0
LINE
  5
2AE
330
1A
100
AcDbEntity
  8
F.Paste
  6
CONTINUOUS
100
AcDbLine
 10
127.0842229999999944
 20
-81.5407769999999914
 30
0
 11
127.0300299999999964
 21
-81.4596710000000002
 31
0
  0
LINE
  5
2AF
330
1A
100
AcDbEntity
  8
F.Paste
  6
CONTINUOUS
100
AcDbLine
 10
127.0300299999999964
 20
-81.4596710000000002
 30
0
 11
127.0109999999999957
 21
-81.3639999999999901
 31
0
  0
LINE
  5
2B0
330
1A
100
AcDbEntity
  8
F.Paste
  6
CONTINUOUS
100
AcDbLine
 10
127.0109999999999957
 20
-81.3639999999999901
 30
0
 11
127.0109999999999957
 21
-79.1640000000000015
 31
0
  0
LINE
  5
2B1
330
1A
100
AcDbEntity
  8
F.Paste
  6
CONTINUOUS
100
AcDbLine
 10
127.0109999999999957
 20
-79.1640000000000015
 30
0
 11
127.0300299999999964
 21
-79.0683289999999914
 31
0
  0
LINE
  5
2B2
330
1A
100
AcDbEntity
  8
F.Paste
  6
CONTINUOUS
100
AcDbLine
 10
127.0300299999999964
 20
-79.0683289999999914
 30
0
 11
127.0842229999999944
 21
-78.9872230000000002
 31
0
  0
LINE
  5
2B3
330
1A
100
AcDbEntity
  8
F.Paste
  6
CONTINUOUS
100
AcDbLine
 10
127.0842229999999944
 20
-78.9872230000000002
 30
0
 11
127.1653289999999998
 21
-78.9330300000000022
 31
0
  0
LINE
  5
2B4
330
1A
100
AcDbEntity
  8
F.Paste
  6
CONTINUOUS
100
AcDbLine
 10
127.1653289999999998
 20
-78.9330300000000022
 30
0
 11
127.2609999999999957
 21
-78.9140000000000015
 31
0
  0
LINE
  5
2B5
330
1A
100
AcDbEntity
  8
F.Paste
  6
CONTINUOUS
100
AcDbLine
 10
127.2609999999999957
 20
-78.9140000000000015
 30
0
 11
127.9109999999999872
 21
-78.9140000000000015
 31
0
  0
LINE
  5
2B6
330
1A
100
AcDbEntity
  8
F.Paste
  6
CONTINUOUS
100
AcDbLine
 10
127.9109999999999872
 20
-78.9140000000000015
 30
0
 11
128.006670999999983
 21
-78.9330300000000022
 31
0
  0
LINE
  5
2B7
330
1A
100
AcDbEntity
  8
F.Paste
  6
CONTINUOUS
100
AcDbLine
 10
111.8966719999999953
 20
-79.5667759999999902
 30
0
 11
111.9777780000000007
 21
-79.6209690000000023
 31
0
  0
LINE
  5
2B8
330
1A
100
AcDbEntity
  8
F.Paste
  6
CONTINUOUS
100
AcDbLine
 10
111.9777780000000007
 20
-79.6209690000000023
 30
0
 11
112.0319709999999986
 21
-79.7020749999999936
 31
0
  0
LINE
  5
2B9
330
1A
100
AcDbEntity
  8
F.Paste
  6
CONTINUOUS
100
AcDbLine
 10
112.0319709999999986
 20
-79.7020749999999936
 30
0
 11
112.0510009999999994
 21
-79.7977459999999894
 31
0
  0
LINE
  5
2BA
330
1A
100
AcDbEntity
  8
F.Paste
  6
CONTINUOUS
100
AcDbLine
 10
112.0510009999999994
 20
-79.7977459999999894
 30
0
 11
112.0510009999999994
 21
-80.3977459999999979
 31
0
  0
LINE
  5
2BB
330
1A
100
AcDbEntity
  8
F.Paste
  6
CONTINUOUS
100
AcDbLine
 10
112.0510009999999994
 20
-80.3977459999999979
 30
0
 11
112.0319709999999986
 21
-80.4934169999999938
 31
0
  0
LINE
  5
2BC
330
1A
100
AcDbEntity
  8
F.Paste
  6
CONTINUOUS
100
AcDbLine
 10
112.0319709999999986
 20
-80.4934169999999938
 30
0
 11
111.9777780000000007
 21
-80.5745229999999992
 31
0
  0
LINE
  5
2BD
330
1A
100
AcDbEntity
  8
F.Paste
  6
CONTINUOUS
100
AcDbLine
 10
111.9777780000000007
 20
-80.5745229999999992
 30
0
 11
111.8966719999999953
 21
-80.6287159999999972
 31
0
  0
LINE
  5
2BE
330
1A
100
AcDbEntity
  8
F.Paste
  6
CONTINUOUS
100
AcDbLine
 10
111.8966719999999953
 20
-80.6287159999999972
 30
0
 11
111.8010009999999994
 21
-80.6477459999999979
 31
0
  0
LINE
  5
2BF
330
1A
100
AcDbEntity
  8
F.Paste
  6
CONTINUOUS
100
AcDbLine
 10
111.8010009999999994
 20
-80.6477459999999979
 30
0
 11
111.2010009999999909
 21
-80.6477459999999979
 31
0
  0
LINE
  5
2C0
330
1A
100
AcDbEntity
  8
F.Paste
  6
CONTINUOUS
100
AcDbLine
 10
111.2010009999999909
 20
-80.6477459999999979
 30
0
 11
111.105329999999995
 21
-80.6287159999999972
 31
0
  0
LINE
  5
2C1
330
1A
100
AcDbEntity
  8
F.Paste
  6
CONTINUOUS
100
AcDbLine
 10
111.105329999999995
 20
-80.6287159999999972
 30
0
 11
111.0242239999999896
 21
-80.5745229999999992
 31
0
  0
LINE
  5
2C2
330
1A
100
AcDbEntity
  8
F.Paste
  6
CONTINUOUS
100
AcDbLine
 10
111.0242239999999896
 20
-80.5745229999999992
 30
0
 11
110.9700309999999916
 21
-80.4934169999999938
 31
0
  0
LINE
  5
2C3
330
1A
100
AcDbEntity
  8
F.Paste
  6
CONTINUOUS
100
AcDbLine
 10
110.9700309999999916
 20
-80.4934169999999938
 30
0
 11
110.9510009999999909
 21
-80.3977459999999979
 31
0
  0
LINE
  5
2C4
330
1A
100
AcDbEntity
  8
F.Paste
  6
CONTINUOUS
100
AcDbLine
 10
110.9510009999999909
 20
-80.3977459999999979
 30
0
 11
110.9510009999999909
 21
-79.7977459999999894
 31
0
  0
LINE
  5
2C5
330
1A
100
AcDbEntity
  8
F.Paste
  6
CONTINUOUS
100
AcDbLine
 10
110.9510009999999909
 20
-79.7977459999999894
 30
0
 11
110.9700309999999916
 21
-79.7020749999999936
 31
0
  0
LINE
  5
2C6
330
1A
100
AcDbEntity
  8
F.Paste
  6
CONTINUOUS
100
AcDbLine
 10
110.9700309999999916
 20
-79.7020749999999936
 30
0
 11
111.0242239999999896
 21
-79.6209690000000023
 31
0
  0
LINE
  5
2C7
330
1A
100
AcDbEntity
  8
F.Paste
  6
CONTINUOUS
100
AcDbLine
 10
111.0242239999999896
 20
-79.6209690000000023
 30
0
 11
111.105329999999995
 21
-79.5667759999999902
 31
0
  0
LINE
  5
2C8
330
1A
100
AcDbEntity
  8
F.Paste
  6
CONTINUOUS
100
AcDbLine
 10
111.105329999999995
 20
-79.5667759999999902
 30
0
 11
111.2010009999999909
 21
-79.5477459999999894
 31
0
  0
LINE
  5
2C9
330
1A
100
AcDbEntity
  8
F.Paste
  6
CONTINUOUS
100
AcDbLine
 10
111.2010009999999909
 20
-79.5477459999999894
 30
0
 11
111.8010009999999994
 21
-79.5477459999999894
 31
0
  0
LINE
  5
2CA
330
1A
100
AcDbEntity
  8
F.Paste
  6
CONTINUOUS
100
AcDbLine
 10
111.8010009999999994
 20
-79.5477459999999894
 30
0
 11
111.8966719999999953
 21
-79.5667759999999902
 31
0
  0
LINE
  5
2CB
330
1A
100
AcDbEntity
  8
F.Paste
  6
CONTINUOUS
100
AcDbLine
 10
135.8382379999999898
 20
-77.4980059999999895
 30
0
 11
135.8802379999999914
 21
-77.5000059999999991
 31
0
  0
LINE
  5
2CC
330
1A
100
AcDbEntity
  8
F.Paste
  6
CONTINUOUS
100
AcDbLine
 10
135.8802379999999914
 20
-77.5000059999999991
 30
0
 11
135.880707000000001
 21
-77.5000500000000017
 31
0
  0
LINE
  5
2CD
330
1A
100
AcDbEntity
  8
F.Paste
  6
CONTINUOUS
100
AcDbLine
 10
135.880707000000001
 20
-77.5000500000000017
 30
0
 11
135.9017069999999876
 21
-77.5030500000000018
 31
0
  0
LINE
  5
2CE
330
1A
100
AcDbEntity
  8
F.Paste
  6
CONTINUOUS
100
AcDbLine
 10
135.9017069999999876
 20
-77.5030500000000018
 30
0
 11
135.9019810000000064
 21
-77.5030969999999968
 31
0
  0
LINE
  5
2CF
330
1A
100
AcDbEntity
  8
F.Paste
  6
CONTINUOUS
100
AcDbLine
 10
135.9019810000000064
 20
-77.5030969999999968
 30
0
 11
135.9219809999999882
 21
-77.5070970000000017
 31
0
  0
LINE
  5
2D0
330
1A
100
AcDbEntity
  8
F.Paste
  6
CONTINUOUS
100
AcDbLine
 10
135.9219809999999882
 20
-77.5070970000000017
 30
0
 11
135.922157999999996
 21
-77.5071360000000027
 31
0
  0
LINE
  5
2D1
330
1A
100
AcDbEntity
  8
F.Paste
  6
CONTINUOUS
100
AcDbLine
 10
135.922157999999996
 20
-77.5071360000000027
 30
0
 11
135.9431579999999826
 21
-77.5121359999999981
 31
0
  0
LINE
  5
2D2
330
1A
100
AcDbEntity
  8
F.Paste
  6
CONTINUOUS
100
AcDbLine
 10
135.9431579999999826
 20
-77.5121359999999981
 30
0
 11
135.9434369999999888
 21
-77.5122109999999935
 31
0
  0
LINE
  5
2D3
330
1A
100
AcDbEntity
  8
F.Paste
  6
CONTINUOUS
100
AcDbLine
 10
135.9434369999999888
 20
-77.5122109999999935
 30
0
 11
135.963436999999999
 21
-77.5182109999999938
 31
0
  0
LINE
  5
2D4
330
1A
100
AcDbEntity
  8
F.Paste
  6
CONTINUOUS
100
AcDbLine
 10
135.963436999999999
 20
-77.5182109999999938
 30
0
 11
135.9637290000000007
 21
-77.5183079999999904
 31
0
  0
LINE
  5
2D5
330
1A
100
AcDbEntity
  8
F.Paste
  6
CONTINUOUS
100
AcDbLine
 10
135.9637290000000007
 20
-77.5183079999999904
 30
0
 11
135.9827290000000062
 21
-77.5253079999999954
 31
0
  0
LINE
  5
2D6
330
1A
100
AcDbEntity
  8
F.Paste
  6
CONTINUOUS
100
AcDbLine
 10
135.9827290000000062
 20
-77.5253079999999954
 30
0
 11
135.9828569999999957
 21
-77.5253579999999971
 31
0
  0
LINE
  5
2D7
330
1A
100
AcDbEntity
  8
F.Paste
  6
CONTINUOUS
100
AcDbLine
 10
135.9828569999999957
 20
-77.5253579999999971
 30
0
 11
136.0028570000000059
 21
-77.5333579999999927
 31
0
  0
LINE
  5
2D8
330
1A
100
AcDbEntity
  8
F.Paste
  6
CONTINUOUS
100
AcDbLine
 10
136.0028570000000059
 20
-77.5333579999999927
 30
0
 11
136.0031400000000019
 21
-77.5334809999999948
 31
0
  0
LINE
  5
2D9
330
1A
100
AcDbEntity
  8
F.Paste
  6
CONTINUOUS
100
AcDbLine
 10
136.0031400000000019
 20
-77.5334809999999948
 30
0
 11
136.0221400000000074
 21
-77.5424809999999951
 31
0
  0
LINE
  5
2DA
330
1A
100
AcDbEntity
  8
F.Paste
  6
CONTINUOUS
100
AcDbLine
 10
136.0221400000000074
 20
-77.5424809999999951
 30
0
 11
136.0224279999999908
 21
-77.5426289999999909
 31
0
  0
LINE
  5
2DB
330
1A
100
AcDbEntity
  8
F.Paste
  6
CONTINUOUS
100
AcDbLine
 10
136.0224279999999908
 20
-77.5426289999999909
 30
0
 11
136.0404279999999915
 21
-77.552628999999996
 31
0
  0
LINE
  5
2DC
330
1A
100
AcDbEntity
  8
F.Paste
  6
CONTINUOUS
100
AcDbLine
 10
136.0404279999999915
 20
-77.552628999999996
 30
0
 11
136.0406069999999943
 21
-77.5527340000000009
 31
0
  0
LINE
  5
2DD
330
1A
100
AcDbEntity
  8
F.Paste
  6
CONTINUOUS
100
AcDbLine
 10
136.0406069999999943
 20
-77.5527340000000009
 30
0
 11
136.058606999999995
 21
-77.5637339999999966
 31
0
  0
LINE
  5
2DE
330
1A
100
AcDbEntity
  8
F.Paste
  6
CONTINUOUS
100
AcDbLine
 10
136.058606999999995
 20
-77.5637339999999966
 30
0
 11
136.058716000000004
 21
-77.5638019999999955
 31
0
  0
LINE
  5
2DF
330
1A
100
AcDbEntity
  8
F.Paste
  6
CONTINUOUS
100
AcDbLine
 10
136.058716000000004
 20
-77.5638019999999955
 30
0
 11
136.0757159999999999
 21
-77.5748019999999912
 31
0
  0
LINE
  5
2E0
330
1A
100
AcDbEntity
  8
F.Paste
  6
CONTINUOUS
100
AcDbLine
 10
136.0757159999999999
 20
-77.5748019999999912
 30
0
 11
136.0760369999999853
 21
-77.5750280000000032
 31
0
  0
LINE
  5
2E1
330
1A
100
AcDbEntity
  8
F.Paste
  6
CONTINUOUS
100
AcDbLine
 10
136.0760369999999853
 20
-77.5750280000000032
 30
0
 11
136.0930369999999812
 21
-77.5880279999999942
 31
0
  0
LINE
  5
2E2
330
1A
100
AcDbEntity
  8
F.Paste
  6
CONTINUOUS
100
AcDbLine
 10
136.0930369999999812
 20
-77.5880279999999942
 30
0
 11
136.0932929999999885
 21
-77.5882369999999923
 31
0
  0
LINE
  5
2E3
330
1A
100
AcDbEntity
  8
F.Paste
  6
CONTINUOUS
100
AcDbLine
 10
136.0932929999999885
 20
-77.5882369999999923
 30
0
 11
136.1092929999999797
 21
-77.6022370000000024
 31
0
  0
LINE
  5
2E4
330
1A
100
AcDbEntity
  8
F.Paste
  6
CONTINUOUS
100
AcDbLine
 10
136.1092929999999797
 20
-77.6022370000000024
 30
0
 11
136.1094119999999918
 21
-77.6023449999999997
 31
0
  0
LINE
  5
2E5
330
1A
100
AcDbEntity
  8
F.Paste
  6
CONTINUOUS
100
AcDbLine
 10
136.1094119999999918
 20
-77.6023449999999997
 30
0
 11
136.1244120000000066
 21
-77.6163449999999955
 31
0
  0
LINE
  5
2E6
330
1A
100
AcDbEntity
  8
F.Paste
  6
CONTINUOUS
100
AcDbLine
 10
136.1244120000000066
 20
-77.6163449999999955
 30
0
 11
136.12465499999999
 21
-77.616587999999993
 31
0
  0
LINE
  5
2E7
330
1A
100
AcDbEntity
  8
F.Paste
  6
CONTINUOUS
100
AcDbLine
 10
136.12465499999999
 20
-77.616587999999993
 30
0
 11
136.138655
 21
-77.6315879999999936
 31
0
  0
LINE
  5
2E8
330
1A
100
AcDbEntity
  8
F.Paste
  6
CONTINUOUS
100
AcDbLine
 10
136.138655
 20
-77.6315879999999936
 30
0
 11
136.1387629999999831
 21
-77.6317069999999916
 31
0
  0
LINE
  5
2E9
330
1A
100
AcDbEntity
  8
F.Paste
  6
CONTINUOUS
100
AcDbLine
 10
136.1387629999999831
 20
-77.6317069999999916
 30
0
 11
136.1527629999999931
 21
-77.6477069999999969
 31
0
  0
LINE
  5
2EA
330
1A
100
AcDbEntity
  8
F.Paste
  6
CONTINUOUS
100
AcDbLine
 10
136.1527629999999931
 20
-77.6477069999999969
 30
0
 11
136.1529720000000054
 21
-77.6479629999999901
 31
0
  0
LINE
  5
2EB
330
1A
100
AcDbEntity
  8
F.Paste
  6
CONTINUOUS
100
AcDbLine
 10
136.1529720000000054
 20
-77.6479629999999901
 30
0
 11
136.1659719999999822
 21
-77.6649630000000002
 31
0
  0
LINE
  5
2EC
330
1A
100
AcDbEntity
  8
F.Paste
  6
CONTINUOUS
100
AcDbLine
 10
136.1659719999999822
 20
-77.6649630000000002
 30
0
 11
136.1661979999999801
 21
-77.6652839999999998
 31
0
  0
LINE
  5
2ED
330
1A
100
AcDbEntity
  8
F.Paste
  6
CONTINUOUS
100
AcDbLine
 10
136.1661979999999801
 20
-77.6652839999999998
 30
0
 11
136.1771980000000042
 21
-77.6822839999999957
 31
0
  0
LINE
  5
2EE
330
1A
100
AcDbEntity
  8
F.Paste
  6
CONTINUOUS
100
AcDbLine
 10
136.1771980000000042
 20
-77.6822839999999957
 30
0
 11
136.177266000000003
 21
-77.6823929999999905
 31
0
  0
LINE
  5
2EF
330
1A
100
AcDbEntity
  8
F.Paste
  6
CONTINUOUS
100
AcDbLine
 10
136.177266000000003
 20
-77.6823929999999905
 30
0
 11
136.1882659999999987
 21
-77.7003929999999912
 31
0
  0
LINE
  5
2F0
330
1A
100
AcDbEntity
  8
F.Paste
  6
CONTINUOUS
100
AcDbLine
 10
136.1882659999999987
 20
-77.7003929999999912
 30
0
 11
136.1883709999999894
 21
-77.700571999999994
 31
0
  0
LINE
  5
2F1
330
1A
100
AcDbEntity
  8
F.Paste
  6
CONTINUOUS
100
AcDbLine
 10
136.1883709999999894
 20
-77.700571999999994
 30
0
 11
136.1983709999999803
 21
-77.7185719999999947
 31
0
  0
LINE
  5
2F2
330
1A
100
AcDbEntity
  8
F.Paste
  6
CONTINUOUS
100
AcDbLine
 10
136.1983709999999803
 20
-77.7185719999999947
 30
0
 11
136.1985190000000046
 21
-77.7188599999999923
 31
0
  0
LINE
  5
2F3
330
1A
100
AcDbEntity
  8
F.Paste
  6
CONTINUOUS
100
AcDbLine
 10
136.1985190000000046
 20
-77.7188599999999923
 30
0
 11
136.2075189999999907
 21
-77.7378599999999977
 31
0
  0
LINE
  5
2F4
330
1A
100
AcDbEntity
  8
F.Paste
  6
CONTINUOUS
100
AcDbLine
 10
136.2075189999999907
 20
-77.7378599999999977
 30
0
 11
136.2076419999999928
 21
-77.7381429999999938
 31
0
  0
LINE
  5
2F5
330
1A
100
AcDbEntity
  8
F.Paste
  6
CONTINUOUS
100
AcDbLine
 10
136.2076419999999928
 20
-77.7381429999999938
 30
0
 11
136.2156420000000026
 21
-77.7581429999999898
 31
0
  0
LINE
  5
2F6
330
1A
100
AcDbEntity
  8
F.Paste
  6
CONTINUOUS
100
AcDbLine
 10
136.2156420000000026
 20
-77.7581429999999898
 30
0
 11
136.21569199999999
 21
-77.7582709999999935
 31
0
  0
LINE
  5
2F7
330
1A
100
AcDbEntity
  8
F.Paste
  6
CONTINUOUS
100
AcDbLine
 10
136.21569199999999
 20
-77.7582709999999935
 30
0
 11
136.222691999999995
 21
-77.7772709999999989
 31
0
  0
LINE
  5
2F8
330
1A
100
AcDbEntity
  8
F.Paste
  6
CONTINUOUS
100
AcDbLine
 10
136.222691999999995
 20
-77.7772709999999989
 30
0
 11
136.2227890000000059
 21
-77.7775630000000007
 31
0
  0
LINE
  5
2F9
330
1A
100
AcDbEntity
  8
F.Paste
  6
CONTINUOUS
100
AcDbLine
 10
136.2227890000000059
 20
-77.7775630000000007
 30
0
 11
136.2287890000000061
 21
-77.7975629999999967
 31
0
  0
LINE
  5
2FA
330
1A
100
AcDbEntity
  8
F.Paste
  6
CONTINUOUS
100
AcDbLine
 10
136.2287890000000061
 20
-77.7975629999999967
 30
0
 11
136.2288639999999873
 21
-77.7978420000000028
 31
0
  0
LINE
  5
2FB
330
1A
100
AcDbEntity
  8
F.Paste
  6
CONTINUOUS
100
AcDbLine
 10
136.2288639999999873
 20
-77.7978420000000028
 30
0
 11
136.2338639999999828
 21
-77.8188419999999894
 31
0
  0
LINE
  5
2FC
330
1A
100
AcDbEntity
  8
F.Paste
  6
CONTINUOUS
100
AcDbLine
 10
136.2338639999999828
 20
-77.8188419999999894
 30
0
 11
136.233902999999998
 21
-77.8190189999999973
 31
0
  0
LINE
  5
2FD
330
1A
100
AcDbEntity
  8
F.Paste
  6
CONTINUOUS
100
AcDbLine
 10
136.233902999999998
 20
-77.8190189999999973
 30
0
 11
136.2379029999999887
 21
-77.8390189999999933
 31
0
  0
LINE
  5
2FE
330
1A
100
AcDbEntity
  8
F.Paste
  6
CONTINUOUS
100
AcDbLine
 10
136.2379029999999887
 20
-77.8390189999999933
 30
0
 11
136.2379499999999837
 21
-77.8392929999999978
 31
0
  0
LINE
  5
2FF
330
1A
100
AcDbEntity
  8
F.Paste
  6
CONTINUOUS
100
AcDbLine
 10
136.2379499999999837
 20
-77.8392929999999978
 30
0
 11
136.240949999999998
 21
-77.8602929999999986
 31
0
  0
LINE
  5
300
330
1A
100
AcDbEntity
  8
F.Paste
  6
CONTINUOUS
100
AcDbLine
 10
136.240949999999998
 20
-77.8602929999999986
 30
0
 11
136.2409940000000006
 21
-77.860761999999994
 31
0
  0
LINE
  5
301
330
1A
100
AcDbEntity
  8
F.Paste
  6
CONTINUOUS
100
AcDbLine
 10
136.2409940000000006
 20
-77.860761999999994
 30
0
 11
136.2429939999999817
 21
-77.9027619999999956
 31
0
  0
LINE
  5
302
330
1A
100
AcDbEntity
  8
F.Paste
  6
CONTINUOUS
100
AcDbLine
 10
136.2429939999999817
 20
-77.9027619999999956
 30
0
 11
136.242999999999995
 21
-77.9029999999999916
 31
0
  0
LINE
  5
303
330
1A
100
AcDbEntity
  8
F.Paste
  6
CONTINUOUS
100
AcDbLine
 10
136.242999999999995
 20
-77.9029999999999916
 30
0
 11
136.242999999999995
 21
-80.1029999999999944
 31
0
  0
LINE
  5
304
330
1A
100
AcDbEntity
  8
F.Paste
  6
CONTINUOUS
100
AcDbLine
 10
136.242999999999995
 20
-80.1029999999999944
 30
0
 11
136.2415359999999964
 21
-80.1065359999999913
 31
0
  0
LINE
  5
305
330
1A
100
AcDbEntity
  8
F.Paste
  6
CONTINUOUS
100
AcDbLine
 10
136.2415359999999964
 20
-80.1065359999999913
 30
0
 11
136.2379999999999995
 21
-80.1079999999999899
 31
0
  0
LINE
  5
306
330
1A
100
AcDbEntity
  8
F.Paste
  6
CONTINUOUS
100
AcDbLine
 10
136.2379999999999995
 20
-80.1079999999999899
 30
0
 11
135.0759999999999934
 21
-80.1079999999999899
 31
0
  0
LINE
  5
307
330
1A
100
AcDbEntity
  8
F.Paste
  6
CONTINUOUS
100
AcDbLine
 10
135.0759999999999934
 20
-80.1079999999999899
 30
0
 11
135.0724639999999965
 21
-80.1065359999999913
 31
0
  0
LINE
  5
308
330
1A
100
AcDbEntity
  8
F.Paste
  6
CONTINUOUS
100
AcDbLine
 10
135.0724639999999965
 20
-80.1065359999999913
 30
0
 11
135.0714360000000056
 21
-80.1050429999999949
 31
0
  0
LINE
  5
309
330
1A
100
AcDbEntity
  8
F.Paste
  6
CONTINUOUS
100
AcDbLine
 10
135.0714360000000056
 20
-80.1050429999999949
 30
0
 11
135.0244659999999897
 21
-80.0001109999999898
 31
0
  0
LINE
  5
30A
330
1A
100
AcDbEntity
  8
F.Paste
  6
CONTINUOUS
100
AcDbLine
 10
135.0244659999999897
 20
-80.0001109999999898
 30
0
 11
134.9785559999999975
 21
-79.9062950000000001
 31
0
  0
LINE
  5
30B
330
1A
100
AcDbEntity
  8
F.Paste
  6
CONTINUOUS
100
AcDbLine
 10
134.9785559999999975
 20
-79.9062950000000001
 30
0
 11
134.9286490000000072
 21
-79.8144649999999984
 31
0
  0
LINE
  5
30C
330
1A
100
AcDbEntity
  8
F.Paste
  6
CONTINUOUS
100
AcDbLine
 10
134.9286490000000072
 20
-79.8144649999999984
 30
0
 11
134.8747699999999838
 21
-79.7246669999999966
 31
0
  0
LINE
  5
30D
330
1A
100
AcDbEntity
  8
F.Paste
  6
CONTINUOUS
100
AcDbLine
 10
134.8747699999999838
 20
-79.7246669999999966
 30
0
 11
134.8178560000000061
 21
-79.6368009999999913
 31
0
  0
LINE
  5
30E
330
1A
100
AcDbEntity
  8
F.Paste
  6
CONTINUOUS
100
AcDbLine
 10
134.8178560000000061
 20
-79.6368009999999913
 30
0
 11
134.7569829999999911
 21
-79.5509789999999981
 31
0
  0
LINE
  5
30F
330
1A
100
AcDbEntity
  8
F.Paste
  6
CONTINUOUS
100
AcDbLine
 10
134.7569829999999911
 20
-79.5509789999999981
 30
0
 11
134.6930920000000071
 21
-79.4681209999999965
 31
0
  0
LINE
  5
310
330
1A
100
AcDbEntity
  8
F.Paste
  6
CONTINUOUS
100
AcDbLine
 10
134.6930920000000071
 20
-79.4681209999999965
 30
0
 11
134.6262089999999887
 21
-79.3872619999999927
 31
0
  0
LINE
  5
311
330
1A
100
AcDbEntity
  8
F.Paste
  6
CONTINUOUS
100
AcDbLine
 10
134.6262089999999887
 20
-79.3872619999999927
 30
0
 11
134.5563559999999939
 21
-79.309426000000002
 31
0
  0
LINE
  5
312
330
1A
100
AcDbEntity
  8
F.Paste
  6
CONTINUOUS
100
AcDbLine
 10
134.5563559999999939
 20
-79.309426000000002
 30
0
 11
134.4825060000000008
 21
-79.2345779999999991
 31
0
  0
LINE
  5
313
330
1A
100
AcDbEntity
  8
F.Paste
  6
CONTINUOUS
100
AcDbLine
 10
134.4825060000000008
 20
-79.2345779999999991
 30
0
 11
134.4066100000000006
 21
-79.1626759999999905
 31
0
  0
LINE
  5
314
330
1A
100
AcDbEntity
  8
F.Paste
  6
CONTINUOUS
100
AcDbLine
 10
134.4066100000000006
 20
-79.1626759999999905
 30
0
 11
134.3277569999999912
 21
-79.0928069999999934
 31
0
  0
LINE
  5
315
330
1A
100
AcDbEntity
  8
F.Paste
  6
CONTINUOUS
100
AcDbLine
 10
134.3277569999999912
 20
-79.0928069999999934
 30
0
 11
134.246926000000002
 21
-79.0269449999999978
 31
0
  0
LINE
  5
316
330
1A
100
AcDbEntity
  8
F.Paste
  6
CONTINUOUS
100
AcDbLine
 10
134.246926000000002
 20
-79.0269449999999978
 30
0
 11
134.1630820000000028
 21
-78.9640610000000009
 31
0
  0
LINE
  5
317
330
1A
100
AcDbEntity
  8
F.Paste
  6
CONTINUOUS
100
AcDbLine
 10
134.1630820000000028
 20
-78.9640610000000009
 30
0
 11
134.0762239999999963
 21
-78.9041589999999928
 31
0
  0
LINE
  5
318
330
1A
100
AcDbEntity
  8
F.Paste
  6
CONTINUOUS
100
AcDbLine
 10
134.0762239999999963
 20
-78.9041589999999928
 30
0
 11
133.9884229999999832
 21
-78.8482860000000016
 31
0
  0
LINE
  5
319
330
1A
100
AcDbEntity
  8
F.Paste
  6
CONTINUOUS
100
AcDbLine
 10
133.9884229999999832
 20
-78.8482860000000016
 30
0
 11
133.8975849999999923
 21
-78.7963790000000017
 31
0
  0
LINE
  5
31A
330
1A
100
AcDbEntity
  8
F.Paste
  6
CONTINUOUS
100
AcDbLine
 10
133.8975849999999923
 20
-78.7963790000000017
 30
0
 11
133.8047320000000013
 21
-78.7464579999999899
 31
0
  0
LINE
  5
31B
330
1A
100
AcDbEntity
  8
F.Paste
  6
CONTINUOUS
100
AcDbLine
 10
133.8047320000000013
 20
-78.7464579999999899
 30
0
 11
133.7109179999999924
 21
-78.7015459999999933
 31
0
  0
LINE
  5
31C
330
1A
100
AcDbEntity
  8
F.Paste
  6
CONTINUOUS
100
AcDbLine
 10
133.7109179999999924
 20
-78.7015459999999933
 30
0
 11
133.6141140000000007
 21
-78.6596309999999903
 31
0
  0
LINE
  5
31D
330
1A
100
AcDbEntity
  8
F.Paste
  6
CONTINUOUS
100
AcDbLine
 10
133.6141140000000007
 20
-78.6596309999999903
 30
0
 11
133.5162770000000023
 21
-78.6216950000000026
 31
0
  0
LINE
  5
31E
330
1A
100
AcDbEntity
  8
F.Paste
  6
CONTINUOUS
100
AcDbLine
 10
133.5162770000000023
 20
-78.6216950000000026
 30
0
 11
133.4174649999999929
 21
-78.5877589999999913
 31
0
  0
LINE
  5
31F
330
1A
100
AcDbEntity
  8
F.Paste
  6
CONTINUOUS
100
AcDbLine
 10
133.4174649999999929
 20
-78.5877589999999913
 30
0
 11
133.3176530000000071
 21
-78.5578160000000025
 31
0
  0
LINE
  5
320
330
1A
100
AcDbEntity
  8
F.Paste
  6
CONTINUOUS
100
AcDbLine
 10
133.3176530000000071
 20
-78.5578160000000025
 30
0
 11
133.215834000000001
 21
-78.530863999999994
 31
0
  0
LINE
  5
321
330
1A
100
AcDbEntity
  8
F.Paste
  6
CONTINUOUS
100
AcDbLine
 10
133.215834000000001
 20
-78.530863999999994
 30
0
 11
133.1130330000000015
 21
-78.5089059999999961
 31
0
  0
LINE
  5
322
330
1A
100
AcDbEntity
  8
F.Paste
  6
CONTINUOUS
100
AcDbLine
 10
133.1130330000000015
 20
-78.5089059999999961
 30
0
 11
133.0102300000000071
 21
-78.4909409999999923
 31
0
  0
LINE
  5
323
330
1A
100
AcDbEntity
  8
F.Paste
  6
CONTINUOUS
100
AcDbLine
 10
133.0102300000000071
 20
-78.4909409999999923
 30
0
 11
132.9063899999999876
 21
-78.4759639999999905
 31
0
  0
LINE
  5
324
330
1A
100
AcDbEntity
  8
F.Paste
  6
CONTINUOUS
100
AcDbLine
 10
132.9063899999999876
 20
-78.4759639999999905
 30
0
 11
132.8016389999999944
 21
-78.4659869999999984
 31
0
  0
LINE
  5
325
330
1A
100
AcDbEntity
  8
F.Paste
  6
CONTINUOUS
100
AcDbLine
 10
132.8016389999999944
 20
-78.4659869999999984
 30
0
 11
132.6977980000000059
 21
-78.4599959999999896
 31
0
  0
LINE
  5
326
330
1A
100
AcDbEntity
  8
F.Paste
  6
CONTINUOUS
100
AcDbLine
 10
132.6977980000000059
 20
-78.4599959999999896
 30
0
 11
132.5879999999999939
 21
-78.4579999999999984
 31
0
  0
LINE
  5
327
330
1A
100
AcDbEntity
  8
F.Paste
  6
CONTINUOUS
100
AcDbLine
 10
132.5879999999999939
 20
-78.4579999999999984
 30
0
 11
132.4782009999999843
 21
-78.4599959999999896
 31
0
  0
LINE
  5
328
330
1A
100
AcDbEntity
  8
F.Paste
  6
CONTINUOUS
100
AcDbLine
 10
132.4782009999999843
 20
-78.4599959999999896
 30
0
 11
132.3743599999999958
 21
-78.4659869999999984
 31
0
  0
LINE
  5
329
330
1A
100
AcDbEntity
  8
F.Paste
  6
CONTINUOUS
100
AcDbLine
 10
132.3743599999999958
 20
-78.4659869999999984
 30
0
 11
132.2696090000000027
 21
-78.4759639999999905
 31
0
  0
LINE
  5
32A
330
1A
100
AcDbEntity
  8
F.Paste
  6
CONTINUOUS
100
AcDbLine
 10
132.2696090000000027
 20
-78.4759639999999905
 30
0
 11
132.1657689999999832
 21
-78.4909409999999923
 31
0
  0
LINE
  5
32B
330
1A
100
AcDbEntity
  8
F.Paste
  6
CONTINUOUS
100
AcDbLine
 10
132.1657689999999832
 20
-78.4909409999999923
 30
0
 11
132.0629659999999888
 21
-78.5089059999999961
 31
0
  0
LINE
  5
32C
330
1A
100
AcDbEntity
  8
F.Paste
  6
CONTINUOUS
100
AcDbLine
 10
132.0629659999999888
 20
-78.5089059999999961
 30
0
 11
131.9601649999999893
 21
-78.530863999999994
 31
0
  0
LINE
  5
32D
330
1A
100
AcDbEntity
  8
F.Paste
  6
CONTINUOUS
100
AcDbLine
 10
131.9601649999999893
 20
-78.530863999999994
 30
0
 11
131.8583469999999807
 21
-78.5578160000000025
 31
0
  0
LINE
  5
32E
330
1A
100
AcDbEntity
  8
F.Paste
  6
CONTINUOUS
100
AcDbLine
 10
131.8583469999999807
 20
-78.5578160000000025
 30
0
 11
131.7585339999999974
 21
-78.5877589999999913
 31
0
  0
LINE
  5
32F
330
1A
100
AcDbEntity
  8
F.Paste
  6
CONTINUOUS
100
AcDbLine
 10
131.7585339999999974
 20
-78.5877589999999913
 30
0
 11
131.6597219999999879
 21
-78.6216950000000026
 31
0
  0
LINE
  5
330
330
1A
100
AcDbEntity
  8
F.Paste
  6
CONTINUOUS
100
AcDbLine
 10
131.6597219999999879
 20
-78.6216950000000026
 30
0
 11
131.5618849999999895
 21
-78.6596309999999903
 31
0
  0
LINE
  5
331
330
1A
100
AcDbEntity
  8
F.Paste
  6
CONTINUOUS
100
AcDbLine
 10
131.5618849999999895
 20
-78.6596309999999903
 30
0
 11
131.4650809999999979
 21
-78.7015459999999933
 31
0
  0
LINE
  5
332
330
1A
100
AcDbEntity
  8
F.Paste
  6
CONTINUOUS
100
AcDbLine
 10
131.4650809999999979
 20
-78.7015459999999933
 30
0
 11
131.3712669999999889
 21
-78.7464579999999899
 31
0
  0
LINE
  5
333
330
1A
100
AcDbEntity
  8
F.Paste
  6
CONTINUOUS
100
AcDbLine
 10
131.3712669999999889
 20
-78.7464579999999899
 30
0
 11
131.2784139999999979
 21
-78.7963790000000017
 31
0
  0
LINE
  5
334
330
1A
100
AcDbEntity
  8
F.Paste
  6
CONTINUOUS
100
AcDbLine
 10
131.2784139999999979
 20
-78.7963790000000017
 30
0
 11
131.1875760000000071
 21
-78.8482860000000016
 31
0
  0
LINE
  5
335
330
1A
100
AcDbEntity
  8
F.Paste
  6
CONTINUOUS
100
AcDbLine
 10
131.1875760000000071
 20
-78.8482860000000016
 30
0
 11
131.099774999999994
 21
-78.9041589999999928
 31
0
  0
LINE
  5
336
330
1A
100
AcDbEntity
  8
F.Paste
  6
CONTINUOUS
100
AcDbLine
 10
131.099774999999994
 20
-78.9041589999999928
 30
0
 11
131.0129169999999874
 21
-78.9640610000000009
 31
0
  0
LINE
  5
337
330
1A
100
AcDbEntity
  8
F.Paste
  6
CONTINUOUS
100
AcDbLine
 10
131.0129169999999874
 20
-78.9640610000000009
 30
0
 11
130.9290729999999883
 21
-79.0269449999999978
 31
0
  0
LINE
  5
338
330
1A
100
AcDbEntity
  8
F.Paste
  6
CONTINUOUS
100
AcDbLine
 10
130.9290729999999883
 20
-79.0269449999999978
 30
0
 11
130.8482419999999991
 21
-79.0928069999999934
 31
0
  0
LINE
  5
339
330
1A
100
AcDbEntity
  8
F.Paste
  6
CONTINUOUS
100
AcDbLine
 10
130.8482419999999991
 20
-79.0928069999999934
 30
0
 11
130.7693889999999897
 21
-79.1626759999999905
 31
0
  0
LINE
  5
33A
330
1A
100
AcDbEntity
  8
F.Paste
  6
CONTINUOUS
100
AcDbLine
 10
130.7693889999999897
 20
-79.1626759999999905
 30
0
 11
130.6934929999999895
 21
-79.2345779999999991
 31
0
  0
LINE
  5
33B
330
1A
100
AcDbEntity
  8
F.Paste
  6
CONTINUOUS
100
AcDbLine
 10
130.6934929999999895
 20
-79.2345779999999991
 30
0
 11
130.6196429999999964
 21
-79.309426000000002
 31
0
  0
LINE
  5
33C
330
1A
100
AcDbEntity
  8
F.Paste
  6
CONTINUOUS
100
AcDbLine
 10
130.6196429999999964
 20
-79.309426000000002
 30
0
 11
130.5497900000000016
 21
-79.3872619999999927
 31
0
  0
LINE
  5
33D
330
1A
100
AcDbEntity
  8
F.Paste
  6
CONTINUOUS
100
AcDbLine
 10
130.5497900000000016
 20
-79.3872619999999927
 30
0
 11
130.4829069999999831
 21
-79.4681209999999965
 31
0
  0
LINE
  5
33E
330
1A
100
AcDbEntity
  8
F.Paste
  6
CONTINUOUS
100
AcDbLine
 10
130.4829069999999831
 20
-79.4681209999999965
 30
0
 11
130.4190159999999992
 21
-79.5509789999999981
 31
0
  0
LINE
  5
33F
330
1A
100
AcDbEntity
  8
F.Paste
  6
CONTINUOUS
100
AcDbLine
 10
130.4190159999999992
 20
-79.5509789999999981
 30
0
 11
130.3581429999999841
 21
-79.6368009999999913
 31
0
  0
LINE
  5
340
330
1A
100
AcDbEntity
  8
F.Paste
  6
CONTINUOUS
100
AcDbLine
 10
130.3581429999999841
 20
-79.6368009999999913
 30
0
 11
130.3012290000000064
 21
-79.7246669999999966
 31
0
  0
LINE
  5
341
330
1A
100
AcDbEntity
  8
F.Paste
  6
CONTINUOUS
100
AcDbLine
 10
130.3012290000000064
 20
-79.7246669999999966
 30
0
 11
130.2473499999999831
 21
-79.8144649999999984
 31
0
  0
LINE
  5
342
330
1A
100
AcDbEntity
  8
F.Paste
  6
CONTINUOUS
100
AcDbLine
 10
130.2473499999999831
 20
-79.8144649999999984
 30
0
 11
130.1974429999999927
 21
-79.9062950000000001
 31
0
  0
LINE
  5
343
330
1A
100
AcDbEntity
  8
F.Paste
  6
CONTINUOUS
100
AcDbLine
 10
130.1974429999999927
 20
-79.9062950000000001
 30
0
 11
130.1515330000000006
 21
-80.0001109999999898
 31
0
  0
LINE
  5
344
330
1A
100
AcDbEntity
  8
F.Paste
  6
CONTINUOUS
100
AcDbLine
 10
130.1515330000000006
 20
-80.0001109999999898
 30
0
 11
130.1045639999999821
 21
-80.1050429999999949
 31
0
  0
LINE
  5
345
330
1A
100
AcDbEntity
  8
F.Paste
  6
CONTINUOUS
100
AcDbLine
 10
130.1045639999999821
 20
-80.1050429999999949
 30
0
 11
130.1017829999999833
 21
-80.1076709999999963
 31
0
  0
LINE
  5
346
330
1A
100
AcDbEntity
  8
F.Paste
  6
CONTINUOUS
100
AcDbLine
 10
130.1017829999999833
 20
-80.1076709999999963
 30
0
 11
130.0999999999999943
 21
-80.1079999999999899
 31
0
  0
LINE
  5
347
330
1A
100
AcDbEntity
  8
F.Paste
  6
CONTINUOUS
100
AcDbLine
 10
130.0999999999999943
 20
-80.1079999999999899
 30
0
 11
128.9379999999999882
 21
-80.1079999999999899
 31
0
  0
LINE
  5
348
330
1A
100
AcDbEntity
  8
F.Paste
  6
CONTINUOUS
100
AcDbLine
 10
128.9379999999999882
 20
-80.1079999999999899
 30
0
 11
128.9344639999999913
 21
-80.1065359999999913
 31
0
  0
LINE
  5
349
330
1A
100
AcDbEntity
  8
F.Paste
  6
CONTINUOUS
100
AcDbLine
 10
128.9344639999999913
 20
-80.1065359999999913
 30
0
 11
128.9329999999999927
 21
-80.1029999999999944
 31
0
  0
LINE
  5
34A
330
1A
100
AcDbEntity
  8
F.Paste
  6
CONTINUOUS
100
AcDbLine
 10
128.9329999999999927
 20
-80.1029999999999944
 30
0
 11
128.9329999999999927
 21
-77.9029999999999916
 31
0
  0
LINE
  5
34B
330
1A
100
AcDbEntity
  8
F.Paste
  6
CONTINUOUS
100
AcDbLine
 10
128.9329999999999927
 20
-77.9029999999999916
 30
0
 11
128.933006000000006
 21
-77.9027619999999956
 31
0
  0
LINE
  5
34C
330
1A
100
AcDbEntity
  8
F.Paste
  6
CONTINUOUS
100
AcDbLine
 10
128.933006000000006
 20
-77.9027619999999956
 30
0
 11
128.9350059999999871
 21
-77.860761999999994
 31
0
  0
LINE
  5
34D
330
1A
100
AcDbEntity
  8
F.Paste
  6
CONTINUOUS
100
AcDbLine
 10
128.9350059999999871
 20
-77.860761999999994
 30
0
 11
128.9350499999999897
 21
-77.8602929999999986
 31
0
  0
LINE
  5
34E
330
1A
100
AcDbEntity
  8
F.Paste
  6
CONTINUOUS
100
AcDbLine
 10
128.9350499999999897
 20
-77.8602929999999986
 30
0
 11
128.938050000000004
 21
-77.8392929999999978
 31
0
  0
LINE
  5
34F
330
1A
100
AcDbEntity
  8
F.Paste
  6
CONTINUOUS
100
AcDbLine
 10
128.938050000000004
 20
-77.8392929999999978
 30
0
 11
128.9380969999999991
 21
-77.8390189999999933
 31
0
  0
LINE
  5
350
330
1A
100
AcDbEntity
  8
F.Paste
  6
CONTINUOUS
100
AcDbLine
 10
128.9380969999999991
 20
-77.8390189999999933
 30
0
 11
128.9420969999999897
 21
-77.8190189999999973
 31
0
  0
LINE
  5
351
330
1A
100
AcDbEntity
  8
F.Paste
  6
CONTINUOUS
100
AcDbLine
 10
128.9420969999999897
 20
-77.8190189999999973
 30
0
 11
128.942136000000005
 21
-77.8188419999999894
 31
0
  0
LINE
  5
352
330
1A
100
AcDbEntity
  8
F.Paste
  6
CONTINUOUS
100
AcDbLine
 10
128.942136000000005
 20
-77.8188419999999894
 30
0
 11
128.9471360000000004
 21
-77.7978420000000028
 31
0
  0
LINE
  5
353
330
1A
100
AcDbEntity
  8
F.Paste
  6
CONTINUOUS
100
AcDbLine
 10
128.9471360000000004
 20
-77.7978420000000028
 30
0
 11
128.9472109999999816
 21
-77.7975629999999967
 31
0
  0
LINE
  5
354
330
1A
100
AcDbEntity
  8
F.Paste
  6
CONTINUOUS
100
AcDbLine
 10
128.9472109999999816
 20
-77.7975629999999967
 30
0
 11
128.9532109999999818
 21
-77.7775630000000007
 31
0
  0
LINE
  5
355
330
1A
100
AcDbEntity
  8
F.Paste
  6
CONTINUOUS
100
AcDbLine
 10
128.9532109999999818
 20
-77.7775630000000007
 30
0
 11
128.9533079999999927
 21
-77.7772709999999989
 31
0
  0
LINE
  5
356
330
1A
100
AcDbEntity
  8
F.Paste
  6
CONTINUOUS
100
AcDbLine
 10
128.9533079999999927
 20
-77.7772709999999989
 30
0
 11
128.9603079999999977
 21
-77.7582709999999935
 31
0
  0
LINE
  5
357
330
1A
100
AcDbEntity
  8
F.Paste
  6
CONTINUOUS
100
AcDbLine
 10
128.9603079999999977
 20
-77.7582709999999935
 30
0
 11
128.9603579999999852
 21
-77.7581429999999898
 31
0
  0
LINE
  5
358
330
1A
100
AcDbEntity
  8
F.Paste
  6
CONTINUOUS
100
AcDbLine
 10
128.9603579999999852
 20
-77.7581429999999898
 30
0
 11
128.9683579999999949
 21
-77.7381429999999938
 31
0
  0
LINE
  5
359
330
1A
100
AcDbEntity
  8
F.Paste
  6
CONTINUOUS
100
AcDbLine
 10
128.9683579999999949
 20
-77.7381429999999938
 30
0
 11
128.968480999999997
 21
-77.7378599999999977
 31
0
  0
LINE
  5
35A
330
1A
100
AcDbEntity
  8
F.Paste
  6
CONTINUOUS
100
AcDbLine
 10
128.968480999999997
 20
-77.7378599999999977
 30
0
 11
128.9774809999999832
 21
-77.7188599999999923
 31
0
  0
LINE
  5
35B
330
1A
100
AcDbEntity
  8
F.Paste
  6
CONTINUOUS
100
AcDbLine
 10
128.9774809999999832
 20
-77.7188599999999923
 30
0
 11
128.9776290000000074
 21
-77.7185719999999947
 31
0
  0
LINE
  5
35C
330
1A
100
AcDbEntity
  8
F.Paste
  6
CONTINUOUS
100
AcDbLine
 10
128.9776290000000074
 20
-77.7185719999999947
 30
0
 11
128.9876289999999983
 21
-77.700571999999994
 31
0
  0
LINE
  5
35D
330
1A
100
AcDbEntity
  8
F.Paste
  6
CONTINUOUS
100
AcDbLine
 10
128.9876289999999983
 20
-77.700571999999994
 30
0
 11
128.987733999999989
 21
-77.7003929999999912
 31
0
  0
LINE
  5
35E
330
1A
100
AcDbEntity
  8
F.Paste
  6
CONTINUOUS
100
AcDbLine
 10
128.987733999999989
 20
-77.7003929999999912
 30
0
 11
128.9987339999999847
 21
-77.6823929999999905
 31
0
  0
LINE
  5
35F
330
1A
100
AcDbEntity
  8
F.Paste
  6
CONTINUOUS
100
AcDbLine
 10
128.9987339999999847
 20
-77.6823929999999905
 30
0
 11
128.9988019999999835
 21
-77.6822839999999957
 31
0
  0
LINE
  5
360
330
1A
100
AcDbEntity
  8
F.Paste
  6
CONTINUOUS
100
AcDbLine
 10
128.9988019999999835
 20
-77.6822839999999957
 30
0
 11
129.0098020000000076
 21
-77.6652839999999998
 31
0
  0
LINE
  5
361
330
1A
100
AcDbEntity
  8
F.Paste
  6
CONTINUOUS
100
AcDbLine
 10
129.0098020000000076
 20
-77.6652839999999998
 30
0
 11
129.0100280000000055
 21
-77.6649630000000002
 31
0
  0
LINE
  5
362
330
1A
100
AcDbEntity
  8
F.Paste
  6
CONTINUOUS
100
AcDbLine
 10
129.0100280000000055
 20
-77.6649630000000002
 30
0
 11
129.0230279999999823
 21
-77.6479629999999901
 31
0
  0
LINE
  5
363
330
1A
100
AcDbEntity
  8
F.Paste
  6
CONTINUOUS
100
AcDbLine
 10
129.0230279999999823
 20
-77.6479629999999901
 30
0
 11
129.0232369999999946
 21
-77.6477069999999969
 31
0
  0
LINE
  5
364
330
1A
100
AcDbEntity
  8
F.Paste
  6
CONTINUOUS
100
AcDbLine
 10
129.0232369999999946
 20
-77.6477069999999969
 30
0
 11
129.0372370000000046
 21
-77.6317069999999916
 31
0
  0
LINE
  5
365
330
1A
100
AcDbEntity
  8
F.Paste
  6
CONTINUOUS
100
AcDbLine
 10
129.0372370000000046
 20
-77.6317069999999916
 30
0
 11
129.0373449999999877
 21
-77.6315879999999936
 31
0
  0
LINE
  5
366
330
1A
100
AcDbEntity
  8
F.Paste
  6
CONTINUOUS
100
AcDbLine
 10
129.0373449999999877
 20
-77.6315879999999936
 30
0
 11
129.0513449999999978
 21
-77.616587999999993
 31
0
  0
LINE
  5
367
330
1A
100
AcDbEntity
  8
F.Paste
  6
CONTINUOUS
100
AcDbLine
 10
129.0513449999999978
 20
-77.616587999999993
 30
0
 11
129.0515879999999811
 21
-77.6163449999999955
 31
0
  0
LINE
  5
368
330
1A
100
AcDbEntity
  8
F.Paste
  6
CONTINUOUS
100
AcDbLine
 10
129.0515879999999811
 20
-77.6163449999999955
 30
0
 11
129.0665879999999959
 21
-77.6023449999999997
 31
0
  0
LINE
  5
369
330
1A
100
AcDbEntity
  8
F.Paste
  6
CONTINUOUS
100
AcDbLine
 10
129.0665879999999959
 20
-77.6023449999999997
 30
0
 11
129.0667070000000081
 21
-77.6022370000000024
 31
0
  0
LINE
  5
36A
330
1A
100
AcDbEntity
  8
F.Paste
  6
CONTINUOUS
100
AcDbLine
 10
129.0667070000000081
 20
-77.6022370000000024
 30
0
 11
129.0827069999999992
 21
-77.5882369999999923
 31
0
  0
LINE
  5
36B
330
1A
100
AcDbEntity
  8
F.Paste
  6
CONTINUOUS
100
AcDbLine
 10
129.0827069999999992
 20
-77.5882369999999923
 30
0
 11
129.0829630000000066
 21
-77.5880279999999942
 31
0
  0
LINE
  5
36C
330
1A
100
AcDbEntity
  8
F.Paste
  6
CONTINUOUS
100
AcDbLine
 10
129.0829630000000066
 20
-77.5880279999999942
 30
0
 11
129.0999630000000025
 21
-77.5750280000000032
 31
0
  0
LINE
  5
36D
330
1A
100
AcDbEntity
  8
F.Paste
  6
CONTINUOUS
100
AcDbLine
 10
129.0999630000000025
 20
-77.5750280000000032
 30
0
 11
129.1002839999999878
 21
-77.5748019999999912
 31
0
  0
LINE
  5
36E
330
1A
100
AcDbEntity
  8
F.Paste
  6
CONTINUOUS
100
AcDbLine
 10
129.1002839999999878
 20
-77.5748019999999912
 30
0
 11
129.1172839999999837
 21
-77.5638019999999955
 31
0
  0
LINE
  5
36F
330
1A
100
AcDbEntity
  8
F.Paste
  6
CONTINUOUS
100
AcDbLine
 10
129.1172839999999837
 20
-77.5638019999999955
 30
0
 11
129.1173929999999928
 21
-77.5637339999999966
 31
0
  0
LINE
  5
370
330
1A
100
AcDbEntity
  8
F.Paste
  6
CONTINUOUS
100
AcDbLine
 10
129.1173929999999928
 20
-77.5637339999999966
 30
0
 11
129.1353929999999934
 21
-77.5527340000000009
 31
0
  0
LINE
  5
371
330
1A
100
AcDbEntity
  8
F.Paste
  6
CONTINUOUS
100
AcDbLine
 10
129.1353929999999934
 20
-77.5527340000000009
 30
0
 11
129.1355719999999963
 21
-77.552628999999996
 31
0
  0
LINE
  5
372
330
1A
100
AcDbEntity
  8
F.Paste
  6
CONTINUOUS
100
AcDbLine
 10
129.1355719999999963
 20
-77.552628999999996
 30
0
 11
129.1535719999999969
 21
-77.5426289999999909
 31
0
  0
LINE
  5
373
330
1A
100
AcDbEntity
  8
F.Paste
  6
CONTINUOUS
100
AcDbLine
 10
129.1535719999999969
 20
-77.5426289999999909
 30
0
 11
129.1538599999999803
 21
-77.5424809999999951
 31
0
  0
LINE
  5
374
330
1A
100
AcDbEntity
  8
F.Paste
  6
CONTINUOUS
100
AcDbLine
 10
129.1538599999999803
 20
-77.5424809999999951
 30
0
 11
129.1728599999999858
 21
-77.5334809999999948
 31
0
  0
LINE
  5
375
330
1A
100
AcDbEntity
  8
F.Paste
  6
CONTINUOUS
100
AcDbLine
 10
129.1728599999999858
 20
-77.5334809999999948
 30
0
 11
129.1731429999999818
 21
-77.5333579999999927
 31
0
  0
LINE
  5
376
330
1A
100
AcDbEntity
  8
F.Paste
  6
CONTINUOUS
100
AcDbLine
 10
129.1731429999999818
 20
-77.5333579999999927
 30
0
 11
129.1931429999999921
 21
-77.5253579999999971
 31
0
  0
LINE
  5
377
330
1A
100
AcDbEntity
  8
F.Paste
  6
CONTINUOUS
100
AcDbLine
 10
129.1931429999999921
 20
-77.5253579999999971
 30
0
 11
129.1932709999999815
 21
-77.5253079999999954
 31
0
  0
LINE
  5
378
330
1A
100
AcDbEntity
  8
F.Paste
  6
CONTINUOUS
100
AcDbLine
 10
129.1932709999999815
 20
-77.5253079999999954
 30
0
 11
129.212270999999987
 21
-77.5183079999999904
 31
0
  0
LINE
  5
379
330
1A
100
AcDbEntity
  8
F.Paste
  6
CONTINUOUS
100
AcDbLine
 10
129.212270999999987
 20
-77.5183079999999904
 30
0
 11
129.2125629999999887
 21
-77.5182109999999938
 31
0
  0
LINE
  5
37A
330
1A
100
AcDbEntity
  8
F.Paste
  6
CONTINUOUS
100
AcDbLine
 10
129.2125629999999887
 20
-77.5182109999999938
 30
0
 11
129.232562999999999
 21
-77.5122109999999935
 31
0
  0
LINE
  5
37B
330
1A
100
AcDbEntity
  8
F.Paste
  6
CONTINUOUS
100
AcDbLine
 10
129.232562999999999
 20
-77.5122109999999935
 30
0
 11
129.2328420000000051
 21
-77.5121359999999981
 31
0
  0
LINE
  5
37C
330
1A
100
AcDbEntity
  8
F.Paste
  6
CONTINUOUS
100
AcDbLine
 10
129.2328420000000051
 20
-77.5121359999999981
 30
0
 11
129.2538419999999917
 21
-77.5071360000000027
 31
0
  0
LINE
  5
37D
330
1A
100
AcDbEntity
  8
F.Paste
  6
CONTINUOUS
100
AcDbLine
 10
129.2538419999999917
 20
-77.5071360000000027
 30
0
 11
129.2540189999999996
 21
-77.5070970000000017
 31
0
  0
LINE
  5
37E
330
1A
100
AcDbEntity
  8
F.Paste
  6
CONTINUOUS
100
AcDbLine
 10
129.2540189999999996
 20
-77.5070970000000017
 30
0
 11
129.2740189999999814
 21
-77.5030969999999968
 31
0
  0
LINE
  5
37F
330
1A
100
AcDbEntity
  8
F.Paste
  6
CONTINUOUS
100
AcDbLine
 10
129.2740189999999814
 20
-77.5030969999999968
 30
0
 11
129.2742930000000001
 21
-77.5030500000000018
 31
0
  0
LINE
  5
380
330
1A
100
AcDbEntity
  8
F.Paste
  6
CONTINUOUS
100
AcDbLine
 10
129.2742930000000001
 20
-77.5030500000000018
 30
0
 11
129.2952929999999867
 21
-77.5000500000000017
 31
0
  0
LINE
  5
381
330
1A
100
AcDbEntity
  8
F.Paste
  6
CONTINUOUS
100
AcDbLine
 10
129.2952929999999867
 20
-77.5000500000000017
 30
0
 11
129.2957619999999963
 21
-77.5000059999999991
 31
0
  0
LINE
  5
382
330
1A
100
AcDbEntity
  8
F.Paste
  6
CONTINUOUS
100
AcDbLine
 10
129.2957619999999963
 20
-77.5000059999999991
 30
0
 11
129.3377619999999979
 21
-77.4980059999999895
 31
0
  0
LINE
  5
383
330
1A
100
AcDbEntity
  8
F.Paste
  6
CONTINUOUS
100
AcDbLine
 10
129.3377619999999979
 20
-77.4980059999999895
 30
0
 11
129.3379999999999939
 21
-77.4979999999999905
 31
0
  0
LINE
  5
384
330
1A
100
AcDbEntity
  8
F.Paste
  6
CONTINUOUS
100
AcDbLine
 10
129.3379999999999939
 20
-77.4979999999999905
 30
0
 11
135.8379999999999939
 21
-77.4979999999999905
 31
0
  0
LINE
  5
385
330
1A
100
AcDbEntity
  8
F.Paste
  6
CONTINUOUS
100
AcDbLine
 10
135.8379999999999939
 20
-77.4979999999999905
 30
0
 11
135.8382379999999898
 21
-77.4980059999999895
 31
0
  0
LINE
  5
386
330
1A
100
AcDbEntity
  8
F.Paste
  6
CONTINUOUS
100
AcDbLine
 10
122.973670999999996
 20
-78.8580299999999994
 30
0
 11
123.0547770000000014
 21
-78.9122229999999973
 31
0
  0
LINE
  5
387
330
1A
100
AcDbEntity
  8
F.Paste
  6
CONTINUOUS
100
AcDbLine
 10
123.0547770000000014
 20
-78.9122229999999973
 30
0
 11
123.1089699999999993
 21
-78.9933290000000028
 31
0
  0
LINE
  5
388
330
1A
100
AcDbEntity
  8
F.Paste
  6
CONTINUOUS
100
AcDbLine
 10
123.1089699999999993
 20
-78.9933290000000028
 30
0
 11
123.1280000000000001
 21
-79.0889999999999986
 31
0
  0
LINE
  5
389
330
1A
100
AcDbEntity
  8
F.Paste
  6
CONTINUOUS
100
AcDbLine
 10
123.1280000000000001
 20
-79.0889999999999986
 30
0
 11
123.1280000000000001
 21
-79.6139999999999901
 31
0
  0
LINE
  5
38A
330
1A
100
AcDbEntity
  8
F.Paste
  6
CONTINUOUS
100
AcDbLine
 10
123.1280000000000001
 20
-79.6139999999999901
 30
0
 11
123.1089699999999993
 21
-79.7096710000000002
 31
0
  0
LINE
  5
38B
330
1A
100
AcDbEntity
  8
F.Paste
  6
CONTINUOUS
100
AcDbLine
 10
123.1089699999999993
 20
-79.7096710000000002
 30
0
 11
123.0547770000000014
 21
-79.7907769999999914
 31
0
  0
LINE
  5
38C
330
1A
100
AcDbEntity
  8
F.Paste
  6
CONTINUOUS
100
AcDbLine
 10
123.0547770000000014
 20
-79.7907769999999914
 30
0
 11
122.973670999999996
 21
-79.8449699999999893
 31
0
  0
LINE
  5
38D
330
1A
100
AcDbEntity
  8
F.Paste
  6
CONTINUOUS
100
AcDbLine
 10
122.973670999999996
 20
-79.8449699999999893
 30
0
 11
122.8780000000000001
 21
-79.8639999999999901
 31
0
  0
LINE
  5
38E
330
1A
100
AcDbEntity
  8
F.Paste
  6
CONTINUOUS
100
AcDbLine
 10
122.8780000000000001
 20
-79.8639999999999901
 30
0
 11
121.9779999999999944
 21
-79.8639999999999901
 31
0
  0
LINE
  5
38F
330
1A
100
AcDbEntity
  8
F.Paste
  6
CONTINUOUS
100
AcDbLine
 10
121.9779999999999944
 20
-79.8639999999999901
 30
0
 11
121.8823289999999986
 21
-79.8449699999999893
 31
0
  0
LINE
  5
390
330
1A
100
AcDbEntity
  8
F.Paste
  6
CONTINUOUS
100
AcDbLine
 10
121.8823289999999986
 20
-79.8449699999999893
 30
0
 11
121.8012229999999931
 21
-79.7907769999999914
 31
0
  0
LINE
  5
391
330
1A
100
AcDbEntity
  8
F.Paste
  6
CONTINUOUS
100
AcDbLine
 10
121.8012229999999931
 20
-79.7907769999999914
 30
0
 11
121.7470299999999952
 21
-79.7096710000000002
 31
0
  0
LINE
  5
392
330
1A
100
AcDbEntity
  8
F.Paste
  6
CONTINUOUS
100
AcDbLine
 10
121.7470299999999952
 20
-79.7096710000000002
 30
0
 11
121.7279999999999944
 21
-79.6139999999999901
 31
0
  0
LINE
  5
393
330
1A
100
AcDbEntity
  8
F.Paste
  6
CONTINUOUS
100
AcDbLine
 10
121.7279999999999944
 20
-79.6139999999999901
 30
0
 11
121.7279999999999944
 21
-79.0889999999999986
 31
0
  0
LINE
  5
394
330
1A
100
AcDbEntity
  8
F.Paste
  6
CONTINUOUS
100
AcDbLine
 10
121.7279999999999944
 20
-79.0889999999999986
 30
0
 11
121.7470299999999952
 21
-78.9933290000000028
 31
0
  0
LINE
  5
395
330
1A
100
AcDbEntity
  8
F.Paste
  6
CONTINUOUS
100
AcDbLine
 10
121.7470299999999952
 20
-78.9933290000000028
 30
0
 11
121.8012229999999931
 21
-78.9122229999999973
 31
0
  0
LINE
  5
396
330
1A
100
AcDbEntity
  8
F.Paste
  6
CONTINUOUS
100
AcDbLine
 10
121.8012229999999931
 20
-78.9122229999999973
 30
0
 11
121.8823289999999986
 21
-78.8580299999999994
 31
0
  0
LINE
  5
397
330
1A
100
AcDbEntity
  8
F.Paste
  6
CONTINUOUS
100
AcDbLine
 10
121.8823289999999986
 20
-78.8580299999999994
 30
0
 11
121.9779999999999944
 21
-78.8389999999999986
 31
0
  0
LINE
  5
398
330
1A
100
AcDbEntity
  8
F.Paste
  6
CONTINUOUS
100
AcDbLine
 10
121.9779999999999944
 20
-78.8389999999999986
 30
0
 11
122.8780000000000001
 21
-78.8389999999999986
 31
0
  0
LINE
  5
399
330
1A
100
AcDbEntity
  8
F.Paste
  6
CONTINUOUS
100
AcDbLine
 10
122.8780000000000001
 20
-78.8389999999999986
 30
0
 11
122.973670999999996
 21
-78.8580299999999994
 31
0
  0
LINE
  5
39A
330
1A
100
AcDbEntity
  8
F.Paste
  6
CONTINUOUS
100
AcDbLine
 10
120.6876709999999946
 20
-78.8345300000000009
 30
0
 11
120.768777
 21
-78.8887229999999988
 31
0
  0
LINE
  5
39B
330
1A
100
AcDbEntity
  8
F.Paste
  6
CONTINUOUS
100
AcDbLine
 10
120.768777
 20
-78.8887229999999988
 30
0
 11
120.822969999999998
 21
-78.9698289999999901
 31
0
  0
LINE
  5
39C
330
1A
100
AcDbEntity
  8
F.Paste
  6
CONTINUOUS
100
AcDbLine
 10
120.822969999999998
 20
-78.9698289999999901
 30
0
 11
120.8419999999999987
 21
-79.0655000000000001
 31
0
  0
LINE
  5
39D
330
1A
100
AcDbEntity
  8
F.Paste
  6
CONTINUOUS
100
AcDbLine
 10
120.8419999999999987
 20
-79.0655000000000001
 30
0
 11
120.8419999999999987
 21
-79.5904999999999916
 31
0
  0
LINE
  5
39E
330
1A
100
AcDbEntity
  8
F.Paste
  6
CONTINUOUS
100
AcDbLine
 10
120.8419999999999987
 20
-79.5904999999999916
 30
0
 11
120.822969999999998
 21
-79.6861710000000016
 31
0
  0
LINE
  5
39F
330
1A
100
AcDbEntity
  8
F.Paste
  6
CONTINUOUS
100
AcDbLine
 10
120.822969999999998
 20
-79.6861710000000016
 30
0
 11
120.768777
 21
-79.7672769999999929
 31
0
  0
LINE
  5
3A0
330
1A
100
AcDbEntity
  8
F.Paste
  6
CONTINUOUS
100
AcDbLine
 10
120.768777
 20
-79.7672769999999929
 30
0
 11
120.6876709999999946
 21
-79.8214699999999908
 31
0
  0
LINE
  5
3A1
330
1A
100
AcDbEntity
  8
F.Paste
  6
CONTINUOUS
100
AcDbLine
 10
120.6876709999999946
 20
-79.8214699999999908
 30
0
 11
120.5919999999999987
 21
-79.8404999999999916
 31
0
  0
LINE
  5
3A2
330
1A
100
AcDbEntity
  8
F.Paste
  6
CONTINUOUS
100
AcDbLine
 10
120.5919999999999987
 20
-79.8404999999999916
 30
0
 11
119.6919999999999931
 21
-79.8404999999999916
 31
0
  0
LINE
  5
3A3
330
1A
100
AcDbEntity
  8
F.Paste
  6
CONTINUOUS
100
AcDbLine
 10
119.6919999999999931
 20
-79.8404999999999916
 30
0
 11
119.5963289999999972
 21
-79.8214699999999908
 31
0
  0
LINE
  5
3A4
330
1A
100
AcDbEntity
  8
F.Paste
  6
CONTINUOUS
100
AcDbLine
 10
119.5963289999999972
 20
-79.8214699999999908
 30
0
 11
119.5152229999999918
 21
-79.7672769999999929
 31
0
  0
LINE
  5
3A5
330
1A
100
AcDbEntity
  8
F.Paste
  6
CONTINUOUS
100
AcDbLine
 10
119.5152229999999918
 20
-79.7672769999999929
 30
0
 11
119.4610299999999938
 21
-79.6861710000000016
 31
0
  0
LINE
  5
3A6
330
1A
100
AcDbEntity
  8
F.Paste
  6
CONTINUOUS
100
AcDbLine
 10
119.4610299999999938
 20
-79.6861710000000016
 30
0
 11
119.4419999999999931
 21
-79.5904999999999916
 31
0
  0
LINE
  5
3A7
330
1A
100
AcDbEntity
  8
F.Paste
  6
CONTINUOUS
100
AcDbLine
 10
119.4419999999999931
 20
-79.5904999999999916
 30
0
 11
119.4419999999999931
 21
-79.0655000000000001
 31
0
  0
LINE
  5
3A8
330
1A
100
AcDbEntity
  8
F.Paste
  6
CONTINUOUS
100
AcDbLine
 10
119.4419999999999931
 20
-79.0655000000000001
 30
0
 11
119.4610299999999938
 21
-78.9698289999999901
 31
0
  0
LINE
  5
3A9
330
1A
100
AcDbEntity
  8
F.Paste
  6
CONTINUOUS
100
AcDbLine
 10
119.4610299999999938
 20
-78.9698289999999901
 30
0
 11
119.5152229999999918
 21
-78.8887229999999988
 31
0
  0
LINE
  5
3AA
330
1A
100
AcDbEntity
  8
F.Paste
  6
CONTINUOUS
100
AcDbLine
 10
119.5152229999999918
 20
-78.8887229999999988
 30
0
 11
119.5963289999999972
 21
-78.8345300000000009
 31
0
  0
LINE
  5
3AB
330
1A
100
AcDbEntity
  8
F.Paste
  6
CONTINUOUS
100
AcDbLine
 10
119.5963289999999972
 20
-78.8345300000000009
 30
0
 11
119.6919999999999931
 21
-78.8155000000000001
 31
0
  0
LINE
  5
3AC
330
1A
100
AcDbEntity
  8
F.Paste
  6
CONTINUOUS
100
AcDbLine
 10
119.6919999999999931
 20
-78.8155000000000001
 30
0
 11
120.5919999999999987
 21
-78.8155000000000001
 31
0
  0
LINE
  5
3AD
330
1A
100
AcDbEntity
  8
F.Paste
  6
CONTINUOUS
100
AcDbLine
 10
120.5919999999999987
 20
-78.8155000000000001
 30
0
 11
120.6876709999999946
 21
-78.8345300000000009
 31
0
  0
LINE
  5
3AE
330
1A
100
AcDbEntity
  8
F.Paste
  6
CONTINUOUS
100
AcDbLine
 10
60.5683119999999988
 20
-79.0251789999999943
 30
0
 11
58.368311999999996
 21
-79.0251789999999943
 31
0
  0
LINE
  5
3AF
330
1A
100
AcDbEntity
  8
F.Paste
  6
CONTINUOUS
100
AcDbLine
 10
58.368311999999996
 20
-79.0251789999999943
 30
0
 11
58.368311999999996
 21
-75.2251789999999971
 31
0
  0
LINE
  5
3B0
330
1A
100
AcDbEntity
  8
F.Paste
  6
CONTINUOUS
100
AcDbLine
 10
58.368311999999996
 20
-75.2251789999999971
 30
0
 11
60.5683119999999988
 21
-75.2251789999999971
 31
0
  0
LINE
  5
3B1
330
1A
100
AcDbEntity
  8
F.Paste
  6
CONTINUOUS
100
AcDbLine
 10
60.5683119999999988
 20
-75.2251789999999971
 30
0
 11
60.5683119999999988
 21
-79.0251789999999943
 31
0
  0
LINE
  5
3B2
330
1A
100
AcDbEntity
  8
F.Paste
  6
CONTINUOUS
100
AcDbLine
 10
63.108311999999998
 20
-79.0251789999999943
 30
0
 11
60.9083119999999951
 21
-79.0251789999999943
 31
0
  0
LINE
  5
3B3
330
1A
100
AcDbEntity
  8
F.Paste
  6
CONTINUOUS
100
AcDbLine
 10
60.9083119999999951
 20
-79.0251789999999943
 30
0
 11
60.9083119999999951
 21
-75.2251789999999971
 31
0
  0
LINE
  5
3B4
330
1A
100
AcDbEntity
  8
F.Paste
  6
CONTINUOUS
100
AcDbLine
 10
60.9083119999999951
 20
-75.2251789999999971
 30
0
 11
63.108311999999998
 21
-75.2251789999999971
 31
0
  0
LINE
  5
3B5
330
1A
100
AcDbEntity
  8
F.Paste
  6
CONTINUOUS
100
AcDbLine
 10
63.108311999999998
 20
-75.2251789999999971
 30
0
 11
63.108311999999998
 21
-79.0251789999999943
 31
0
  0
LINE
  5
3B6
330
1A
100
AcDbEntity
  8
F.Paste
  6
CONTINUOUS
100
AcDbLine
 10
65.64831199999999
 20
-79.0251789999999943
 30
0
 11
63.4483119999999943
 21
-79.0251789999999943
 31
0
  0
LINE
  5
3B7
330
1A
100
AcDbEntity
  8
F.Paste
  6
CONTINUOUS
100
AcDbLine
 10
63.4483119999999943
 20
-79.0251789999999943
 30
0
 11
63.4483119999999943
 21
-75.2251789999999971
 31
0
  0
LINE
  5
3B8
330
1A
100
AcDbEntity
  8
F.Paste
  6
CONTINUOUS
100
AcDbLine
 10
63.4483119999999943
 20
-75.2251789999999971
 30
0
 11
65.64831199999999
 21
-75.2251789999999971
 31
0
  0
LINE
  5
3B9
330
1A
100
AcDbEntity
  8
F.Paste
  6
CONTINUOUS
100
AcDbLine
 10
65.64831199999999
 20
-75.2251789999999971
 30
0
 11
65.64831199999999
 21
-79.0251789999999943
 31
0
  0
LINE
  5
3BA
330
1A
100
AcDbEntity
  8
F.Paste
  6
CONTINUOUS
100
AcDbLine
 10
68.1883119999999963
 20
-79.0251789999999943
 30
0
 11
65.9883119999999934
 21
-79.0251789999999943
 31
0
  0
LINE
  5
3BB
330
1A
100
AcDbEntity
  8
F.Paste
  6
CONTINUOUS
100
AcDbLine
 10
65.9883119999999934
 20
-79.0251789999999943
 30
0
 11
65.9883119999999934
 21
-75.2251789999999971
 31
0
  0
LINE
  5
3BC
330
1A
100
AcDbEntity
  8
F.Paste
  6
CONTINUOUS
100
AcDbLine
 10
65.9883119999999934
 20
-75.2251789999999971
 30
0
 11
68.1883119999999963
 21
-75.2251789999999971
 31
0
  0
LINE
  5
3BD
330
1A
100
AcDbEntity
  8
F.Paste
  6
CONTINUOUS
100
AcDbLine
 10
68.1883119999999963
 20
-75.2251789999999971
 30
0
 11
68.1883119999999963
 21
-79.0251789999999943
 31
0
  0
LINE
  5
3BE
330
1A
100
AcDbEntity
  8
F.Paste
  6
CONTINUOUS
100
AcDbLine
 10
70.7283120000000025
 20
-79.0251789999999943
 30
0
 11
68.5283119999999997
 21
-79.0251789999999943
 31
0
  0
LINE
  5
3BF
330
1A
100
AcDbEntity
  8
F.Paste
  6
CONTINUOUS
100
AcDbLine
 10
68.5283119999999997
 20
-79.0251789999999943
 30
0
 11
68.5283119999999997
 21
-75.2251789999999971
 31
0
  0
LINE
  5
3C0
330
1A
100
AcDbEntity
  8
F.Paste
  6
CONTINUOUS
100
AcDbLine
 10
68.5283119999999997
 20
-75.2251789999999971
 30
0
 11
70.7283120000000025
 21
-75.2251789999999971
 31
0
  0
LINE
  5
3C1
330
1A
100
AcDbEntity
  8
F.Paste
  6
CONTINUOUS
100
AcDbLine
 10
70.7283120000000025
 20
-75.2251789999999971
 30
0
 11
70.7283120000000025
 21
-79.0251789999999943
 31
0
  0
LINE
  5
3C2
330
1A
100
AcDbEntity
  8
F.Paste
  6
CONTINUOUS
100
AcDbLine
 10
73.2683119999999946
 20
-79.0251789999999943
 30
0
 11
71.0683119999999917
 21
-79.0251789999999943
 31
0
  0
LINE
  5
3C3
330
1A
100
AcDbEntity
  8
F.Paste
  6
CONTINUOUS
100
AcDbLine
 10
71.0683119999999917
 20
-79.0251789999999943
 30
0
 11
71.0683119999999917
 21
-75.2251789999999971
 31
0
  0
LINE
  5
3C4
330
1A
100
AcDbEntity
  8
F.Paste
  6
CONTINUOUS
100
AcDbLine
 10
71.0683119999999917
 20
-75.2251789999999971
 30
0
 11
73.2683119999999946
 21
-75.2251789999999971
 31
0
  0
LINE
  5
3C5
330
1A
100
AcDbEntity
  8
F.Paste
  6
CONTINUOUS
100
AcDbLine
 10
73.2683119999999946
 20
-75.2251789999999971
 30
0
 11
73.2683119999999946
 21
-79.0251789999999943
 31
0
  0
LINE
  5
3C6
330
1A
100
AcDbEntity
  8
F.Paste
  6
CONTINUOUS
100
AcDbLine
 10
75.8083120000000008
 20
-79.0251789999999943
 30
0
 11
73.608311999999998
 21
-79.0251789999999943
 31
0
  0
LINE
  5
3C7
330
1A
100
AcDbEntity
  8
F.Paste
  6
CONTINUOUS
100
AcDbLine
 10
73.608311999999998
 20
-79.0251789999999943
 30
0
 11
73.608311999999998
 21
-75.2251789999999971
 31
0
  0
LINE
  5
3C8
330
1A
100
AcDbEntity
  8
F.Paste
  6
CONTINUOUS
100
AcDbLine
 10
73.608311999999998
 20
-75.2251789999999971
 30
0
 11
75.8083120000000008
 21
-75.2251789999999971
 31
0
  0
LINE
  5
3C9
330
1A
100
AcDbEntity
  8
F.Paste
  6
CONTINUOUS
100
AcDbLine
 10
75.8083120000000008
 20
-75.2251789999999971
 30
0
 11
75.8083120000000008
 21
-79.0251789999999943
 31
0
  0
LINE
  5
3CA
330
1A
100
AcDbEntity
  8
F.Paste
  6
CONTINUOUS
100
AcDbLine
 10
78.3483119999999928
 20
-79.0251789999999943
 30
0
 11
76.14831199999999
 21
-79.0251789999999943
 31
0
  0
LINE
  5
3CB
330
1A
100
AcDbEntity
  8
F.Paste
  6
CONTINUOUS
100
AcDbLine
 10
76.14831199999999
 20
-79.0251789999999943
 30
0
 11
76.14831199999999
 21
-75.2251789999999971
 31
0
  0
LINE
  5
3CC
330
1A
100
AcDbEntity
  8
F.Paste
  6
CONTINUOUS
100
AcDbLine
 10
76.14831199999999
 20
-75.2251789999999971
 30
0
 11
78.3483119999999928
 21
-75.2251789999999971
 31
0
  0
LINE
  5
3CD
330
1A
100
AcDbEntity
  8
F.Paste
  6
CONTINUOUS
100
AcDbLine
 10
78.3483119999999928
 20
-75.2251789999999971
 30
0
 11
78.3483119999999928
 21
-79.0251789999999943
 31
0
  0
LINE
  5
3CE
330
1A
100
AcDbEntity
  8
F.Paste
  6
CONTINUOUS
100
AcDbLine
 10
80.8883119999999991
 20
-79.0251789999999943
 30
0
 11
78.6883119999999963
 21
-79.0251789999999943
 31
0
  0
LINE
  5
3CF
330
1A
100
AcDbEntity
  8
F.Paste
  6
CONTINUOUS
100
AcDbLine
 10
78.6883119999999963
 20
-79.0251789999999943
 30
0
 11
78.6883119999999963
 21
-75.2251789999999971
 31
0
  0
LINE
  5
3D0
330
1A
100
AcDbEntity
  8
F.Paste
  6
CONTINUOUS
100
AcDbLine
 10
78.6883119999999963
 20
-75.2251789999999971
 30
0
 11
80.8883119999999991
 21
-75.2251789999999971
 31
0
  0
LINE
  5
3D1
330
1A
100
AcDbEntity
  8
F.Paste
  6
CONTINUOUS
100
AcDbLine
 10
80.8883119999999991
 20
-75.2251789999999971
 30
0
 11
80.8883119999999991
 21
-79.0251789999999943
 31
0
  0
LINE
  5
3D2
330
1A
100
AcDbEntity
  8
F.Paste
  6
CONTINUOUS
100
AcDbLine
 10
83.4283119999999911
 20
-79.0251789999999943
 30
0
 11
81.2283120000000025
 21
-79.0251789999999943
 31
0
  0
LINE
  5
3D3
330
1A
100
AcDbEntity
  8
F.Paste
  6
CONTINUOUS
100
AcDbLine
 10
81.2283120000000025
 20
-79.0251789999999943
 30
0
 11
81.2283120000000025
 21
-75.2251789999999971
 31
0
  0
LINE
  5
3D4
330
1A
100
AcDbEntity
  8
F.Paste
  6
CONTINUOUS
100
AcDbLine
 10
81.2283120000000025
 20
-75.2251789999999971
 30
0
 11
83.4283119999999911
 21
-75.2251789999999971
 31
0
  0
LINE
  5
3D5
330
1A
100
AcDbEntity
  8
F.Paste
  6
CONTINUOUS
100
AcDbLine
 10
83.4283119999999911
 20
-75.2251789999999971
 30
0
 11
83.4283119999999911
 21
-79.0251789999999943
 31
0
  0
LINE
  5
3D6
330
1A
100
AcDbEntity
  8
F.Paste
  6
CONTINUOUS
100
AcDbLine
 10
85.9683119999999974
 20
-79.0251789999999943
 30
0
 11
83.7683119999999946
 21
-79.0251789999999943
 31
0
  0
LINE
  5
3D7
330
1A
100
AcDbEntity
  8
F.Paste
  6
CONTINUOUS
100
AcDbLine
 10
83.7683119999999946
 20
-79.0251789999999943
 30
0
 11
83.7683119999999946
 21
-75.2251789999999971
 31
0
  0
LINE
  5
3D8
330
1A
100
AcDbEntity
  8
F.Paste
  6
CONTINUOUS
100
AcDbLine
 10
83.7683119999999946
 20
-75.2251789999999971
 30
0
 11
85.9683119999999974
 21
-75.2251789999999971
 31
0
  0
LINE
  5
3D9
330
1A
100
AcDbEntity
  8
F.Paste
  6
CONTINUOUS
100
AcDbLine
 10
85.9683119999999974
 20
-75.2251789999999971
 30
0
 11
85.9683119999999974
 21
-79.0251789999999943
 31
0
  0
LINE
  5
3DA
330
1A
100
AcDbEntity
  8
F.Paste
  6
CONTINUOUS
100
AcDbLine
 10
88.5083119999999894
 20
-79.0251789999999943
 30
0
 11
86.3083120000000008
 21
-79.0251789999999943
 31
0
  0
LINE
  5
3DB
330
1A
100
AcDbEntity
  8
F.Paste
  6
CONTINUOUS
100
AcDbLine
 10
86.3083120000000008
 20
-79.0251789999999943
 30
0
 11
86.3083120000000008
 21
-75.2251789999999971
 31
0
  0
LINE
  5
3DC
330
1A
100
AcDbEntity
  8
F.Paste
  6
CONTINUOUS
100
AcDbLine
 10
86.3083120000000008
 20
-75.2251789999999971
 30
0
 11
88.5083119999999894
 21
-75.2251789999999971
 31
0
  0
LINE
  5
3DD
330
1A
100
AcDbEntity
  8
F.Paste
  6
CONTINUOUS
100
AcDbLine
 10
88.5083119999999894
 20
-75.2251789999999971
 30
0
 11
88.5083119999999894
 21
-79.0251789999999943
 31
0
  0
LINE
  5
3DE
330
1A
100
AcDbEntity
  8
F.Paste
  6
CONTINUOUS
100
AcDbLine
 10
91.0483119999999957
 20
-79.0251789999999943
 30
0
 11
88.8483119999999928
 21
-79.0251789999999943
 31
0
  0
LINE
  5
3DF
330
1A
100
AcDbEntity
  8
F.Paste
  6
CONTINUOUS
100
AcDbLine
 10
88.8483119999999928
 20
-79.0251789999999943
 30
0
 11
88.8483119999999928
 21
-75.2251789999999971
 31
0
  0
LINE
  5
3E0
330
1A
100
AcDbEntity
  8
F.Paste
  6
CONTINUOUS
100
AcDbLine
 10
88.8483119999999928
 20
-75.2251789999999971
 30
0
 11
91.0483119999999957
 21
-75.2251789999999971
 31
0
  0
LINE
  5
3E1
330
1A
100
AcDbEntity
  8
F.Paste
  6
CONTINUOUS
100
AcDbLine
 10
91.0483119999999957
 20
-75.2251789999999971
 30
0
 11
91.0483119999999957
 21
-79.0251789999999943
 31
0
  0
LINE
  5
3E2
330
1A
100
AcDbEntity
  8
F.Paste
  6
CONTINUOUS
100
AcDbLine
 10
93.5883120000000019
 20
-79.0251789999999943
 30
0
 11
91.3883119999999991
 21
-79.0251789999999943
 31
0
  0
LINE
  5
3E3
330
1A
100
AcDbEntity
  8
F.Paste
  6
CONTINUOUS
100
AcDbLine
 10
91.3883119999999991
 20
-79.0251789999999943
 30
0
 11
91.3883119999999991
 21
-75.2251789999999971
 31
0
  0
LINE
  5
3E4
330
1A
100
AcDbEntity
  8
F.Paste
  6
CONTINUOUS
100
AcDbLine
 10
91.3883119999999991
 20
-75.2251789999999971
 30
0
 11
93.5883120000000019
 21
-75.2251789999999971
 31
0
  0
LINE
  5
3E5
330
1A
100
AcDbEntity
  8
F.Paste
  6
CONTINUOUS
100
AcDbLine
 10
93.5883120000000019
 20
-75.2251789999999971
 30
0
 11
93.5883120000000019
 21
-79.0251789999999943
 31
0
  0
LINE
  5
3E6
330
1A
100
AcDbEntity
  8
F.Paste
  6
CONTINUOUS
100
AcDbLine
 10
96.128311999999994
 20
-79.0251789999999943
 30
0
 11
93.9283119999999911
 21
-79.0251789999999943
 31
0
  0
LINE
  5
3E7
330
1A
100
AcDbEntity
  8
F.Paste
  6
CONTINUOUS
100
AcDbLine
 10
93.9283119999999911
 20
-79.0251789999999943
 30
0
 11
93.9283119999999911
 21
-75.2251789999999971
 31
0
  0
LINE
  5
3E8
330
1A
100
AcDbEntity
  8
F.Paste
  6
CONTINUOUS
100
AcDbLine
 10
93.9283119999999911
 20
-75.2251789999999971
 30
0
 11
96.128311999999994
 21
-75.2251789999999971
 31
0
  0
LINE
  5
3E9
330
1A
100
AcDbEntity
  8
F.Paste
  6
CONTINUOUS
100
AcDbLine
 10
96.128311999999994
 20
-75.2251789999999971
 30
0
 11
96.128311999999994
 21
-79.0251789999999943
 31
0
  0
LINE
  5
3EA
330
1A
100
AcDbEntity
  8
F.Paste
  6
CONTINUOUS
100
AcDbLine
 10
98.6683120000000002
 20
-79.0251789999999943
 30
0
 11
96.4683119999999974
 21
-79.0251789999999943
 31
0
  0
LINE
  5
3EB
330
1A
100
AcDbEntity
  8
F.Paste
  6
CONTINUOUS
100
AcDbLine
 10
96.4683119999999974
 20
-79.0251789999999943
 30
0
 11
96.4683119999999974
 21
-75.2251789999999971
 31
0
  0
LINE
  5
3EC
330
1A
100
AcDbEntity
  8
F.Paste
  6
CONTINUOUS
100
AcDbLine
 10
96.4683119999999974
 20
-75.2251789999999971
 30
0
 11
98.6683120000000002
 21
-75.2251789999999971
 31
0
  0
LINE
  5
3ED
330
1A
100
AcDbEntity
  8
F.Paste
  6
CONTINUOUS
100
AcDbLine
 10
98.6683120000000002
 20
-75.2251789999999971
 30
0
 11
98.6683120000000002
 21
-79.0251789999999943
 31
0
  0
LINE
  5
3EE
330
1A
100
AcDbEntity
  8
F.Paste
  6
CONTINUOUS
100
AcDbLine
 10
101.2083119999999923
 20
-79.0251789999999943
 30
0
 11
99.0083119999999894
 21
-79.0251789999999943
 31
0
  0
LINE
  5
3EF
330
1A
100
AcDbEntity
  8
F.Paste
  6
CONTINUOUS
100
AcDbLine
 10
99.0083119999999894
 20
-79.0251789999999943
 30
0
 11
99.0083119999999894
 21
-75.2251789999999971
 31
0
  0
LINE
  5
3F0
330
1A
100
AcDbEntity
  8
F.Paste
  6
CONTINUOUS
100
AcDbLine
 10
99.0083119999999894
 20
-75.2251789999999971
 30
0
 11
101.2083119999999923
 21
-75.2251789999999971
 31
0
  0
LINE
  5
3F1
330
1A
100
AcDbEntity
  8
F.Paste
  6
CONTINUOUS
100
AcDbLine
 10
101.2083119999999923
 20
-75.2251789999999971
 30
0
 11
101.2083119999999923
 21
-79.0251789999999943
 31
0
  0
LINE
  5
3F2
330
1A
100
AcDbEntity
  8
F.Paste
  6
CONTINUOUS
100
AcDbLine
 10
103.7483119999999985
 20
-79.0251789999999943
 30
0
 11
101.5483119999999957
 21
-79.0251789999999943
 31
0
  0
LINE
  5
3F3
330
1A
100
AcDbEntity
  8
F.Paste
  6
CONTINUOUS
100
AcDbLine
 10
101.5483119999999957
 20
-79.0251789999999943
 30
0
 11
101.5483119999999957
 21
-75.2251789999999971
 31
0
  0
LINE
  5
3F4
330
1A
100
AcDbEntity
  8
F.Paste
  6
CONTINUOUS
100
AcDbLine
 10
101.5483119999999957
 20
-75.2251789999999971
 30
0
 11
103.7483119999999985
 21
-75.2251789999999971
 31
0
  0
LINE
  5
3F5
330
1A
100
AcDbEntity
  8
F.Paste
  6
CONTINUOUS
100
AcDbLine
 10
103.7483119999999985
 20
-75.2251789999999971
 30
0
 11
103.7483119999999985
 21
-79.0251789999999943
 31
0
  0
LINE
  5
3F6
330
1A
100
AcDbEntity
  8
F.Paste
  6
CONTINUOUS
100
AcDbLine
 10
106.2883119999999906
 20
-79.0251789999999943
 30
0
 11
104.0883120000000019
 21
-79.0251789999999943
 31
0
  0
LINE
  5
3F7
330
1A
100
AcDbEntity
  8
F.Paste
  6
CONTINUOUS
100
AcDbLine
 10
104.0883120000000019
 20
-79.0251789999999943
 30
0
 11
104.0883120000000019
 21
-75.2251789999999971
 31
0
  0
LINE
  5
3F8
330
1A
100
AcDbEntity
  8
F.Paste
  6
CONTINUOUS
100
AcDbLine
 10
104.0883120000000019
 20
-75.2251789999999971
 30
0
 11
106.2883119999999906
 21
-75.2251789999999971
 31
0
  0
LINE
  5
3F9
330
1A
100
AcDbEntity
  8
F.Paste
  6
CONTINUOUS
100
AcDbLine
 10
106.2883119999999906
 20
-75.2251789999999971
 30
0
 11
106.2883119999999906
 21
-79.0251789999999943
 31
0
  0
LINE
  5
3FA
330
1A
100
AcDbEntity
  8
F.Paste
  6
CONTINUOUS
100
AcDbLine
 10
108.8283119999999968
 20
-79.0251789999999943
 30
0
 11
106.628311999999994
 21
-79.0251789999999943
 31
0
  0
LINE
  5
3FB
330
1A
100
AcDbEntity
  8
F.Paste
  6
CONTINUOUS
100
AcDbLine
 10
106.628311999999994
 20
-79.0251789999999943
 30
0
 11
106.628311999999994
 21
-75.2251789999999971
 31
0
  0
LINE
  5
3FC
330
1A
100
AcDbEntity
  8
F.Paste
  6
CONTINUOUS
100
AcDbLine
 10
106.628311999999994
 20
-75.2251789999999971
 30
0
 11
108.8283119999999968
 21
-75.2251789999999971
 31
0
  0
LINE
  5
3FD
330
1A
100
AcDbEntity
  8
F.Paste
  6
CONTINUOUS
100
AcDbLine
 10
108.8283119999999968
 20
-75.2251789999999971
 30
0
 11
108.8283119999999968
 21
-79.0251789999999943
 31
0
  0
LINE
  5
3FE
330
1A
100
AcDbEntity
  8
F.Paste
  6
CONTINUOUS
100
AcDbLine
 10
132.8278709999999876
 20
-73.9520299999999935
 30
0
 11
132.908976999999993
 21
-74.0062229999999914
 31
0
  0
LINE
  5
3FF
330
1A
100
AcDbEntity
  8
F.Paste
  6
CONTINUOUS
100
AcDbLine
 10
132.908976999999993
 20
-74.0062229999999914
 30
0
 11
132.963169999999991
 21
-74.0873289999999969
 31
0
  0
LINE
  5
400
330
1A
100
AcDbEntity
  8
F.Paste
  6
CONTINUOUS
100
AcDbLine
 10
132.963169999999991
 20
-74.0873289999999969
 30
0
 11
132.982200000000006
 21
-74.1829999999999927
 31
0
  0
LINE
  5
401
330
1A
100
AcDbEntity
  8
F.Paste
  6
CONTINUOUS
100
AcDbLine
 10
132.982200000000006
 20
-74.1829999999999927
 30
0
 11
132.982200000000006
 21
-74.7079999999999984
 31
0
  0
LINE
  5
402
330
1A
100
AcDbEntity
  8
F.Paste
  6
CONTINUOUS
100
AcDbLine
 10
132.982200000000006
 20
-74.7079999999999984
 30
0
 11
132.963169999999991
 21
-74.8036709999999943
 31
0
  0
LINE
  5
403
330
1A
100
AcDbEntity
  8
F.Paste
  6
CONTINUOUS
100
AcDbLine
 10
132.963169999999991
 20
-74.8036709999999943
 30
0
 11
132.908976999999993
 21
-74.8847769999999997
 31
0
  0
LINE
  5
404
330
1A
100
AcDbEntity
  8
F.Paste
  6
CONTINUOUS
100
AcDbLine
 10
132.908976999999993
 20
-74.8847769999999997
 30
0
 11
132.8278709999999876
 21
-74.9389699999999976
 31
0
  0
LINE
  5
405
330
1A
100
AcDbEntity
  8
F.Paste
  6
CONTINUOUS
100
AcDbLine
 10
132.8278709999999876
 20
-74.9389699999999976
 30
0
 11
132.732200000000006
 21
-74.9579999999999984
 31
0
  0
LINE
  5
406
330
1A
100
AcDbEntity
  8
F.Paste
  6
CONTINUOUS
100
AcDbLine
 10
132.732200000000006
 20
-74.9579999999999984
 30
0
 11
131.8322000000000003
 21
-74.9579999999999984
 31
0
  0
LINE
  5
407
330
1A
100
AcDbEntity
  8
F.Paste
  6
CONTINUOUS
100
AcDbLine
 10
131.8322000000000003
 20
-74.9579999999999984
 30
0
 11
131.7365289999999902
 21
-74.9389699999999976
 31
0
  0
LINE
  5
408
330
1A
100
AcDbEntity
  8
F.Paste
  6
CONTINUOUS
100
AcDbLine
 10
131.7365289999999902
 20
-74.9389699999999976
 30
0
 11
131.6554229999999848
 21
-74.8847769999999997
 31
0
  0
LINE
  5
409
330
1A
100
AcDbEntity
  8
F.Paste
  6
CONTINUOUS
100
AcDbLine
 10
131.6554229999999848
 20
-74.8847769999999997
 30
0
 11
131.6012299999999868
 21
-74.8036709999999943
 31
0
  0
LINE
  5
40A
330
1A
100
AcDbEntity
  8
F.Paste
  6
CONTINUOUS
100
AcDbLine
 10
131.6012299999999868
 20
-74.8036709999999943
 30
0
 11
131.5822000000000003
 21
-74.7079999999999984
 31
0
  0
LINE
  5
40B
330
1A
100
AcDbEntity
  8
F.Paste
  6
CONTINUOUS
100
AcDbLine
 10
131.5822000000000003
 20
-74.7079999999999984
 30
0
 11
131.5822000000000003
 21
-74.1829999999999927
 31
0
  0
LINE
  5
40C
330
1A
100
AcDbEntity
  8
F.Paste
  6
CONTINUOUS
100
AcDbLine
 10
131.5822000000000003
 20
-74.1829999999999927
 30
0
 11
131.6012299999999868
 21
-74.0873289999999969
 31
0
  0
LINE
  5
40D
330
1A
100
AcDbEntity
  8
F.Paste
  6
CONTINUOUS
100
AcDbLine
 10
131.6012299999999868
 20
-74.0873289999999969
 30
0
 11
131.6554229999999848
 21
-74.0062229999999914
 31
0
  0
LINE
  5
40E
330
1A
100
AcDbEntity
  8
F.Paste
  6
CONTINUOUS
100
AcDbLine
 10
131.6554229999999848
 20
-74.0062229999999914
 30
0
 11
131.7365289999999902
 21
-73.9520299999999935
 31
0
  0
LINE
  5
40F
330
1A
100
AcDbEntity
  8
F.Paste
  6
CONTINUOUS
100
AcDbLine
 10
131.7365289999999902
 20
-73.9520299999999935
 30
0
 11
131.8322000000000003
 21
-73.9329999999999927
 31
0
  0
LINE
  5
410
330
1A
100
AcDbEntity
  8
F.Paste
  6
CONTINUOUS
100
AcDbLine
 10
131.8322000000000003
 20
-73.9329999999999927
 30
0
 11
132.732200000000006
 21
-73.9329999999999927
 31
0
  0
LINE
  5
411
330
1A
100
AcDbEntity
  8
F.Paste
  6
CONTINUOUS
100
AcDbLine
 10
132.732200000000006
 20
-73.9329999999999927
 30
0
 11
132.8278709999999876
 21
-73.9520299999999935
 31
0
  0
LINE
  5
412
330
1A
100
AcDbEntity
  8
F.Paste
  6
CONTINUOUS
100
AcDbLine
 10
135.1656710000000032
 20
-73.9520299999999935
 30
0
 11
135.2467769999999803
 21
-74.0062229999999914
 31
0
  0
LINE
  5
413
330
1A
100
AcDbEntity
  8
F.Paste
  6
CONTINUOUS
100
AcDbLine
 10
135.2467769999999803
 20
-74.0062229999999914
 30
0
 11
135.3009700000000066
 21
-74.0873289999999969
 31
0
  0
LINE
  5
414
330
1A
100
AcDbEntity
  8
F.Paste
  6
CONTINUOUS
100
AcDbLine
 10
135.3009700000000066
 20
-74.0873289999999969
 30
0
 11
135.3199999999999932
 21
-74.1829999999999927
 31
0
  0
LINE
  5
415
330
1A
100
AcDbEntity
  8
F.Paste
  6
CONTINUOUS
100
AcDbLine
 10
135.3199999999999932
 20
-74.1829999999999927
 30
0
 11
135.3199999999999932
 21
-74.7079999999999984
 31
0
  0
LINE
  5
416
330
1A
100
AcDbEntity
  8
F.Paste
  6
CONTINUOUS
100
AcDbLine
 10
135.3199999999999932
 20
-74.7079999999999984
 30
0
 11
135.3009700000000066
 21
-74.8036709999999943
 31
0
  0
LINE
  5
417
330
1A
100
AcDbEntity
  8
F.Paste
  6
CONTINUOUS
100
AcDbLine
 10
135.3009700000000066
 20
-74.8036709999999943
 30
0
 11
135.2467769999999803
 21
-74.8847769999999997
 31
0
  0
LINE
  5
418
330
1A
100
AcDbEntity
  8
F.Paste
  6
CONTINUOUS
100
AcDbLine
 10
135.2467769999999803
 20
-74.8847769999999997
 30
0
 11
135.1656710000000032
 21
-74.9389699999999976
 31
0
  0
LINE
  5
419
330
1A
100
AcDbEntity
  8
F.Paste
  6
CONTINUOUS
100
AcDbLine
 10
135.1656710000000032
 20
-74.9389699999999976
 30
0
 11
135.0699999999999932
 21
-74.9579999999999984
 31
0
  0
LINE
  5
41A
330
1A
100
AcDbEntity
  8
F.Paste
  6
CONTINUOUS
100
AcDbLine
 10
135.0699999999999932
 20
-74.9579999999999984
 30
0
 11
134.1699999999999875
 21
-74.9579999999999984
 31
0
  0
LINE
  5
41B
330
1A
100
AcDbEntity
  8
F.Paste
  6
CONTINUOUS
100
AcDbLine
 10
134.1699999999999875
 20
-74.9579999999999984
 30
0
 11
134.0743290000000059
 21
-74.9389699999999976
 31
0
  0
LINE
  5
41C
330
1A
100
AcDbEntity
  8
F.Paste
  6
CONTINUOUS
100
AcDbLine
 10
134.0743290000000059
 20
-74.9389699999999976
 30
0
 11
133.9932230000000004
 21
-74.8847769999999997
 31
0
  0
LINE
  5
41D
330
1A
100
AcDbEntity
  8
F.Paste
  6
CONTINUOUS
100
AcDbLine
 10
133.9932230000000004
 20
-74.8847769999999997
 30
0
 11
133.9390300000000025
 21
-74.8036709999999943
 31
0
  0
LINE
  5
41E
330
1A
100
AcDbEntity
  8
F.Paste
  6
CONTINUOUS
100
AcDbLine
 10
133.9390300000000025
 20
-74.8036709999999943
 30
0
 11
133.9199999999999875
 21
-74.7079999999999984
 31
0
  0
LINE
  5
41F
330
1A
100
AcDbEntity
  8
F.Paste
  6
CONTINUOUS
100
AcDbLine
 10
133.9199999999999875
 20
-74.7079999999999984
 30
0
 11
133.9199999999999875
 21
-74.1829999999999927
 31
0
  0
LINE
  5
420
330
1A
100
AcDbEntity
  8
F.Paste
  6
CONTINUOUS
100
AcDbLine
 10
133.9199999999999875
 20
-74.1829999999999927
 30
0
 11
133.9390300000000025
 21
-74.0873289999999969
 31
0
  0
LINE
  5
421
330
1A
100
AcDbEntity
  8
F.Paste
  6
CONTINUOUS
100
AcDbLine
 10
133.9390300000000025
 20
-74.0873289999999969
 30
0
 11
133.9932230000000004
 21
-74.0062229999999914
 31
0
  0
LINE
  5
422
330
1A
100
AcDbEntity
  8
F.Paste
  6
CONTINUOUS
100
AcDbLine
 10
133.9932230000000004
 20
-74.0062229999999914
 30
0
 11
134.0743290000000059
 21
-73.9520299999999935
 31
0
  0
LINE
  5
423
330
1A
100
AcDbEntity
  8
F.Paste
  6
CONTINUOUS
100
AcDbLine
 10
134.0743290000000059
 20
-73.9520299999999935
 30
0
 11
134.1699999999999875
 21
-73.9329999999999927
 31
0
  0
LINE
  5
424
330
1A
100
AcDbEntity
  8
F.Paste
  6
CONTINUOUS
100
AcDbLine
 10
134.1699999999999875
 20
-73.9329999999999927
 30
0
 11
135.0699999999999932
 21
-73.9329999999999927
 31
0
  0
LINE
  5
425
330
1A
100
AcDbEntity
  8
F.Paste
  6
CONTINUOUS
100
AcDbLine
 10
135.0699999999999932
 20
-73.9329999999999927
 30
0
 11
135.1656710000000032
 21
-73.9520299999999935
 31
0
  0
LINE
  5
426
330
1A
100
AcDbEntity
  8
F.Paste
  6
CONTINUOUS
100
AcDbLine
 10
124.7835039999999935
 20
-73.5323269999999951
 30
0
 11
124.8564989999999995
 21
-73.5811009999999897
 31
0
  0
LINE
  5
427
330
1A
100
AcDbEntity
  8
F.Paste
  6
CONTINUOUS
100
AcDbLine
 10
124.8564989999999995
 20
-73.5811009999999897
 30
0
 11
124.905272999999994
 21
-73.6540959999999956
 31
0
  0
LINE
  5
428
330
1A
100
AcDbEntity
  8
F.Paste
  6
CONTINUOUS
100
AcDbLine
 10
124.905272999999994
 20
-73.6540959999999956
 30
0
 11
124.9223999999999961
 21
-73.7402000000000015
 31
0
  0
LINE
  5
429
330
1A
100
AcDbEntity
  8
F.Paste
  6
CONTINUOUS
100
AcDbLine
 10
124.9223999999999961
 20
-73.7402000000000015
 30
0
 11
124.9223999999999961
 21
-74.2402000000000015
 31
0
  0
LINE
  5
42A
330
1A
100
AcDbEntity
  8
F.Paste
  6
CONTINUOUS
100
AcDbLine
 10
124.9223999999999961
 20
-74.2402000000000015
 30
0
 11
124.905272999999994
 21
-74.3263039999999933
 31
0
  0
LINE
  5
42B
330
1A
100
AcDbEntity
  8
F.Paste
  6
CONTINUOUS
100
AcDbLine
 10
124.905272999999994
 20
-74.3263039999999933
 30
0
 11
124.8564989999999995
 21
-74.3992989999999992
 31
0
  0
LINE
  5
42C
330
1A
100
AcDbEntity
  8
F.Paste
  6
CONTINUOUS
100
AcDbLine
 10
124.8564989999999995
 20
-74.3992989999999992
 30
0
 11
124.7835039999999935
 21
-74.4480729999999937
 31
0
  0
LINE
  5
42D
330
1A
100
AcDbEntity
  8
F.Paste
  6
CONTINUOUS
100
AcDbLine
 10
124.7835039999999935
 20
-74.4480729999999937
 30
0
 11
124.6973999999999876
 21
-74.4651999999999958
 31
0
  0
LINE
  5
42E
330
1A
100
AcDbEntity
  8
F.Paste
  6
CONTINUOUS
100
AcDbLine
 10
124.6973999999999876
 20
-74.4651999999999958
 30
0
 11
124.247399999999999
 21
-74.4651999999999958
 31
0
  0
LINE
  5
42F
330
1A
100
AcDbEntity
  8
F.Paste
  6
CONTINUOUS
100
AcDbLine
 10
124.247399999999999
 20
-74.4651999999999958
 30
0
 11
124.161295999999993
 21
-74.4480729999999937
 31
0
  0
LINE
  5
430
330
1A
100
AcDbEntity
  8
F.Paste
  6
CONTINUOUS
100
AcDbLine
 10
124.161295999999993
 20
-74.4480729999999937
 30
0
 11
124.0883010000000013
 21
-74.3992989999999992
 31
0
  0
LINE
  5
431
330
1A
100
AcDbEntity
  8
F.Paste
  6
CONTINUOUS
100
AcDbLine
 10
124.0883010000000013
 20
-74.3992989999999992
 30
0
 11
124.0395269999999925
 21
-74.3263039999999933
 31
0
  0
LINE
  5
432
330
1A
100
AcDbEntity
  8
F.Paste
  6
CONTINUOUS
100
AcDbLine
 10
124.0395269999999925
 20
-74.3263039999999933
 30
0
 11
124.0223999999999904
 21
-74.2402000000000015
 31
0
  0
LINE
  5
433
330
1A
100
AcDbEntity
  8
F.Paste
  6
CONTINUOUS
100
AcDbLine
 10
124.0223999999999904
 20
-74.2402000000000015
 30
0
 11
124.0223999999999904
 21
-73.7402000000000015
 31
0
  0
LINE
  5
434
330
1A
100
AcDbEntity
  8
F.Paste
  6
CONTINUOUS
100
AcDbLine
 10
124.0223999999999904
 20
-73.7402000000000015
 30
0
 11
124.0395269999999925
 21
-73.6540959999999956
 31
0
  0
LINE
  5
435
330
1A
100
AcDbEntity
  8
F.Paste
  6
CONTINUOUS
100
AcDbLine
 10
124.0395269999999925
 20
-73.6540959999999956
 30
0
 11
124.0883010000000013
 21
-73.5811009999999897
 31
0
  0
LINE
  5
436
330
1A
100
AcDbEntity
  8
F.Paste
  6
CONTINUOUS
100
AcDbLine
 10
124.0883010000000013
 20
-73.5811009999999897
 30
0
 11
124.161295999999993
 21
-73.5323269999999951
 31
0
  0
LINE
  5
437
330
1A
100
AcDbEntity
  8
F.Paste
  6
CONTINUOUS
100
AcDbLine
 10
124.161295999999993
 20
-73.5323269999999951
 30
0
 11
124.247399999999999
 21
-73.515199999999993
 31
0
  0
LINE
  5
438
330
1A
100
AcDbEntity
  8
F.Paste
  6
CONTINUOUS
100
AcDbLine
 10
124.247399999999999
 20
-73.515199999999993
 30
0
 11
124.6973999999999876
 21
-73.515199999999993
 31
0
  0
LINE
  5
439
330
1A
100
AcDbEntity
  8
F.Paste
  6
CONTINUOUS
100
AcDbLine
 10
124.6973999999999876
 20
-73.515199999999993
 30
0
 11
124.7835039999999935
 21
-73.5323269999999951
 31
0
  0
LINE
  5
43A
330
1A
100
AcDbEntity
  8
F.Paste
  6
CONTINUOUS
100
AcDbLine
 10
126.3335039999999907
 20
-73.5323269999999951
 30
0
 11
126.4064989999999966
 21
-73.5811009999999897
 31
0
  0
LINE
  5
43B
330
1A
100
AcDbEntity
  8
F.Paste
  6
CONTINUOUS
100
AcDbLine
 10
126.4064989999999966
 20
-73.5811009999999897
 30
0
 11
126.4552729999999912
 21
-73.6540959999999956
 31
0
  0
LINE
  5
43C
330
1A
100
AcDbEntity
  8
F.Paste
  6
CONTINUOUS
100
AcDbLine
 10
126.4552729999999912
 20
-73.6540959999999956
 30
0
 11
126.4723999999999933
 21
-73.7402000000000015
 31
0
  0
LINE
  5
43D
330
1A
100
AcDbEntity
  8
F.Paste
  6
CONTINUOUS
100
AcDbLine
 10
126.4723999999999933
 20
-73.7402000000000015
 30
0
 11
126.4723999999999933
 21
-74.2402000000000015
 31
0
  0
LINE
  5
43E
330
1A
100
AcDbEntity
  8
F.Paste
  6
CONTINUOUS
100
AcDbLine
 10
126.4723999999999933
 20
-74.2402000000000015
 30
0
 11
126.4552729999999912
 21
-74.3263039999999933
 31
0
  0
LINE
  5
43F
330
1A
100
AcDbEntity
  8
F.Paste
  6
CONTINUOUS
100
AcDbLine
 10
126.4552729999999912
 20
-74.3263039999999933
 30
0
 11
126.4064989999999966
 21
-74.3992989999999992
 31
0
  0
LINE
  5
440
330
1A
100
AcDbEntity
  8
F.Paste
  6
CONTINUOUS
100
AcDbLine
 10
126.4064989999999966
 20
-74.3992989999999992
 30
0
 11
126.3335039999999907
 21
-74.4480729999999937
 31
0
  0
LINE
  5
441
330
1A
100
AcDbEntity
  8
F.Paste
  6
CONTINUOUS
100
AcDbLine
 10
126.3335039999999907
 20
-74.4480729999999937
 30
0
 11
126.247399999999999
 21
-74.4651999999999958
 31
0
  0
LINE
  5
442
330
1A
100
AcDbEntity
  8
F.Paste
  6
CONTINUOUS
100
AcDbLine
 10
126.247399999999999
 20
-74.4651999999999958
 30
0
 11
125.7973999999999961
 21
-74.4651999999999958
 31
0
  0
LINE
  5
443
330
1A
100
AcDbEntity
  8
F.Paste
  6
CONTINUOUS
100
AcDbLine
 10
125.7973999999999961
 20
-74.4651999999999958
 30
0
 11
125.7112959999999902
 21
-74.4480729999999937
 31
0
  0
LINE
  5
444
330
1A
100
AcDbEntity
  8
F.Paste
  6
CONTINUOUS
100
AcDbLine
 10
125.7112959999999902
 20
-74.4480729999999937
 30
0
 11
125.6383009999999985
 21
-74.3992989999999992
 31
0
  0
LINE
  5
445
330
1A
100
AcDbEntity
  8
F.Paste
  6
CONTINUOUS
100
AcDbLine
 10
125.6383009999999985
 20
-74.3992989999999992
 30
0
 11
125.5895269999999897
 21
-74.3263039999999933
 31
0
  0
LINE
  5
446
330
1A
100
AcDbEntity
  8
F.Paste
  6
CONTINUOUS
100
AcDbLine
 10
125.5895269999999897
 20
-74.3263039999999933
 30
0
 11
125.5723999999999876
 21
-74.2402000000000015
 31
0
  0
LINE
  5
447
330
1A
100
AcDbEntity
  8
F.Paste
  6
CONTINUOUS
100
AcDbLine
 10
125.5723999999999876
 20
-74.2402000000000015
 30
0
 11
125.5723999999999876
 21
-73.7402000000000015
 31
0
  0
LINE
  5
448
330
1A
100
AcDbEntity
  8
F.Paste
  6
CONTINUOUS
100
AcDbLine
 10
125.5723999999999876
 20
-73.7402000000000015
 30
0
 11
125.5895269999999897
 21
-73.6540959999999956
 31
0
  0
LINE
  5
449
330
1A
100
AcDbEntity
  8
F.Paste
  6
CONTINUOUS
100
AcDbLine
 10
125.5895269999999897
 20
-73.6540959999999956
 30
0
 11
125.6383009999999985
 21
-73.5811009999999897
 31
0
  0
LINE
  5
44A
330
1A
100
AcDbEntity
  8
F.Paste
  6
CONTINUOUS
100
AcDbLine
 10
125.6383009999999985
 20
-73.5811009999999897
 30
0
 11
125.7112959999999902
 21
-73.5323269999999951
 31
0
  0
LINE
  5
44B
330
1A
100
AcDbEntity
  8
F.Paste
  6
CONTINUOUS
100
AcDbLine
 10
125.7112959999999902
 20
-73.5323269999999951
 30
0
 11
125.7973999999999961
 21
-73.515199999999993
 31
0
  0
LINE
  5
44C
330
1A
100
AcDbEntity
  8
F.Paste
  6
CONTINUOUS
100
AcDbLine
 10
125.7973999999999961
 20
-73.515199999999993
 30
0
 11
126.247399999999999
 21
-73.515199999999993
 31
0
  0
LINE
  5
44D
330
1A
100
AcDbEntity
  8
F.Paste
  6
CONTINUOUS
100
AcDbLine
 10
126.247399999999999
 20
-73.515199999999993
 30
0
 11
126.3335039999999907
 21
-73.5323269999999951
 31
0
  0
LINE
  5
44E
330
1A
100
AcDbEntity
  8
F.Paste
  6
CONTINUOUS
100
AcDbLine
 10
132.8278709999999876
 20
-72.1270299999999907
 30
0
 11
132.908976999999993
 21
-72.1812230000000028
 31
0
  0
LINE
  5
44F
330
1A
100
AcDbEntity
  8
F.Paste
  6
CONTINUOUS
100
AcDbLine
 10
132.908976999999993
 20
-72.1812230000000028
 30
0
 11
132.963169999999991
 21
-72.262328999999994
 31
0
  0
LINE
  5
450
330
1A
100
AcDbEntity
  8
F.Paste
  6
CONTINUOUS
100
AcDbLine
 10
132.963169999999991
 20
-72.262328999999994
 30
0
 11
132.982200000000006
 21
-72.3579999999999899
 31
0
  0
LINE
  5
451
330
1A
100
AcDbEntity
  8
F.Paste
  6
CONTINUOUS
100
AcDbLine
 10
132.982200000000006
 20
-72.3579999999999899
 30
0
 11
132.982200000000006
 21
-72.8829999999999956
 31
0
  0
LINE
  5
452
330
1A
100
AcDbEntity
  8
F.Paste
  6
CONTINUOUS
100
AcDbLine
 10
132.982200000000006
 20
-72.8829999999999956
 30
0
 11
132.963169999999991
 21
-72.9786709999999914
 31
0
  0
LINE
  5
453
330
1A
100
AcDbEntity
  8
F.Paste
  6
CONTINUOUS
100
AcDbLine
 10
132.963169999999991
 20
-72.9786709999999914
 30
0
 11
132.908976999999993
 21
-73.0597769999999969
 31
0
  0
LINE
  5
454
330
1A
100
AcDbEntity
  8
F.Paste
  6
CONTINUOUS
100
AcDbLine
 10
132.908976999999993
 20
-73.0597769999999969
 30
0
 11
132.8278709999999876
 21
-73.1139699999999948
 31
0
  0
LINE
  5
455
330
1A
100
AcDbEntity
  8
F.Paste
  6
CONTINUOUS
100
AcDbLine
 10
132.8278709999999876
 20
-73.1139699999999948
 30
0
 11
132.732200000000006
 21
-73.1329999999999956
 31
0
  0
LINE
  5
456
330
1A
100
AcDbEntity
  8
F.Paste
  6
CONTINUOUS
100
AcDbLine
 10
132.732200000000006
 20
-73.1329999999999956
 30
0
 11
131.8322000000000003
 21
-73.1329999999999956
 31
0
  0
LINE
  5
457
330
1A
100
AcDbEntity
  8
F.Paste
  6
CONTINUOUS
100
AcDbLine
 10
131.8322000000000003
 20
-73.1329999999999956
 30
0
 11
131.7365289999999902
 21
-73.1139699999999948
 31
0
  0
LINE
  5
458
330
1A
100
AcDbEntity
  8
F.Paste
  6
CONTINUOUS
100
AcDbLine
 10
131.7365289999999902
 20
-73.1139699999999948
 30
0
 11
131.6554229999999848
 21
-73.0597769999999969
 31
0
  0
LINE
  5
459
330
1A
100
AcDbEntity
  8
F.Paste
  6
CONTINUOUS
100
AcDbLine
 10
131.6554229999999848
 20
-73.0597769999999969
 30
0
 11
131.6012299999999868
 21
-72.9786709999999914
 31
0
  0
LINE
  5
45A
330
1A
100
AcDbEntity
  8
F.Paste
  6
CONTINUOUS
100
AcDbLine
 10
131.6012299999999868
 20
-72.9786709999999914
 30
0
 11
131.5822000000000003
 21
-72.8829999999999956
 31
0
  0
LINE
  5
45B
330
1A
100
AcDbEntity
  8
F.Paste
  6
CONTINUOUS
100
AcDbLine
 10
131.5822000000000003
 20
-72.8829999999999956
 30
0
 11
131.5822000000000003
 21
-72.3579999999999899
 31
0
  0
LINE
  5
45C
330
1A
100
AcDbEntity
  8
F.Paste
  6
CONTINUOUS
100
AcDbLine
 10
131.5822000000000003
 20
-72.3579999999999899
 30
0
 11
131.6012299999999868
 21
-72.262328999999994
 31
0
  0
LINE
  5
45D
330
1A
100
AcDbEntity
  8
F.Paste
  6
CONTINUOUS
100
AcDbLine
 10
131.6012299999999868
 20
-72.262328999999994
 30
0
 11
131.6554229999999848
 21
-72.1812230000000028
 31
0
  0
LINE
  5
45E
330
1A
100
AcDbEntity
  8
F.Paste
  6
CONTINUOUS
100
AcDbLine
 10
131.6554229999999848
 20
-72.1812230000000028
 30
0
 11
131.7365289999999902
 21
-72.1270299999999907
 31
0
  0
LINE
  5
45F
330
1A
100
AcDbEntity
  8
F.Paste
  6
CONTINUOUS
100
AcDbLine
 10
131.7365289999999902
 20
-72.1270299999999907
 30
0
 11
131.8322000000000003
 21
-72.1079999999999899
 31
0
  0
LINE
  5
460
330
1A
100
AcDbEntity
  8
F.Paste
  6
CONTINUOUS
100
AcDbLine
 10
131.8322000000000003
 20
-72.1079999999999899
 30
0
 11
132.732200000000006
 21
-72.1079999999999899
 31
0
  0
LINE
  5
461
330
1A
100
AcDbEntity
  8
F.Paste
  6
CONTINUOUS
100
AcDbLine
 10
132.732200000000006
 20
-72.1079999999999899
 30
0
 11
132.8278709999999876
 21
-72.1270299999999907
 31
0
  0
LINE
  5
462
330
1A
100
AcDbEntity
  8
F.Paste
  6
CONTINUOUS
100
AcDbLine
 10
135.1656710000000032
 20
-72.1270299999999907
 30
0
 11
135.2467769999999803
 21
-72.1812230000000028
 31
0
  0
LINE
  5
463
330
1A
100
AcDbEntity
  8
F.Paste
  6
CONTINUOUS
100
AcDbLine
 10
135.2467769999999803
 20
-72.1812230000000028
 30
0
 11
135.3009700000000066
 21
-72.262328999999994
 31
0
  0
LINE
  5
464
330
1A
100
AcDbEntity
  8
F.Paste
  6
CONTINUOUS
100
AcDbLine
 10
135.3009700000000066
 20
-72.262328999999994
 30
0
 11
135.3199999999999932
 21
-72.3579999999999899
 31
0
  0
LINE
  5
465
330
1A
100
AcDbEntity
  8
F.Paste
  6
CONTINUOUS
100
AcDbLine
 10
135.3199999999999932
 20
-72.3579999999999899
 30
0
 11
135.3199999999999932
 21
-72.8829999999999956
 31
0
  0
LINE
  5
466
330
1A
100
AcDbEntity
  8
F.Paste
  6
CONTINUOUS
100
AcDbLine
 10
135.3199999999999932
 20
-72.8829999999999956
 30
0
 11
135.3009700000000066
 21
-72.9786709999999914
 31
0
  0
LINE
  5
467
330
1A
100
AcDbEntity
  8
F.Paste
  6
CONTINUOUS
100
AcDbLine
 10
135.3009700000000066
 20
-72.9786709999999914
 30
0
 11
135.2467769999999803
 21
-73.0597769999999969
 31
0
  0
LINE
  5
468
330
1A
100
AcDbEntity
  8
F.Paste
  6
CONTINUOUS
100
AcDbLine
 10
135.2467769999999803
 20
-73.0597769999999969
 30
0
 11
135.1656710000000032
 21
-73.1139699999999948
 31
0
  0
LINE
  5
469
330
1A
100
AcDbEntity
  8
F.Paste
  6
CONTINUOUS
100
AcDbLine
 10
135.1656710000000032
 20
-73.1139699999999948
 30
0
 11
135.0699999999999932
 21
-73.1329999999999956
 31
0
  0
LINE
  5
46A
330
1A
100
AcDbEntity
  8
F.Paste
  6
CONTINUOUS
100
AcDbLine
 10
135.0699999999999932
 20
-73.1329999999999956
 30
0
 11
134.1699999999999875
 21
-73.1329999999999956
 31
0
  0
LINE
  5
46B
330
1A
100
AcDbEntity
  8
F.Paste
  6
CONTINUOUS
100
AcDbLine
 10
134.1699999999999875
 20
-73.1329999999999956
 30
0
 11
134.0743290000000059
 21
-73.1139699999999948
 31
0
  0
LINE
  5
46C
330
1A
100
AcDbEntity
  8
F.Paste
  6
CONTINUOUS
100
AcDbLine
 10
134.0743290000000059
 20
-73.1139699999999948
 30
0
 11
133.9932230000000004
 21
-73.0597769999999969
 31
0
  0
LINE
  5
46D
330
1A
100
AcDbEntity
  8
F.Paste
  6
CONTINUOUS
100
AcDbLine
 10
133.9932230000000004
 20
-73.0597769999999969
 30
0
 11
133.9390300000000025
 21
-72.9786709999999914
 31
0
  0
LINE
  5
46E
330
1A
100
AcDbEntity
  8
F.Paste
  6
CONTINUOUS
100
AcDbLine
 10
133.9390300000000025
 20
-72.9786709999999914
 30
0
 11
133.9199999999999875
 21
-72.8829999999999956
 31
0
  0
LINE
  5
46F
330
1A
100
AcDbEntity
  8
F.Paste
  6
CONTINUOUS
100
AcDbLine
 10
133.9199999999999875
 20
-72.8829999999999956
 30
0
 11
133.9199999999999875
 21
-72.3579999999999899
 31
0
  0
LINE
  5
470
330
1A
100
AcDbEntity
  8
F.Paste
  6
CONTINUOUS
100
AcDbLine
 10
133.9199999999999875
 20
-72.3579999999999899
 30
0
 11
133.9390300000000025
 21
-72.262328999999994
 31
0
  0
LINE
  5
471
330
1A
100
AcDbEntity
  8
F.Paste
  6
CONTINUOUS
100
AcDbLine
 10
133.9390300000000025
 20
-72.262328999999994
 30
0
 11
133.9932230000000004
 21
-72.1812230000000028
 31
0
  0
LINE
  5
472
330
1A
100
AcDbEntity
  8
F.Paste
  6
CONTINUOUS
100
AcDbLine
 10
133.9932230000000004
 20
-72.1812230000000028
 30
0
 11
134.0743290000000059
 21
-72.1270299999999907
 31
0
  0
LINE
  5
473
330
1A
100
AcDbEntity
  8
F.Paste
  6
CONTINUOUS
100
AcDbLine
 10
134.0743290000000059
 20
-72.1270299999999907
 30
0
 11
134.1699999999999875
 21
-72.1079999999999899
 31
0
  0
LINE
  5
474
330
1A
100
AcDbEntity
  8
F.Paste
  6
CONTINUOUS
100
AcDbLine
 10
134.1699999999999875
 20
-72.1079999999999899
 30
0
 11
135.0699999999999932
 21
-72.1079999999999899
 31
0
  0
LINE
  5
475
330
1A
100
AcDbEntity
  8
F.Paste
  6
CONTINUOUS
100
AcDbLine
 10
135.0699999999999932
 20
-72.1079999999999899
 30
0
 11
135.1656710000000032
 21
-72.1270299999999907
 31
0
  0
LINE
  5
476
330
1A
100
AcDbEntity
  8
F.Paste
  6
CONTINUOUS
100
AcDbLine
 10
129.9711329999999805
 20
-71.8589609999999936
 30
0
 11
129.9725970000000075
 21
-71.8624969999999905
 31
0
  0
LINE
  5
477
330
1A
100
AcDbEntity
  8
F.Paste
  6
CONTINUOUS
100
AcDbLine
 10
129.9725970000000075
 20
-71.8624969999999905
 30
0
 11
129.9725970000000075
 21
-72.442497000000003
 31
0
  0
LINE
  5
478
330
1A
100
AcDbEntity
  8
F.Paste
  6
CONTINUOUS
100
AcDbLine
 10
129.9725970000000075
 20
-72.442497000000003
 30
0
 11
129.9711329999999805
 21
-72.4460329999999999
 31
0
  0
LINE
  5
479
330
1A
100
AcDbEntity
  8
F.Paste
  6
CONTINUOUS
100
AcDbLine
 10
129.9711329999999805
 20
-72.4460329999999999
 30
0
 11
129.9675969999999836
 21
-72.4474969999999985
 31
0
  0
LINE
  5
47A
330
1A
100
AcDbEntity
  8
F.Paste
  6
CONTINUOUS
100
AcDbLine
 10
129.9675969999999836
 20
-72.4474969999999985
 30
0
 11
129.6675970000000007
 21
-72.4474969999999985
 31
0
  0
LINE
  5
47B
330
1A
100
AcDbEntity
  8
F.Paste
  6
CONTINUOUS
100
AcDbLine
 10
129.6675970000000007
 20
-72.4474969999999985
 30
0
 11
129.6640610000000038
 21
-72.4460329999999999
 31
0
  0
LINE
  5
47C
330
1A
100
AcDbEntity
  8
F.Paste
  6
CONTINUOUS
100
AcDbLine
 10
129.6640610000000038
 20
-72.4460329999999999
 30
0
 11
129.6625970000000052
 21
-72.442497000000003
 31
0
  0
LINE
  5
47D
330
1A
100
AcDbEntity
  8
F.Paste
  6
CONTINUOUS
100
AcDbLine
 10
129.6625970000000052
 20
-72.442497000000003
 30
0
 11
129.6625970000000052
 21
-71.8624969999999905
 31
0
  0
LINE
  5
47E
330
1A
100
AcDbEntity
  8
F.Paste
  6
CONTINUOUS
100
AcDbLine
 10
129.6625970000000052
 20
-71.8624969999999905
 30
0
 11
129.6640610000000038
 21
-71.8589609999999936
 31
0
  0
LINE
  5
47F
330
1A
100
AcDbEntity
  8
F.Paste
  6
CONTINUOUS
100
AcDbLine
 10
129.6640610000000038
 20
-71.8589609999999936
 30
0
 11
129.6675970000000007
 21
-71.8574969999999951
 31
0
  0
LINE
  5
480
330
1A
100
AcDbEntity
  8
F.Paste
  6
CONTINUOUS
100
AcDbLine
 10
129.6675970000000007
 20
-71.8574969999999951
 30
0
 11
129.9675969999999836
 21
-71.8574969999999951
 31
0
  0
LINE
  5
481
330
1A
100
AcDbEntity
  8
F.Paste
  6
CONTINUOUS
100
AcDbLine
 10
129.9675969999999836
 20
-71.8574969999999951
 30
0
 11
129.9711329999999805
 21
-71.8589609999999936
 31
0
  0
LINE
  5
482
330
1A
100
AcDbEntity
  8
F.Paste
  6
CONTINUOUS
100
AcDbLine
 10
124.3706709999999873
 20
-71.4120300000000015
 30
0
 11
124.4517769999999928
 21
-71.4662229999999994
 31
0
  0
LINE
  5
483
330
1A
100
AcDbEntity
  8
F.Paste
  6
CONTINUOUS
100
AcDbLine
 10
124.4517769999999928
 20
-71.4662229999999994
 30
0
 11
124.5059699999999907
 21
-71.5473289999999906
 31
0
  0
LINE
  5
484
330
1A
100
AcDbEntity
  8
F.Paste
  6
CONTINUOUS
100
AcDbLine
 10
124.5059699999999907
 20
-71.5473289999999906
 30
0
 11
124.5249999999999915
 21
-71.6430000000000007
 31
0
  0
LINE
  5
485
330
1A
100
AcDbEntity
  8
F.Paste
  6
CONTINUOUS
100
AcDbLine
 10
124.5249999999999915
 20
-71.6430000000000007
 30
0
 11
124.5249999999999915
 21
-72.1679999999999922
 31
0
  0
LINE
  5
486
330
1A
100
AcDbEntity
  8
F.Paste
  6
CONTINUOUS
100
AcDbLine
 10
124.5249999999999915
 20
-72.1679999999999922
 30
0
 11
124.5059699999999907
 21
-72.2636710000000022
 31
0
  0
LINE
  5
487
330
1A
100
AcDbEntity
  8
F.Paste
  6
CONTINUOUS
100
AcDbLine
 10
124.5059699999999907
 20
-72.2636710000000022
 30
0
 11
124.4517769999999928
 21
-72.3447769999999934
 31
0
  0
LINE
  5
488
330
1A
100
AcDbEntity
  8
F.Paste
  6
CONTINUOUS
100
AcDbLine
 10
124.4517769999999928
 20
-72.3447769999999934
 30
0
 11
124.3706709999999873
 21
-72.3989699999999914
 31
0
  0
LINE
  5
489
330
1A
100
AcDbEntity
  8
F.Paste
  6
CONTINUOUS
100
AcDbLine
 10
124.3706709999999873
 20
-72.3989699999999914
 30
0
 11
124.2749999999999915
 21
-72.4179999999999922
 31
0
  0
LINE
  5
48A
330
1A
100
AcDbEntity
  8
F.Paste
  6
CONTINUOUS
100
AcDbLine
 10
124.2749999999999915
 20
-72.4179999999999922
 30
0
 11
123.375
 21
-72.4179999999999922
 31
0
  0
LINE
  5
48B
330
1A
100
AcDbEntity
  8
F.Paste
  6
CONTINUOUS
100
AcDbLine
 10
123.375
 20
-72.4179999999999922
 30
0
 11
123.2793289999999899
 21
-72.3989699999999914
 31
0
  0
LINE
  5
48C
330
1A
100
AcDbEntity
  8
F.Paste
  6
CONTINUOUS
100
AcDbLine
 10
123.2793289999999899
 20
-72.3989699999999914
 30
0
 11
123.1982229999999987
 21
-72.3447769999999934
 31
0
  0
LINE
  5
48D
330
1A
100
AcDbEntity
  8
F.Paste
  6
CONTINUOUS
100
AcDbLine
 10
123.1982229999999987
 20
-72.3447769999999934
 30
0
 11
123.1440300000000008
 21
-72.2636710000000022
 31
0
  0
LINE
  5
48E
330
1A
100
AcDbEntity
  8
F.Paste
  6
CONTINUOUS
100
AcDbLine
 10
123.1440300000000008
 20
-72.2636710000000022
 30
0
 11
123.125
 21
-72.1679999999999922
 31
0
  0
LINE
  5
48F
330
1A
100
AcDbEntity
  8
F.Paste
  6
CONTINUOUS
100
AcDbLine
 10
123.125
 20
-72.1679999999999922
 30
0
 11
123.125
 21
-71.6430000000000007
 31
0
  0
LINE
  5
490
330
1A
100
AcDbEntity
  8
F.Paste
  6
CONTINUOUS
100
AcDbLine
 10
123.125
 20
-71.6430000000000007
 30
0
 11
123.1440300000000008
 21
-71.5473289999999906
 31
0
  0
LINE
  5
491
330
1A
100
AcDbEntity
  8
F.Paste
  6
CONTINUOUS
100
AcDbLine
 10
123.1440300000000008
 20
-71.5473289999999906
 30
0
 11
123.1982229999999987
 21
-71.4662229999999994
 31
0
  0
LINE
  5
492
330
1A
100
AcDbEntity
  8
F.Paste
  6
CONTINUOUS
100
AcDbLine
 10
123.1982229999999987
 20
-71.4662229999999994
 30
0
 11
123.2793289999999899
 21
-71.4120300000000015
 31
0
  0
LINE
  5
493
330
1A
100
AcDbEntity
  8
F.Paste
  6
CONTINUOUS
100
AcDbLine
 10
123.2793289999999899
 20
-71.4120300000000015
 30
0
 11
123.375
 21
-71.3930000000000007
 31
0
  0
LINE
  5
494
330
1A
100
AcDbEntity
  8
F.Paste
  6
CONTINUOUS
100
AcDbLine
 10
123.375
 20
-71.3930000000000007
 30
0
 11
124.2749999999999915
 21
-71.3930000000000007
 31
0
  0
LINE
  5
495
330
1A
100
AcDbEntity
  8
F.Paste
  6
CONTINUOUS
100
AcDbLine
 10
124.2749999999999915
 20
-71.3930000000000007
 30
0
 11
124.3706709999999873
 21
-71.4120300000000015
 31
0
  0
LINE
  5
496
330
1A
100
AcDbEntity
  8
F.Paste
  6
CONTINUOUS
100
AcDbLine
 10
126.7074709999999982
 20
-71.4120300000000015
 30
0
 11
126.7885769999999894
 21
-71.4662229999999994
 31
0
  0
LINE
  5
497
330
1A
100
AcDbEntity
  8
F.Paste
  6
CONTINUOUS
100
AcDbLine
 10
126.7885769999999894
 20
-71.4662229999999994
 30
0
 11
126.8427699999999874
 21
-71.5473289999999906
 31
0
  0
LINE
  5
498
330
1A
100
AcDbEntity
  8
F.Paste
  6
CONTINUOUS
100
AcDbLine
 10
126.8427699999999874
 20
-71.5473289999999906
 30
0
 11
126.8617999999999881
 21
-71.6430000000000007
 31
0
  0
LINE
  5
499
330
1A
100
AcDbEntity
  8
F.Paste
  6
CONTINUOUS
100
AcDbLine
 10
126.8617999999999881
 20
-71.6430000000000007
 30
0
 11
126.8617999999999881
 21
-72.1679999999999922
 31
0
  0
LINE
  5
49A
330
1A
100
AcDbEntity
  8
F.Paste
  6
CONTINUOUS
100
AcDbLine
 10
126.8617999999999881
 20
-72.1679999999999922
 30
0
 11
126.8427699999999874
 21
-72.2636710000000022
 31
0
  0
LINE
  5
49B
330
1A
100
AcDbEntity
  8
F.Paste
  6
CONTINUOUS
100
AcDbLine
 10
126.8427699999999874
 20
-72.2636710000000022
 30
0
 11
126.7885769999999894
 21
-72.3447769999999934
 31
0
  0
LINE
  5
49C
330
1A
100
AcDbEntity
  8
F.Paste
  6
CONTINUOUS
100
AcDbLine
 10
126.7885769999999894
 20
-72.3447769999999934
 30
0
 11
126.7074709999999982
 21
-72.3989699999999914
 31
0
  0
LINE
  5
49D
330
1A
100
AcDbEntity
  8
F.Paste
  6
CONTINUOUS
100
AcDbLine
 10
126.7074709999999982
 20
-72.3989699999999914
 30
0
 11
126.6117999999999881
 21
-72.4179999999999922
 31
0
  0
LINE
  5
49E
330
1A
100
AcDbEntity
  8
F.Paste
  6
CONTINUOUS
100
AcDbLine
 10
126.6117999999999881
 20
-72.4179999999999922
 30
0
 11
125.7117999999999967
 21
-72.4179999999999922
 31
0
  0
LINE
  5
49F
330
1A
100
AcDbEntity
  8
F.Paste
  6
CONTINUOUS
100
AcDbLine
 10
125.7117999999999967
 20
-72.4179999999999922
 30
0
 11
125.6161290000000008
 21
-72.3989699999999914
 31
0
  0
LINE
  5
4A0
330
1A
100
AcDbEntity
  8
F.Paste
  6
CONTINUOUS
100
AcDbLine
 10
125.6161290000000008
 20
-72.3989699999999914
 30
0
 11
125.5350229999999954
 21
-72.3447769999999934
 31
0
  0
LINE
  5
4A1
330
1A
100
AcDbEntity
  8
F.Paste
  6
CONTINUOUS
100
AcDbLine
 10
125.5350229999999954
 20
-72.3447769999999934
 30
0
 11
125.4808299999999974
 21
-72.2636710000000022
 31
0
  0
LINE
  5
4A2
330
1A
100
AcDbEntity
  8
F.Paste
  6
CONTINUOUS
100
AcDbLine
 10
125.4808299999999974
 20
-72.2636710000000022
 30
0
 11
125.4617999999999967
 21
-72.1679999999999922
 31
0
  0
LINE
  5
4A3
330
1A
100
AcDbEntity
  8
F.Paste
  6
CONTINUOUS
100
AcDbLine
 10
125.4617999999999967
 20
-72.1679999999999922
 30
0
 11
125.4617999999999967
 21
-71.6430000000000007
 31
0
  0
LINE
  5
4A4
330
1A
100
AcDbEntity
  8
F.Paste
  6
CONTINUOUS
100
AcDbLine
 10
125.4617999999999967
 20
-71.6430000000000007
 30
0
 11
125.4808299999999974
 21
-71.5473289999999906
 31
0
  0
LINE
  5
4A5
330
1A
100
AcDbEntity
  8
F.Paste
  6
CONTINUOUS
100
AcDbLine
 10
125.4808299999999974
 20
-71.5473289999999906
 30
0
 11
125.5350229999999954
 21
-71.4662229999999994
 31
0
  0
LINE
  5
4A6
330
1A
100
AcDbEntity
  8
F.Paste
  6
CONTINUOUS
100
AcDbLine
 10
125.5350229999999954
 20
-71.4662229999999994
 30
0
 11
125.6161290000000008
 21
-71.4120300000000015
 31
0
  0
LINE
  5
4A7
330
1A
100
AcDbEntity
  8
F.Paste
  6
CONTINUOUS
100
AcDbLine
 10
125.6161290000000008
 20
-71.4120300000000015
 30
0
 11
125.7117999999999967
 21
-71.3930000000000007
 31
0
  0
LINE
  5
4A8
330
1A
100
AcDbEntity
  8
F.Paste
  6
CONTINUOUS
100
AcDbLine
 10
125.7117999999999967
 20
-71.3930000000000007
 30
0
 11
126.6117999999999881
 21
-71.3930000000000007
 31
0
  0
LINE
  5
4A9
330
1A
100
AcDbEntity
  8
F.Paste
  6
CONTINUOUS
100
AcDbLine
 10
126.6117999999999881
 20
-71.3930000000000007
 30
0
 11
126.7074709999999982
 21
-71.4120300000000015
 31
0
  0
LINE
  5
4AA
330
1A
100
AcDbEntity
  8
F.Paste
  6
CONTINUOUS
100
AcDbLine
 10
129.4461330000000032
 20
-71.9139610000000005
 30
0
 11
129.4475970000000018
 21
-71.9174969999999973
 31
0
  0
LINE
  5
4AB
330
1A
100
AcDbEntity
  8
F.Paste
  6
CONTINUOUS
100
AcDbLine
 10
129.4475970000000018
 20
-71.9174969999999973
 30
0
 11
129.4475970000000018
 21
-72.1674969999999973
 31
0
  0
LINE
  5
4AC
330
1A
100
AcDbEntity
  8
F.Paste
  6
CONTINUOUS
100
AcDbLine
 10
129.4475970000000018
 20
-72.1674969999999973
 30
0
 11
129.4461330000000032
 21
-72.1710329999999942
 31
0
  0
LINE
  5
4AD
330
1A
100
AcDbEntity
  8
F.Paste
  6
CONTINUOUS
100
AcDbLine
 10
129.4461330000000032
 20
-72.1710329999999942
 30
0
 11
129.4425970000000063
 21
-72.1724969999999928
 31
0
  0
LINE
  5
4AE
330
1A
100
AcDbEntity
  8
F.Paste
  6
CONTINUOUS
100
AcDbLine
 10
129.4425970000000063
 20
-72.1724969999999928
 30
0
 11
128.9175970000000007
 21
-72.1724969999999928
 31
0
  0
LINE
  5
4AF
330
1A
100
AcDbEntity
  8
F.Paste
  6
CONTINUOUS
100
AcDbLine
 10
128.9175970000000007
 20
-72.1724969999999928
 30
0
 11
128.9140610000000038
 21
-72.1710329999999942
 31
0
  0
LINE
  5
4B0
330
1A
100
AcDbEntity
  8
F.Paste
  6
CONTINUOUS
100
AcDbLine
 10
128.9140610000000038
 20
-72.1710329999999942
 30
0
 11
128.9125970000000052
 21
-72.1674969999999973
 31
0
  0
LINE
  5
4B1
330
1A
100
AcDbEntity
  8
F.Paste
  6
CONTINUOUS
100
AcDbLine
 10
128.9125970000000052
 20
-72.1674969999999973
 30
0
 11
128.9125970000000052
 21
-71.9174969999999973
 31
0
  0
LINE
  5
4B2
330
1A
100
AcDbEntity
  8
F.Paste
  6
CONTINUOUS
100
AcDbLine
 10
128.9125970000000052
 20
-71.9174969999999973
 30
0
 11
128.9140610000000038
 21
-71.9139610000000005
 31
0
  0
LINE
  5
4B3
330
1A
100
AcDbEntity
  8
F.Paste
  6
CONTINUOUS
100
AcDbLine
 10
128.9140610000000038
 20
-71.9139610000000005
 30
0
 11
128.9175970000000007
 21
-71.9124970000000019
 31
0
  0
LINE
  5
4B4
330
1A
100
AcDbEntity
  8
F.Paste
  6
CONTINUOUS
100
AcDbLine
 10
128.9175970000000007
 20
-71.9124970000000019
 30
0
 11
129.4425970000000063
 21
-71.9124970000000019
 31
0
  0
LINE
  5
4B5
330
1A
100
AcDbEntity
  8
F.Paste
  6
CONTINUOUS
100
AcDbLine
 10
129.4425970000000063
 20
-71.9124970000000019
 30
0
 11
129.4461330000000032
 21
-71.9139610000000005
 31
0
  0
LINE
  5
4B6
330
1A
100
AcDbEntity
  8
F.Paste
  6
CONTINUOUS
100
AcDbLine
 10
130.7211329999999805
 20
-71.9139610000000005
 30
0
 11
130.7225970000000075
 21
-71.9174969999999973
 31
0
  0
LINE
  5
4B7
330
1A
100
AcDbEntity
  8
F.Paste
  6
CONTINUOUS
100
AcDbLine
 10
130.7225970000000075
 20
-71.9174969999999973
 30
0
 11
130.7225970000000075
 21
-72.1674969999999973
 31
0
  0
LINE
  5
4B8
330
1A
100
AcDbEntity
  8
F.Paste
  6
CONTINUOUS
100
AcDbLine
 10
130.7225970000000075
 20
-72.1674969999999973
 30
0
 11
130.7211329999999805
 21
-72.1710329999999942
 31
0
  0
LINE
  5
4B9
330
1A
100
AcDbEntity
  8
F.Paste
  6
CONTINUOUS
100
AcDbLine
 10
130.7211329999999805
 20
-72.1710329999999942
 30
0
 11
130.7175969999999836
 21
-72.1724969999999928
 31
0
  0
LINE
  5
4BA
330
1A
100
AcDbEntity
  8
F.Paste
  6
CONTINUOUS
100
AcDbLine
 10
130.7175969999999836
 20
-72.1724969999999928
 30
0
 11
130.1925970000000063
 21
-72.1724969999999928
 31
0
  0
LINE
  5
4BB
330
1A
100
AcDbEntity
  8
F.Paste
  6
CONTINUOUS
100
AcDbLine
 10
130.1925970000000063
 20
-72.1724969999999928
 30
0
 11
130.189060999999981
 21
-72.1710329999999942
 31
0
  0
LINE
  5
4BC
330
1A
100
AcDbEntity
  8
F.Paste
  6
CONTINUOUS
100
AcDbLine
 10
130.189060999999981
 20
-72.1710329999999942
 30
0
 11
130.1875969999999825
 21
-72.1674969999999973
 31
0
  0
LINE
  5
4BD
330
1A
100
AcDbEntity
  8
F.Paste
  6
CONTINUOUS
100
AcDbLine
 10
130.1875969999999825
 20
-72.1674969999999973
 30
0
 11
130.1875969999999825
 21
-71.9174969999999973
 31
0
  0
LINE
  5
4BE
330
1A
100
AcDbEntity
  8
F.Paste
  6
CONTINUOUS
100
AcDbLine
 10
130.1875969999999825
 20
-71.9174969999999973
 30
0
 11
130.189060999999981
 21
-71.9139610000000005
 31
0
  0
LINE
  5
4BF
330
1A
100
AcDbEntity
  8
F.Paste
  6
CONTINUOUS
100
AcDbLine
 10
130.189060999999981
 20
-71.9139610000000005
 30
0
 11
130.1925970000000063
 21
-71.9124970000000019
 31
0
  0
LINE
  5
4C0
330
1A
100
AcDbEntity
  8
F.Paste
  6
CONTINUOUS
100
AcDbLine
 10
130.1925970000000063
 20
-71.9124970000000019
 30
0
 11
130.7175969999999836
 21
-71.9124970000000019
 31
0
  0
LINE
  5
4C1
330
1A
100
AcDbEntity
  8
F.Paste
  6
CONTINUOUS
100
AcDbLine
 10
130.7175969999999836
 20
-71.9124970000000019
 30
0
 11
130.7211329999999805
 21
-71.9139610000000005
 31
0
  0
LINE
  5
4C2
330
1A
100
AcDbEntity
  8
F.Paste
  6
CONTINUOUS
100
AcDbLine
 10
129.4461330000000032
 20
-71.4139610000000005
 30
0
 11
129.4475970000000018
 21
-71.4174969999999973
 31
0
  0
LINE
  5
4C3
330
1A
100
AcDbEntity
  8
F.Paste
  6
CONTINUOUS
100
AcDbLine
 10
129.4475970000000018
 20
-71.4174969999999973
 30
0
 11
129.4475970000000018
 21
-71.6674969999999973
 31
0
  0
LINE
  5
4C4
330
1A
100
AcDbEntity
  8
F.Paste
  6
CONTINUOUS
100
AcDbLine
 10
129.4475970000000018
 20
-71.6674969999999973
 30
0
 11
129.4461330000000032
 21
-71.6710329999999942
 31
0
  0
LINE
  5
4C5
330
1A
100
AcDbEntity
  8
F.Paste
  6
CONTINUOUS
100
AcDbLine
 10
129.4461330000000032
 20
-71.6710329999999942
 30
0
 11
129.4425970000000063
 21
-71.6724969999999928
 31
0
  0
LINE
  5
4C6
330
1A
100
AcDbEntity
  8
F.Paste
  6
CONTINUOUS
100
AcDbLine
 10
129.4425970000000063
 20
-71.6724969999999928
 30
0
 11
128.9175970000000007
 21
-71.6724969999999928
 31
0
  0
LINE
  5
4C7
330
1A
100
AcDbEntity
  8
F.Paste
  6
CONTINUOUS
100
AcDbLine
 10
128.9175970000000007
 20
-71.6724969999999928
 30
0
 11
128.9140610000000038
 21
-71.6710329999999942
 31
0
  0
LINE
  5
4C8
330
1A
100
AcDbEntity
  8
F.Paste
  6
CONTINUOUS
100
AcDbLine
 10
128.9140610000000038
 20
-71.6710329999999942
 30
0
 11
128.9125970000000052
 21
-71.6674969999999973
 31
0
  0
LINE
  5
4C9
330
1A
100
AcDbEntity
  8
F.Paste
  6
CONTINUOUS
100
AcDbLine
 10
128.9125970000000052
 20
-71.6674969999999973
 30
0
 11
128.9125970000000052
 21
-71.4174969999999973
 31
0
  0
LINE
  5
4CA
330
1A
100
AcDbEntity
  8
F.Paste
  6
CONTINUOUS
100
AcDbLine
 10
128.9125970000000052
 20
-71.4174969999999973
 30
0
 11
128.9140610000000038
 21
-71.4139610000000005
 31
0
  0
LINE
  5
4CB
330
1A
100
AcDbEntity
  8
F.Paste
  6
CONTINUOUS
100
AcDbLine
 10
128.9140610000000038
 20
-71.4139610000000005
 30
0
 11
128.9175970000000007
 21
-71.4124970000000019
 31
0
  0
LINE
  5
4CC
330
1A
100
AcDbEntity
  8
F.Paste
  6
CONTINUOUS
100
AcDbLine
 10
128.9175970000000007
 20
-71.4124970000000019
 30
0
 11
129.4425970000000063
 21
-71.4124970000000019
 31
0
  0
LINE
  5
4CD
330
1A
100
AcDbEntity
  8
F.Paste
  6
CONTINUOUS
100
AcDbLine
 10
129.4425970000000063
 20
-71.4124970000000019
 30
0
 11
129.4461330000000032
 21
-71.4139610000000005
 31
0
  0
LINE
  5
4CE
330
1A
100
AcDbEntity
  8
F.Paste
  6
CONTINUOUS
100
AcDbLine
 10
130.7211329999999805
 20
-71.4139610000000005
 30
0
 11
130.7225970000000075
 21
-71.4174969999999973
 31
0
  0
LINE
  5
4CF
330
1A
100
AcDbEntity
  8
F.Paste
  6
CONTINUOUS
100
AcDbLine
 10
130.7225970000000075
 20
-71.4174969999999973
 30
0
 11
130.7225970000000075
 21
-71.6674969999999973
 31
0
  0
LINE
  5
4D0
330
1A
100
AcDbEntity
  8
F.Paste
  6
CONTINUOUS
100
AcDbLine
 10
130.7225970000000075
 20
-71.6674969999999973
 30
0
 11
130.7211329999999805
 21
-71.6710329999999942
 31
0
  0
LINE
  5
4D1
330
1A
100
AcDbEntity
  8
F.Paste
  6
CONTINUOUS
100
AcDbLine
 10
130.7211329999999805
 20
-71.6710329999999942
 30
0
 11
130.7175969999999836
 21
-71.6724969999999928
 31
0
  0
LINE
  5
4D2
330
1A
100
AcDbEntity
  8
F.Paste
  6
CONTINUOUS
100
AcDbLine
 10
130.7175969999999836
 20
-71.6724969999999928
 30
0
 11
130.1925970000000063
 21
-71.6724969999999928
 31
0
  0
LINE
  5
4D3
330
1A
100
AcDbEntity
  8
F.Paste
  6
CONTINUOUS
100
AcDbLine
 10
130.1925970000000063
 20
-71.6724969999999928
 30
0
 11
130.189060999999981
 21
-71.6710329999999942
 31
0
  0
LINE
  5
4D4
330
1A
100
AcDbEntity
  8
F.Paste
  6
CONTINUOUS
100
AcDbLine
 10
130.189060999999981
 20
-71.6710329999999942
 30
0
 11
130.1875969999999825
 21
-71.6674969999999973
 31
0
  0
LINE
  5
4D5
330
1A
100
AcDbEntity
  8
F.Paste
  6
CONTINUOUS
100
AcDbLine
 10
130.1875969999999825
 20
-71.6674969999999973
 30
0
 11
130.1875969999999825
 21
-71.4174969999999973
 31
0
  0
LINE
  5
4D6
330
1A
100
AcDbEntity
  8
F.Paste
  6
CONTINUOUS
100
AcDbLine
 10
130.1875969999999825
 20
-71.4174969999999973
 30
0
 11
130.189060999999981
 21
-71.4139610000000005
 31
0
  0
LINE
  5
4D7
330
1A
100
AcDbEntity
  8
F.Paste
  6
CONTINUOUS
100
AcDbLine
 10
130.189060999999981
 20
-71.4139610000000005
 30
0
 11
130.1925970000000063
 21
-71.4124970000000019
 31
0
  0
LINE
  5
4D8
330
1A
100
AcDbEntity
  8
F.Paste
  6
CONTINUOUS
100
AcDbLine
 10
130.1925970000000063
 20
-71.4124970000000019
 30
0
 11
130.7175969999999836
 21
-71.4124970000000019
 31
0
  0
LINE
  5
4D9
330
1A
100
AcDbEntity
  8
F.Paste
  6
CONTINUOUS
100
AcDbLine
 10
130.7175969999999836
 20
-71.4124970000000019
 30
0
 11
130.7211329999999805
 21
-71.4139610000000005
 31
0
  0
LINE
  5
4DA
330
1A
100
AcDbEntity
  8
F.Paste
  6
CONTINUOUS
100
AcDbLine
 10
129.4461330000000032
 20
-70.9139610000000005
 30
0
 11
129.4475970000000018
 21
-70.9174969999999973
 31
0
  0
LINE
  5
4DB
330
1A
100
AcDbEntity
  8
F.Paste
  6
CONTINUOUS
100
AcDbLine
 10
129.4475970000000018
 20
-70.9174969999999973
 30
0
 11
129.4475970000000018
 21
-71.1674969999999973
 31
0
  0
LINE
  5
4DC
330
1A
100
AcDbEntity
  8
F.Paste
  6
CONTINUOUS
100
AcDbLine
 10
129.4475970000000018
 20
-71.1674969999999973
 30
0
 11
129.4461330000000032
 21
-71.1710329999999942
 31
0
  0
LINE
  5
4DD
330
1A
100
AcDbEntity
  8
F.Paste
  6
CONTINUOUS
100
AcDbLine
 10
129.4461330000000032
 20
-71.1710329999999942
 30
0
 11
129.4425970000000063
 21
-71.1724969999999928
 31
0
  0
LINE
  5
4DE
330
1A
100
AcDbEntity
  8
F.Paste
  6
CONTINUOUS
100
AcDbLine
 10
129.4425970000000063
 20
-71.1724969999999928
 30
0
 11
128.9175970000000007
 21
-71.1724969999999928
 31
0
  0
LINE
  5
4DF
330
1A
100
AcDbEntity
  8
F.Paste
  6
CONTINUOUS
100
AcDbLine
 10
128.9175970000000007
 20
-71.1724969999999928
 30
0
 11
128.9140610000000038
 21
-71.1710329999999942
 31
0
  0
LINE
  5
4E0
330
1A
100
AcDbEntity
  8
F.Paste
  6
CONTINUOUS
100
AcDbLine
 10
128.9140610000000038
 20
-71.1710329999999942
 30
0
 11
128.9125970000000052
 21
-71.1674969999999973
 31
0
  0
LINE
  5
4E1
330
1A
100
AcDbEntity
  8
F.Paste
  6
CONTINUOUS
100
AcDbLine
 10
128.9125970000000052
 20
-71.1674969999999973
 30
0
 11
128.9125970000000052
 21
-70.9174969999999973
 31
0
  0
LINE
  5
4E2
330
1A
100
AcDbEntity
  8
F.Paste
  6
CONTINUOUS
100
AcDbLine
 10
128.9125970000000052
 20
-70.9174969999999973
 30
0
 11
128.9140610000000038
 21
-70.9139610000000005
 31
0
  0
LINE
  5
4E3
330
1A
100
AcDbEntity
  8
F.Paste
  6
CONTINUOUS
100
AcDbLine
 10
128.9140610000000038
 20
-70.9139610000000005
 30
0
 11
128.9175970000000007
 21
-70.9124970000000019
 31
0
  0
LINE
  5
4E4
330
1A
100
AcDbEntity
  8
F.Paste
  6
CONTINUOUS
100
AcDbLine
 10
128.9175970000000007
 20
-70.9124970000000019
 30
0
 11
129.4425970000000063
 21
-70.9124970000000019
 31
0
  0
LINE
  5
4E5
330
1A
100
AcDbEntity
  8
F.Paste
  6
CONTINUOUS
100
AcDbLine
 10
129.4425970000000063
 20
-70.9124970000000019
 30
0
 11
129.4461330000000032
 21
-70.9139610000000005
 31
0
  0
LINE
  5
4E6
330
1A
100
AcDbEntity
  8
F.Paste
  6
CONTINUOUS
100
AcDbLine
 10
130.7211329999999805
 20
-70.9139610000000005
 30
0
 11
130.7225970000000075
 21
-70.9174969999999973
 31
0
  0
LINE
  5
4E7
330
1A
100
AcDbEntity
  8
F.Paste
  6
CONTINUOUS
100
AcDbLine
 10
130.7225970000000075
 20
-70.9174969999999973
 30
0
 11
130.7225970000000075
 21
-71.1674969999999973
 31
0
  0
LINE
  5
4E8
330
1A
100
AcDbEntity
  8
F.Paste
  6
CONTINUOUS
100
AcDbLine
 10
130.7225970000000075
 20
-71.1674969999999973
 30
0
 11
130.7211329999999805
 21
-71.1710329999999942
 31
0
  0
LINE
  5
4E9
330
1A
100
AcDbEntity
  8
F.Paste
  6
CONTINUOUS
100
AcDbLine
 10
130.7211329999999805
 20
-71.1710329999999942
 30
0
 11
130.7175969999999836
 21
-71.1724969999999928
 31
0
  0
LINE
  5
4EA
330
1A
100
AcDbEntity
  8
F.Paste
  6
CONTINUOUS
100
AcDbLine
 10
130.7175969999999836
 20
-71.1724969999999928
 30
0
 11
130.1925970000000063
 21
-71.1724969999999928
 31
0
  0
LINE
  5
4EB
330
1A
100
AcDbEntity
  8
F.Paste
  6
CONTINUOUS
100
AcDbLine
 10
130.1925970000000063
 20
-71.1724969999999928
 30
0
 11
130.189060999999981
 21
-71.1710329999999942
 31
0
  0
LINE
  5
4EC
330
1A
100
AcDbEntity
  8
F.Paste
  6
CONTINUOUS
100
AcDbLine
 10
130.189060999999981
 20
-71.1710329999999942
 30
0
 11
130.1875969999999825
 21
-71.1674969999999973
 31
0
  0
LINE
  5
4ED
330
1A
100
AcDbEntity
  8
F.Paste
  6
CONTINUOUS
100
AcDbLine
 10
130.1875969999999825
 20
-71.1674969999999973
 30
0
 11
130.1875969999999825
 21
-70.9174969999999973
 31
0
  0
LINE
  5
4EE
330
1A
100
AcDbEntity
  8
F.Paste
  6
CONTINUOUS
100
AcDbLine
 10
130.1875969999999825
 20
-70.9174969999999973
 30
0
 11
130.189060999999981
 21
-70.9139610000000005
 31
0
  0
LINE
  5
4EF
330
1A
100
AcDbEntity
  8
F.Paste
  6
CONTINUOUS
100
AcDbLine
 10
130.189060999999981
 20
-70.9139610000000005
 30
0
 11
130.1925970000000063
 21
-70.9124970000000019
 31
0
  0
LINE
  5
4F0
330
1A
100
AcDbEntity
  8
F.Paste
  6
CONTINUOUS
100
AcDbLine
 10
130.1925970000000063
 20
-70.9124970000000019
 30
0
 11
130.7175969999999836
 21
-70.9124970000000019
 31
0
  0
LINE
  5
4F1
330
1A
100
AcDbEntity
  8
F.Paste
  6
CONTINUOUS
100
AcDbLine
 10
130.7175969999999836
 20
-70.9124970000000019
 30
0
 11
130.7211329999999805
 21
-70.9139610000000005
 31
0
  0
LINE
  5
4F2
330
1A
100
AcDbEntity
  8
F.Paste
  6
CONTINUOUS
100
AcDbLine
 10
133.8881539999999859
 20
-69.9330690000000033
 30
0
 11
133.9692599999999914
 21
-69.9872620000000012
 31
0
  0
LINE
  5
4F3
330
1A
100
AcDbEntity
  8
F.Paste
  6
CONTINUOUS
100
AcDbLine
 10
133.9692599999999914
 20
-69.9872620000000012
 30
0
 11
134.0234529999999893
 21
-70.0683679999999924
 31
0
  0
LINE
  5
4F4
330
1A
100
AcDbEntity
  8
F.Paste
  6
CONTINUOUS
100
AcDbLine
 10
134.0234529999999893
 20
-70.0683679999999924
 30
0
 11
134.0424830000000043
 21
-70.1640390000000025
 31
0
  0
LINE
  5
4F5
330
1A
100
AcDbEntity
  8
F.Paste
  6
CONTINUOUS
100
AcDbLine
 10
134.0424830000000043
 20
-70.1640390000000025
 30
0
 11
134.0424830000000043
 21
-70.8640389999999911
 31
0
  0
LINE
  5
4F6
330
1A
100
AcDbEntity
  8
F.Paste
  6
CONTINUOUS
100
AcDbLine
 10
134.0424830000000043
 20
-70.8640389999999911
 30
0
 11
134.0234529999999893
 21
-70.9597100000000012
 31
0
  0
LINE
  5
4F7
330
1A
100
AcDbEntity
  8
F.Paste
  6
CONTINUOUS
100
AcDbLine
 10
134.0234529999999893
 20
-70.9597100000000012
 30
0
 11
133.9692599999999914
 21
-71.0408159999999924
 31
0
  0
LINE
  5
4F8
330
1A
100
AcDbEntity
  8
F.Paste
  6
CONTINUOUS
100
AcDbLine
 10
133.9692599999999914
 20
-71.0408159999999924
 30
0
 11
133.8881539999999859
 21
-71.0950089999999904
 31
0
  0
LINE
  5
4F9
330
1A
100
AcDbEntity
  8
F.Paste
  6
CONTINUOUS
100
AcDbLine
 10
133.8881539999999859
 20
-71.0950089999999904
 30
0
 11
133.7924830000000043
 21
-71.1140389999999911
 31
0
  0
LINE
  5
4FA
330
1A
100
AcDbEntity
  8
F.Paste
  6
CONTINUOUS
100
AcDbLine
 10
133.7924830000000043
 20
-71.1140389999999911
 30
0
 11
132.4924829999999929
 21
-71.1140389999999911
 31
0
  0
LINE
  5
4FB
330
1A
100
AcDbEntity
  8
F.Paste
  6
CONTINUOUS
100
AcDbLine
 10
132.4924829999999929
 20
-71.1140389999999911
 30
0
 11
132.3968119999999828
 21
-71.0950089999999904
 31
0
  0
LINE
  5
4FC
330
1A
100
AcDbEntity
  8
F.Paste
  6
CONTINUOUS
100
AcDbLine
 10
132.3968119999999828
 20
-71.0950089999999904
 30
0
 11
132.3157060000000058
 21
-71.0408159999999924
 31
0
  0
LINE
  5
4FD
330
1A
100
AcDbEntity
  8
F.Paste
  6
CONTINUOUS
100
AcDbLine
 10
132.3157060000000058
 20
-71.0408159999999924
 30
0
 11
132.2615130000000079
 21
-70.9597100000000012
 31
0
  0
LINE
  5
4FE
330
1A
100
AcDbEntity
  8
F.Paste
  6
CONTINUOUS
100
AcDbLine
 10
132.2615130000000079
 20
-70.9597100000000012
 30
0
 11
132.2424829999999929
 21
-70.8640389999999911
 31
0
  0
LINE
  5
4FF
330
1A
100
AcDbEntity
  8
F.Paste
  6
CONTINUOUS
100
AcDbLine
 10
132.2424829999999929
 20
-70.8640389999999911
 30
0
 11
132.2424829999999929
 21
-70.1640390000000025
 31
0
  0
LINE
  5
500
330
1A
100
AcDbEntity
  8
F.Paste
  6
CONTINUOUS
100
AcDbLine
 10
132.2424829999999929
 20
-70.1640390000000025
 30
0
 11
132.2615130000000079
 21
-70.0683679999999924
 31
0
  0
LINE
  5
501
330
1A
100
AcDbEntity
  8
F.Paste
  6
CONTINUOUS
100
AcDbLine
 10
132.2615130000000079
 20
-70.0683679999999924
 30
0
 11
132.3157060000000058
 21
-69.9872620000000012
 31
0
  0
LINE
  5
502
330
1A
100
AcDbEntity
  8
F.Paste
  6
CONTINUOUS
100
AcDbLine
 10
132.3157060000000058
 20
-69.9872620000000012
 30
0
 11
132.3968119999999828
 21
-69.9330690000000033
 31
0
  0
LINE
  5
503
330
1A
100
AcDbEntity
  8
F.Paste
  6
CONTINUOUS
100
AcDbLine
 10
132.3968119999999828
 20
-69.9330690000000033
 30
0
 11
132.4924829999999929
 21
-69.9140390000000025
 31
0
  0
LINE
  5
504
330
1A
100
AcDbEntity
  8
F.Paste
  6
CONTINUOUS
100
AcDbLine
 10
132.4924829999999929
 20
-69.9140390000000025
 30
0
 11
133.7924830000000043
 21
-69.9140390000000025
 31
0
  0
LINE
  5
505
330
1A
100
AcDbEntity
  8
F.Paste
  6
CONTINUOUS
100
AcDbLine
 10
133.7924830000000043
 20
-69.9140390000000025
 30
0
 11
133.8881539999999859
 21
-69.9330690000000033
 31
0
  0
LINE
  5
506
330
1A
100
AcDbEntity
  8
F.Paste
  6
CONTINUOUS
100
AcDbLine
 10
129.9711329999999805
 20
-70.1389609999999948
 30
0
 11
129.9725970000000075
 21
-70.1424969999999917
 31
0
  0
LINE
  5
507
330
1A
100
AcDbEntity
  8
F.Paste
  6
CONTINUOUS
100
AcDbLine
 10
129.9725970000000075
 20
-70.1424969999999917
 30
0
 11
129.9725970000000075
 21
-70.72249699999999
 31
0
  0
LINE
  5
508
330
1A
100
AcDbEntity
  8
F.Paste
  6
CONTINUOUS
100
AcDbLine
 10
129.9725970000000075
 20
-70.72249699999999
 30
0
 11
129.9711329999999805
 21
-70.726033000000001
 31
0
  0
LINE
  5
509
330
1A
100
AcDbEntity
  8
F.Paste
  6
CONTINUOUS
100
AcDbLine
 10
129.9711329999999805
 20
-70.726033000000001
 30
0
 11
129.9675969999999836
 21
-70.7274969999999996
 31
0
  0
LINE
  5
50A
330
1A
100
AcDbEntity
  8
F.Paste
  6
CONTINUOUS
100
AcDbLine
 10
129.9675969999999836
 20
-70.7274969999999996
 30
0
 11
129.6675970000000007
 21
-70.7274969999999996
 31
0
  0
LINE
  5
50B
330
1A
100
AcDbEntity
  8
F.Paste
  6
CONTINUOUS
100
AcDbLine
 10
129.6675970000000007
 20
-70.7274969999999996
 30
0
 11
129.6640610000000038
 21
-70.726033000000001
 31
0
  0
LINE
  5
50C
330
1A
100
AcDbEntity
  8
F.Paste
  6
CONTINUOUS
100
AcDbLine
 10
129.6640610000000038
 20
-70.726033000000001
 30
0
 11
129.6625970000000052
 21
-70.72249699999999
 31
0
  0
LINE
  5
50D
330
1A
100
AcDbEntity
  8
F.Paste
  6
CONTINUOUS
100
AcDbLine
 10
129.6625970000000052
 20
-70.72249699999999
 30
0
 11
129.6625970000000052
 21
-70.1424969999999917
 31
0
  0
LINE
  5
50E
330
1A
100
AcDbEntity
  8
F.Paste
  6
CONTINUOUS
100
AcDbLine
 10
129.6625970000000052
 20
-70.1424969999999917
 30
0
 11
129.6640610000000038
 21
-70.1389609999999948
 31
0
  0
LINE
  5
50F
330
1A
100
AcDbEntity
  8
F.Paste
  6
CONTINUOUS
100
AcDbLine
 10
129.6640610000000038
 20
-70.1389609999999948
 30
0
 11
129.6675970000000007
 21
-70.1374969999999962
 31
0
  0
LINE
  5
510
330
1A
100
AcDbEntity
  8
F.Paste
  6
CONTINUOUS
100
AcDbLine
 10
129.6675970000000007
 20
-70.1374969999999962
 30
0
 11
129.9675969999999836
 21
-70.1374969999999962
 31
0
  0
LINE
  5
511
330
1A
100
AcDbEntity
  8
F.Paste
  6
CONTINUOUS
100
AcDbLine
 10
129.9675969999999836
 20
-70.1374969999999962
 30
0
 11
129.9711329999999805
 21
-70.1389609999999948
 31
0
  0
LINE
  5
512
330
1A
100
AcDbEntity
  8
F.Paste
  6
CONTINUOUS
100
AcDbLine
 10
129.4461330000000032
 20
-70.4139610000000005
 30
0
 11
129.4475970000000018
 21
-70.4174969999999973
 31
0
  0
LINE
  5
513
330
1A
100
AcDbEntity
  8
F.Paste
  6
CONTINUOUS
100
AcDbLine
 10
129.4475970000000018
 20
-70.4174969999999973
 30
0
 11
129.4475970000000018
 21
-70.6674969999999973
 31
0
  0
LINE
  5
514
330
1A
100
AcDbEntity
  8
F.Paste
  6
CONTINUOUS
100
AcDbLine
 10
129.4475970000000018
 20
-70.6674969999999973
 30
0
 11
129.4461330000000032
 21
-70.6710329999999942
 31
0
  0
LINE
  5
515
330
1A
100
AcDbEntity
  8
F.Paste
  6
CONTINUOUS
100
AcDbLine
 10
129.4461330000000032
 20
-70.6710329999999942
 30
0
 11
129.4425970000000063
 21
-70.6724969999999928
 31
0
  0
LINE
  5
516
330
1A
100
AcDbEntity
  8
F.Paste
  6
CONTINUOUS
100
AcDbLine
 10
129.4425970000000063
 20
-70.6724969999999928
 30
0
 11
128.9175970000000007
 21
-70.6724969999999928
 31
0
  0
LINE
  5
517
330
1A
100
AcDbEntity
  8
F.Paste
  6
CONTINUOUS
100
AcDbLine
 10
128.9175970000000007
 20
-70.6724969999999928
 30
0
 11
128.9140610000000038
 21
-70.6710329999999942
 31
0
  0
LINE
  5
518
330
1A
100
AcDbEntity
  8
F.Paste
  6
CONTINUOUS
100
AcDbLine
 10
128.9140610000000038
 20
-70.6710329999999942
 30
0
 11
128.9125970000000052
 21
-70.6674969999999973
 31
0
  0
LINE
  5
519
330
1A
100
AcDbEntity
  8
F.Paste
  6
CONTINUOUS
100
AcDbLine
 10
128.9125970000000052
 20
-70.6674969999999973
 30
0
 11
128.9125970000000052
 21
-70.4174969999999973
 31
0
  0
LINE
  5
51A
330
1A
100
AcDbEntity
  8
F.Paste
  6
CONTINUOUS
100
AcDbLine
 10
128.9125970000000052
 20
-70.4174969999999973
 30
0
 11
128.9140610000000038
 21
-70.4139610000000005
 31
0
  0
LINE
  5
51B
330
1A
100
AcDbEntity
  8
F.Paste
  6
CONTINUOUS
100
AcDbLine
 10
128.9140610000000038
 20
-70.4139610000000005
 30
0
 11
128.9175970000000007
 21
-70.4124970000000019
 31
0
  0
LINE
  5
51C
330
1A
100
AcDbEntity
  8
F.Paste
  6
CONTINUOUS
100
AcDbLine
 10
128.9175970000000007
 20
-70.4124970000000019
 30
0
 11
129.4425970000000063
 21
-70.4124970000000019
 31
0
  0
LINE
  5
51D
330
1A
100
AcDbEntity
  8
F.Paste
  6
CONTINUOUS
100
AcDbLine
 10
129.4425970000000063
 20
-70.4124970000000019
 30
0
 11
129.4461330000000032
 21
-70.4139610000000005
 31
0
  0
LINE
  5
51E
330
1A
100
AcDbEntity
  8
F.Paste
  6
CONTINUOUS
100
AcDbLine
 10
130.7211329999999805
 20
-70.4139610000000005
 30
0
 11
130.7225970000000075
 21
-70.4174969999999973
 31
0
  0
LINE
  5
51F
330
1A
100
AcDbEntity
  8
F.Paste
  6
CONTINUOUS
100
AcDbLine
 10
130.7225970000000075
 20
-70.4174969999999973
 30
0
 11
130.7225970000000075
 21
-70.6674969999999973
 31
0
  0
LINE
  5
520
330
1A
100
AcDbEntity
  8
F.Paste
  6
CONTINUOUS
100
AcDbLine
 10
130.7225970000000075
 20
-70.6674969999999973
 30
0
 11
130.7211329999999805
 21
-70.6710329999999942
 31
0
  0
LINE
  5
521
330
1A
100
AcDbEntity
  8
F.Paste
  6
CONTINUOUS
100
AcDbLine
 10
130.7211329999999805
 20
-70.6710329999999942
 30
0
 11
130.7175969999999836
 21
-70.6724969999999928
 31
0
  0
LINE
  5
522
330
1A
100
AcDbEntity
  8
F.Paste
  6
CONTINUOUS
100
AcDbLine
 10
130.7175969999999836
 20
-70.6724969999999928
 30
0
 11
130.1925970000000063
 21
-70.6724969999999928
 31
0
  0
LINE
  5
523
330
1A
100
AcDbEntity
  8
F.Paste
  6
CONTINUOUS
100
AcDbLine
 10
130.1925970000000063
 20
-70.6724969999999928
 30
0
 11
130.189060999999981
 21
-70.6710329999999942
 31
0
  0
LINE
  5
524
330
1A
100
AcDbEntity
  8
F.Paste
  6
CONTINUOUS
100
AcDbLine
 10
130.189060999999981
 20
-70.6710329999999942
 30
0
 11
130.1875969999999825
 21
-70.6674969999999973
 31
0
  0
LINE
  5
525
330
1A
100
AcDbEntity
  8
F.Paste
  6
CONTINUOUS
100
AcDbLine
 10
130.1875969999999825
 20
-70.6674969999999973
 30
0
 11
130.1875969999999825
 21
-70.4174969999999973
 31
0
  0
LINE
  5
526
330
1A
100
AcDbEntity
  8
F.Paste
  6
CONTINUOUS
100
AcDbLine
 10
130.1875969999999825
 20
-70.4174969999999973
 30
0
 11
130.189060999999981
 21
-70.4139610000000005
 31
0
  0
LINE
  5
527
330
1A
100
AcDbEntity
  8
F.Paste
  6
CONTINUOUS
100
AcDbLine
 10
130.189060999999981
 20
-70.4139610000000005
 30
0
 11
130.1925970000000063
 21
-70.4124970000000019
 31
0
  0
LINE
  5
528
330
1A
100
AcDbEntity
  8
F.Paste
  6
CONTINUOUS
100
AcDbLine
 10
130.1925970000000063
 20
-70.4124970000000019
 30
0
 11
130.7175969999999836
 21
-70.4124970000000019
 31
0
  0
LINE
  5
529
330
1A
100
AcDbEntity
  8
F.Paste
  6
CONTINUOUS
100
AcDbLine
 10
130.7175969999999836
 20
-70.4124970000000019
 30
0
 11
130.7211329999999805
 21
-70.4139610000000005
 31
0
  0
LINE
  5
52A
330
1A
100
AcDbEntity
  8
F.Paste
  6
CONTINUOUS
100
AcDbLine
 10
124.3706709999999873
 20
-69.5870299999999986
 30
0
 11
124.4517769999999928
 21
-69.6412229999999965
 31
0
  0
LINE
  5
52B
330
1A
100
AcDbEntity
  8
F.Paste
  6
CONTINUOUS
100
AcDbLine
 10
124.4517769999999928
 20
-69.6412229999999965
 30
0
 11
124.5059699999999907
 21
-69.722329000000002
 31
0
  0
LINE
  5
52C
330
1A
100
AcDbEntity
  8
F.Paste
  6
CONTINUOUS
100
AcDbLine
 10
124.5059699999999907
 20
-69.722329000000002
 30
0
 11
124.5249999999999915
 21
-69.8179999999999978
 31
0
  0
LINE
  5
52D
330
1A
100
AcDbEntity
  8
F.Paste
  6
CONTINUOUS
100
AcDbLine
 10
124.5249999999999915
 20
-69.8179999999999978
 30
0
 11
124.5249999999999915
 21
-70.3430000000000035
 31
0
  0
LINE
  5
52E
330
1A
100
AcDbEntity
  8
F.Paste
  6
CONTINUOUS
100
AcDbLine
 10
124.5249999999999915
 20
-70.3430000000000035
 30
0
 11
124.5059699999999907
 21
-70.4386709999999994
 31
0
  0
LINE
  5
52F
330
1A
100
AcDbEntity
  8
F.Paste
  6
CONTINUOUS
100
AcDbLine
 10
124.5059699999999907
 20
-70.4386709999999994
 30
0
 11
124.4517769999999928
 21
-70.5197769999999906
 31
0
  0
LINE
  5
530
330
1A
100
AcDbEntity
  8
F.Paste
  6
CONTINUOUS
100
AcDbLine
 10
124.4517769999999928
 20
-70.5197769999999906
 30
0
 11
124.3706709999999873
 21
-70.5739700000000028
 31
0
  0
LINE
  5
531
330
1A
100
AcDbEntity
  8
F.Paste
  6
CONTINUOUS
100
AcDbLine
 10
124.3706709999999873
 20
-70.5739700000000028
 30
0
 11
124.2749999999999915
 21
-70.5930000000000035
 31
0
  0
LINE
  5
532
330
1A
100
AcDbEntity
  8
F.Paste
  6
CONTINUOUS
100
AcDbLine
 10
124.2749999999999915
 20
-70.5930000000000035
 30
0
 11
123.375
 21
-70.5930000000000035
 31
0
  0
LINE
  5
533
330
1A
100
AcDbEntity
  8
F.Paste
  6
CONTINUOUS
100
AcDbLine
 10
123.375
 20
-70.5930000000000035
 30
0
 11
123.2793289999999899
 21
-70.5739700000000028
 31
0
  0
LINE
  5
534
330
1A
100
AcDbEntity
  8
F.Paste
  6
CONTINUOUS
100
AcDbLine
 10
123.2793289999999899
 20
-70.5739700000000028
 30
0
 11
123.1982229999999987
 21
-70.5197769999999906
 31
0
  0
LINE
  5
535
330
1A
100
AcDbEntity
  8
F.Paste
  6
CONTINUOUS
100
AcDbLine
 10
123.1982229999999987
 20
-70.5197769999999906
 30
0
 11
123.1440300000000008
 21
-70.4386709999999994
 31
0
  0
LINE
  5
536
330
1A
100
AcDbEntity
  8
F.Paste
  6
CONTINUOUS
100
AcDbLine
 10
123.1440300000000008
 20
-70.4386709999999994
 30
0
 11
123.125
 21
-70.3430000000000035
 31
0
  0
LINE
  5
537
330
1A
100
AcDbEntity
  8
F.Paste
  6
CONTINUOUS
100
AcDbLine
 10
123.125
 20
-70.3430000000000035
 30
0
 11
123.125
 21
-69.8179999999999978
 31
0
  0
LINE
  5
538
330
1A
100
AcDbEntity
  8
F.Paste
  6
CONTINUOUS
100
AcDbLine
 10
123.125
 20
-69.8179999999999978
 30
0
 11
123.1440300000000008
 21
-69.722329000000002
 31
0
  0
LINE
  5
539
330
1A
100
AcDbEntity
  8
F.Paste
  6
CONTINUOUS
100
AcDbLine
 10
123.1440300000000008
 20
-69.722329000000002
 30
0
 11
123.1982229999999987
 21
-69.6412229999999965
 31
0
  0
LINE
  5
53A
330
1A
100
AcDbEntity
  8
F.Paste
  6
CONTINUOUS
100
AcDbLine
 10
123.1982229999999987
 20
-69.6412229999999965
 30
0
 11
123.2793289999999899
 21
-69.5870299999999986
 31
0
  0
LINE
  5
53B
330
1A
100
AcDbEntity
  8
F.Paste
  6
CONTINUOUS
100
AcDbLine
 10
123.2793289999999899
 20
-69.5870299999999986
 30
0
 11
123.375
 21
-69.5679999999999978
 31
0
  0
LINE
  5
53C
330
1A
100
AcDbEntity
  8
F.Paste
  6
CONTINUOUS
100
AcDbLine
 10
123.375
 20
-69.5679999999999978
 30
0
 11
124.2749999999999915
 21
-69.5679999999999978
 31
0
  0
LINE
  5
53D
330
1A
100
AcDbEntity
  8
F.Paste
  6
CONTINUOUS
100
AcDbLine
 10
124.2749999999999915
 20
-69.5679999999999978
 30
0
 11
124.3706709999999873
 21
-69.5870299999999986
 31
0
  0
LINE
  5
53E
330
1A
100
AcDbEntity
  8
F.Paste
  6
CONTINUOUS
100
AcDbLine
 10
126.7074709999999982
 20
-69.5870299999999986
 30
0
 11
126.7885769999999894
 21
-69.6412229999999965
 31
0
  0
LINE
  5
53F
330
1A
100
AcDbEntity
  8
F.Paste
  6
CONTINUOUS
100
AcDbLine
 10
126.7885769999999894
 20
-69.6412229999999965
 30
0
 11
126.8427699999999874
 21
-69.722329000000002
 31
0
  0
LINE
  5
540
330
1A
100
AcDbEntity
  8
F.Paste
  6
CONTINUOUS
100
AcDbLine
 10
126.8427699999999874
 20
-69.722329000000002
 30
0
 11
126.8617999999999881
 21
-69.8179999999999978
 31
0
  0
LINE
  5
541
330
1A
100
AcDbEntity
  8
F.Paste
  6
CONTINUOUS
100
AcDbLine
 10
126.8617999999999881
 20
-69.8179999999999978
 30
0
 11
126.8617999999999881
 21
-70.3430000000000035
 31
0
  0
LINE
  5
542
330
1A
100
AcDbEntity
  8
F.Paste
  6
CONTINUOUS
100
AcDbLine
 10
126.8617999999999881
 20
-70.3430000000000035
 30
0
 11
126.8427699999999874
 21
-70.4386709999999994
 31
0
  0
LINE
  5
543
330
1A
100
AcDbEntity
  8
F.Paste
  6
CONTINUOUS
100
AcDbLine
 10
126.8427699999999874
 20
-70.4386709999999994
 30
0
 11
126.7885769999999894
 21
-70.5197769999999906
 31
0
  0
LINE
  5
544
330
1A
100
AcDbEntity
  8
F.Paste
  6
CONTINUOUS
100
AcDbLine
 10
126.7885769999999894
 20
-70.5197769999999906
 30
0
 11
126.7074709999999982
 21
-70.5739700000000028
 31
0
  0
LINE
  5
545
330
1A
100
AcDbEntity
  8
F.Paste
  6
CONTINUOUS
100
AcDbLine
 10
126.7074709999999982
 20
-70.5739700000000028
 30
0
 11
126.6117999999999881
 21
-70.5930000000000035
 31
0
  0
LINE
  5
546
330
1A
100
AcDbEntity
  8
F.Paste
  6
CONTINUOUS
100
AcDbLine
 10
126.6117999999999881
 20
-70.5930000000000035
 30
0
 11
125.7117999999999967
 21
-70.5930000000000035
 31
0
  0
LINE
  5
547
330
1A
100
AcDbEntity
  8
F.Paste
  6
CONTINUOUS
100
AcDbLine
 10
125.7117999999999967
 20
-70.5930000000000035
 30
0
 11
125.6161290000000008
 21
-70.5739700000000028
 31
0
  0
LINE
  5
548
330
1A
100
AcDbEntity
  8
F.Paste
  6
CONTINUOUS
100
AcDbLine
 10
125.6161290000000008
 20
-70.5739700000000028
 30
0
 11
125.5350229999999954
 21
-70.5197769999999906
 31
0
  0
LINE
  5
549
330
1A
100
AcDbEntity
  8
F.Paste
  6
CONTINUOUS
100
AcDbLine
 10
125.5350229999999954
 20
-70.5197769999999906
 30
0
 11
125.4808299999999974
 21
-70.4386709999999994
 31
0
  0
LINE
  5
54A
330
1A
100
AcDbEntity
  8
F.Paste
  6
CONTINUOUS
100
AcDbLine
 10
125.4808299999999974
 20
-70.4386709999999994
 30
0
 11
125.4617999999999967
 21
-70.3430000000000035
 31
0
  0
LINE
  5
54B
330
1A
100
AcDbEntity
  8
F.Paste
  6
CONTINUOUS
100
AcDbLine
 10
125.4617999999999967
 20
-70.3430000000000035
 30
0
 11
125.4617999999999967
 21
-69.8179999999999978
 31
0
  0
LINE
  5
54C
330
1A
100
AcDbEntity
  8
F.Paste
  6
CONTINUOUS
100
AcDbLine
 10
125.4617999999999967
 20
-69.8179999999999978
 30
0
 11
125.4808299999999974
 21
-69.722329000000002
 31
0
  0
LINE
  5
54D
330
1A
100
AcDbEntity
  8
F.Paste
  6
CONTINUOUS
100
AcDbLine
 10
125.4808299999999974
 20
-69.722329000000002
 30
0
 11
125.5350229999999954
 21
-69.6412229999999965
 31
0
  0
LINE
  5
54E
330
1A
100
AcDbEntity
  8
F.Paste
  6
CONTINUOUS
100
AcDbLine
 10
125.5350229999999954
 20
-69.6412229999999965
 30
0
 11
125.6161290000000008
 21
-69.5870299999999986
 31
0
  0
LINE
  5
54F
330
1A
100
AcDbEntity
  8
F.Paste
  6
CONTINUOUS
100
AcDbLine
 10
125.6161290000000008
 20
-69.5870299999999986
 30
0
 11
125.7117999999999967
 21
-69.5679999999999978
 31
0
  0
LINE
  5
550
330
1A
100
AcDbEntity
  8
F.Paste
  6
CONTINUOUS
100
AcDbLine
 10
125.7117999999999967
 20
-69.5679999999999978
 30
0
 11
126.6117999999999881
 21
-69.5679999999999978
 31
0
  0
LINE
  5
551
330
1A
100
AcDbEntity
  8
F.Paste
  6
CONTINUOUS
100
AcDbLine
 10
126.6117999999999881
 20
-69.5679999999999978
 30
0
 11
126.7074709999999982
 21
-69.5870299999999986
 31
0
  0
LINE
  5
552
330
1A
100
AcDbEntity
  8
F.Paste
  6
CONTINUOUS
100
AcDbLine
 10
136.3498859999999979
 20
-68.9254569999999944
 30
0
 11
136.3985490000000027
 21
-68.9579729999999955
 31
0
  0
LINE
  5
553
330
1A
100
AcDbEntity
  8
F.Paste
  6
CONTINUOUS
100
AcDbLine
 10
136.3985490000000027
 20
-68.9579729999999955
 30
0
 11
136.4310649999999896
 21
-69.0066360000000003
 31
0
  0
LINE
  5
554
330
1A
100
AcDbEntity
  8
F.Paste
  6
CONTINUOUS
100
AcDbLine
 10
136.4310649999999896
 20
-69.0066360000000003
 30
0
 11
136.4424829999999815
 21
-69.064038999999994
 31
0
  0
LINE
  5
555
330
1A
100
AcDbEntity
  8
F.Paste
  6
CONTINUOUS
100
AcDbLine
 10
136.4424829999999815
 20
-69.064038999999994
 30
0
 11
136.4424829999999815
 21
-69.3640389999999911
 31
0
  0
LINE
  5
556
330
1A
100
AcDbEntity
  8
F.Paste
  6
CONTINUOUS
100
AcDbLine
 10
136.4424829999999815
 20
-69.3640389999999911
 30
0
 11
136.4310649999999896
 21
-69.421441999999999
 31
0
  0
LINE
  5
557
330
1A
100
AcDbEntity
  8
F.Paste
  6
CONTINUOUS
100
AcDbLine
 10
136.4310649999999896
 20
-69.421441999999999
 30
0
 11
136.3985490000000027
 21
-69.4701050000000038
 31
0
  0
LINE
  5
558
330
1A
100
AcDbEntity
  8
F.Paste
  6
CONTINUOUS
100
AcDbLine
 10
136.3985490000000027
 20
-69.4701050000000038
 30
0
 11
136.3498859999999979
 21
-69.5026209999999907
 31
0
  0
LINE
  5
559
330
1A
100
AcDbEntity
  8
F.Paste
  6
CONTINUOUS
100
AcDbLine
 10
136.3498859999999979
 20
-69.5026209999999907
 30
0
 11
136.2924830000000043
 21
-69.5140389999999968
 31
0
  0
LINE
  5
55A
330
1A
100
AcDbEntity
  8
F.Paste
  6
CONTINUOUS
100
AcDbLine
 10
136.2924830000000043
 20
-69.5140389999999968
 30
0
 11
135.0424830000000043
 21
-69.5140389999999968
 31
0
  0
LINE
  5
55B
330
1A
100
AcDbEntity
  8
F.Paste
  6
CONTINUOUS
100
AcDbLine
 10
135.0424830000000043
 20
-69.5140389999999968
 30
0
 11
134.9850799999999822
 21
-69.5026209999999907
 31
0
  0
LINE
  5
55C
330
1A
100
AcDbEntity
  8
F.Paste
  6
CONTINUOUS
100
AcDbLine
 10
134.9850799999999822
 20
-69.5026209999999907
 30
0
 11
134.9364170000000058
 21
-69.4701050000000038
 31
0
  0
LINE
  5
55D
330
1A
100
AcDbEntity
  8
F.Paste
  6
CONTINUOUS
100
AcDbLine
 10
134.9364170000000058
 20
-69.4701050000000038
 30
0
 11
134.9039009999999905
 21
-69.421441999999999
 31
0
  0
LINE
  5
55E
330
1A
100
AcDbEntity
  8
F.Paste
  6
CONTINUOUS
100
AcDbLine
 10
134.9039009999999905
 20
-69.421441999999999
 30
0
 11
134.8924829999999986
 21
-69.3640389999999911
 31
0
  0
LINE
  5
55F
330
1A
100
AcDbEntity
  8
F.Paste
  6
CONTINUOUS
100
AcDbLine
 10
134.8924829999999986
 20
-69.3640389999999911
 30
0
 11
134.8924829999999986
 21
-69.064038999999994
 31
0
  0
LINE
  5
560
330
1A
100
AcDbEntity
  8
F.Paste
  6
CONTINUOUS
100
AcDbLine
 10
134.8924829999999986
 20
-69.064038999999994
 30
0
 11
134.9039009999999905
 21
-69.0066360000000003
 31
0
  0
LINE
  5
561
330
1A
100
AcDbEntity
  8
F.Paste
  6
CONTINUOUS
100
AcDbLine
 10
134.9039009999999905
 20
-69.0066360000000003
 30
0
 11
134.9364170000000058
 21
-68.9579729999999955
 31
0
  0
LINE
  5
562
330
1A
100
AcDbEntity
  8
F.Paste
  6
CONTINUOUS
100
AcDbLine
 10
134.9364170000000058
 20
-68.9579729999999955
 30
0
 11
134.9850799999999822
 21
-68.9254569999999944
 31
0
  0
LINE
  5
563
330
1A
100
AcDbEntity
  8
F.Paste
  6
CONTINUOUS
100
AcDbLine
 10
134.9850799999999822
 20
-68.9254569999999944
 30
0
 11
135.0424830000000043
 21
-68.9140390000000025
 31
0
  0
LINE
  5
564
330
1A
100
AcDbEntity
  8
F.Paste
  6
CONTINUOUS
100
AcDbLine
 10
135.0424830000000043
 20
-68.9140390000000025
 30
0
 11
136.2924830000000043
 21
-68.9140390000000025
 31
0
  0
LINE
  5
565
330
1A
100
AcDbEntity
  8
F.Paste
  6
CONTINUOUS
100
AcDbLine
 10
136.2924830000000043
 20
-68.9140390000000025
 30
0
 11
136.3498859999999979
 21
-68.9254569999999944
 31
0
  0
LINE
  5
566
330
1A
100
AcDbEntity
  8
F.Paste
  6
CONTINUOUS
100
AcDbLine
 10
136.3498859999999979
 20
-67.9254569999999944
 30
0
 11
136.3985490000000027
 21
-67.9579729999999955
 31
0
  0
LINE
  5
567
330
1A
100
AcDbEntity
  8
F.Paste
  6
CONTINUOUS
100
AcDbLine
 10
136.3985490000000027
 20
-67.9579729999999955
 30
0
 11
136.4310649999999896
 21
-68.0066360000000003
 31
0
  0
LINE
  5
568
330
1A
100
AcDbEntity
  8
F.Paste
  6
CONTINUOUS
100
AcDbLine
 10
136.4310649999999896
 20
-68.0066360000000003
 30
0
 11
136.4424829999999815
 21
-68.064038999999994
 31
0
  0
LINE
  5
569
330
1A
100
AcDbEntity
  8
F.Paste
  6
CONTINUOUS
100
AcDbLine
 10
136.4424829999999815
 20
-68.064038999999994
 30
0
 11
136.4424829999999815
 21
-68.3640389999999911
 31
0
  0
LINE
  5
56A
330
1A
100
AcDbEntity
  8
F.Paste
  6
CONTINUOUS
100
AcDbLine
 10
136.4424829999999815
 20
-68.3640389999999911
 30
0
 11
136.4310649999999896
 21
-68.421441999999999
 31
0
  0
LINE
  5
56B
330
1A
100
AcDbEntity
  8
F.Paste
  6
CONTINUOUS
100
AcDbLine
 10
136.4310649999999896
 20
-68.421441999999999
 30
0
 11
136.3985490000000027
 21
-68.4701050000000038
 31
0
  0
LINE
  5
56C
330
1A
100
AcDbEntity
  8
F.Paste
  6
CONTINUOUS
100
AcDbLine
 10
136.3985490000000027
 20
-68.4701050000000038
 30
0
 11
136.3498859999999979
 21
-68.5026209999999907
 31
0
  0
LINE
  5
56D
330
1A
100
AcDbEntity
  8
F.Paste
  6
CONTINUOUS
100
AcDbLine
 10
136.3498859999999979
 20
-68.5026209999999907
 30
0
 11
136.2924830000000043
 21
-68.5140389999999968
 31
0
  0
LINE
  5
56E
330
1A
100
AcDbEntity
  8
F.Paste
  6
CONTINUOUS
100
AcDbLine
 10
136.2924830000000043
 20
-68.5140389999999968
 30
0
 11
135.0424830000000043
 21
-68.5140389999999968
 31
0
  0
LINE
  5
56F
330
1A
100
AcDbEntity
  8
F.Paste
  6
CONTINUOUS
100
AcDbLine
 10
135.0424830000000043
 20
-68.5140389999999968
 30
0
 11
134.9850799999999822
 21
-68.5026209999999907
 31
0
  0
LINE
  5
570
330
1A
100
AcDbEntity
  8
F.Paste
  6
CONTINUOUS
100
AcDbLine
 10
134.9850799999999822
 20
-68.5026209999999907
 30
0
 11
134.9364170000000058
 21
-68.4701050000000038
 31
0
  0
LINE
  5
571
330
1A
100
AcDbEntity
  8
F.Paste
  6
CONTINUOUS
100
AcDbLine
 10
134.9364170000000058
 20
-68.4701050000000038
 30
0
 11
134.9039009999999905
 21
-68.421441999999999
 31
0
  0
LINE
  5
572
330
1A
100
AcDbEntity
  8
F.Paste
  6
CONTINUOUS
100
AcDbLine
 10
134.9039009999999905
 20
-68.421441999999999
 30
0
 11
134.8924829999999986
 21
-68.3640389999999911
 31
0
  0
LINE
  5
573
330
1A
100
AcDbEntity
  8
F.Paste
  6
CONTINUOUS
100
AcDbLine
 10
134.8924829999999986
 20
-68.3640389999999911
 30
0
 11
134.8924829999999986
 21
-68.064038999999994
 31
0
  0
LINE
  5
574
330
1A
100
AcDbEntity
  8
F.Paste
  6
CONTINUOUS
100
AcDbLine
 10
134.8924829999999986
 20
-68.064038999999994
 30
0
 11
134.9039009999999905
 21
-68.0066360000000003
 31
0
  0
LINE
  5
575
330
1A
100
AcDbEntity
  8
F.Paste
  6
CONTINUOUS
100
AcDbLine
 10
134.9039009999999905
 20
-68.0066360000000003
 30
0
 11
134.9364170000000058
 21
-67.9579729999999955
 31
0
  0
LINE
  5
576
330
1A
100
AcDbEntity
  8
F.Paste
  6
CONTINUOUS
100
AcDbLine
 10
134.9364170000000058
 20
-67.9579729999999955
 30
0
 11
134.9850799999999822
 21
-67.9254569999999944
 31
0
  0
LINE
  5
577
330
1A
100
AcDbEntity
  8
F.Paste
  6
CONTINUOUS
100
AcDbLine
 10
134.9850799999999822
 20
-67.9254569999999944
 30
0
 11
135.0424830000000043
 21
-67.9140390000000025
 31
0
  0
LINE
  5
578
330
1A
100
AcDbEntity
  8
F.Paste
  6
CONTINUOUS
100
AcDbLine
 10
135.0424830000000043
 20
-67.9140390000000025
 30
0
 11
136.2924830000000043
 21
-67.9140390000000025
 31
0
  0
LINE
  5
579
330
1A
100
AcDbEntity
  8
F.Paste
  6
CONTINUOUS
100
AcDbLine
 10
136.2924830000000043
 20
-67.9140390000000025
 30
0
 11
136.3498859999999979
 21
-67.9254569999999944
 31
0
  0
LINE
  5
57A
330
1A
100
AcDbEntity
  8
F.Paste
  6
CONTINUOUS
100
AcDbLine
 10
127.2154709999999938
 20
-66.8400299999999987
 30
0
 11
127.2965769999999992
 21
-66.8942229999999967
 31
0
  0
LINE
  5
57B
330
1A
100
AcDbEntity
  8
F.Paste
  6
CONTINUOUS
100
AcDbLine
 10
127.2965769999999992
 20
-66.8942229999999967
 30
0
 11
127.3507699999999971
 21
-66.9753290000000021
 31
0
  0
LINE
  5
57C
330
1A
100
AcDbEntity
  8
F.Paste
  6
CONTINUOUS
100
AcDbLine
 10
127.3507699999999971
 20
-66.9753290000000021
 30
0
 11
127.3697999999999979
 21
-67.070999999999998
 31
0
  0
LINE
  5
57D
330
1A
100
AcDbEntity
  8
F.Paste
  6
CONTINUOUS
100
AcDbLine
 10
127.3697999999999979
 20
-67.070999999999998
 30
0
 11
127.3697999999999979
 21
-67.5960000000000036
 31
0
  0
LINE
  5
57E
330
1A
100
AcDbEntity
  8
F.Paste
  6
CONTINUOUS
100
AcDbLine
 10
127.3697999999999979
 20
-67.5960000000000036
 30
0
 11
127.3507699999999971
 21
-67.6916709999999995
 31
0
  0
LINE
  5
57F
330
1A
100
AcDbEntity
  8
F.Paste
  6
CONTINUOUS
100
AcDbLine
 10
127.3507699999999971
 20
-67.6916709999999995
 30
0
 11
127.2965769999999992
 21
-67.7727769999999907
 31
0
  0
LINE
  5
580
330
1A
100
AcDbEntity
  8
F.Paste
  6
CONTINUOUS
100
AcDbLine
 10
127.2965769999999992
 20
-67.7727769999999907
 30
0
 11
127.2154709999999938
 21
-67.8269700000000029
 31
0
  0
LINE
  5
581
330
1A
100
AcDbEntity
  8
F.Paste
  6
CONTINUOUS
100
AcDbLine
 10
127.2154709999999938
 20
-67.8269700000000029
 30
0
 11
127.1197999999999979
 21
-67.8460000000000036
 31
0
  0
LINE
  5
582
330
1A
100
AcDbEntity
  8
F.Paste
  6
CONTINUOUS
100
AcDbLine
 10
127.1197999999999979
 20
-67.8460000000000036
 30
0
 11
126.2197999999999922
 21
-67.8460000000000036
 31
0
  0
LINE
  5
583
330
1A
100
AcDbEntity
  8
F.Paste
  6
CONTINUOUS
100
AcDbLine
 10
126.2197999999999922
 20
-67.8460000000000036
 30
0
 11
126.1241289999999964
 21
-67.8269700000000029
 31
0
  0
LINE
  5
584
330
1A
100
AcDbEntity
  8
F.Paste
  6
CONTINUOUS
100
AcDbLine
 10
126.1241289999999964
 20
-67.8269700000000029
 30
0
 11
126.0430229999999909
 21
-67.7727769999999907
 31
0
  0
LINE
  5
585
330
1A
100
AcDbEntity
  8
F.Paste
  6
CONTINUOUS
100
AcDbLine
 10
126.0430229999999909
 20
-67.7727769999999907
 30
0
 11
125.988829999999993
 21
-67.6916709999999995
 31
0
  0
LINE
  5
586
330
1A
100
AcDbEntity
  8
F.Paste
  6
CONTINUOUS
100
AcDbLine
 10
125.988829999999993
 20
-67.6916709999999995
 30
0
 11
125.9697999999999922
 21
-67.5960000000000036
 31
0
  0
LINE
  5
587
330
1A
100
AcDbEntity
  8
F.Paste
  6
CONTINUOUS
100
AcDbLine
 10
125.9697999999999922
 20
-67.5960000000000036
 30
0
 11
125.9697999999999922
 21
-67.070999999999998
 31
0
  0
LINE
  5
588
330
1A
100
AcDbEntity
  8
F.Paste
  6
CONTINUOUS
100
AcDbLine
 10
125.9697999999999922
 20
-67.070999999999998
 30
0
 11
125.988829999999993
 21
-66.9753290000000021
 31
0
  0
LINE
  5
589
330
1A
100
AcDbEntity
  8
F.Paste
  6
CONTINUOUS
100
AcDbLine
 10
125.988829999999993
 20
-66.9753290000000021
 30
0
 11
126.0430229999999909
 21
-66.8942229999999967
 31
0
  0
LINE
  5
58A
330
1A
100
AcDbEntity
  8
F.Paste
  6
CONTINUOUS
100
AcDbLine
 10
126.0430229999999909
 20
-66.8942229999999967
 30
0
 11
126.1241289999999964
 21
-66.8400299999999987
 31
0
  0
LINE
  5
58B
330
1A
100
AcDbEntity
  8
F.Paste
  6
CONTINUOUS
100
AcDbLine
 10
126.1241289999999964
 20
-66.8400299999999987
 30
0
 11
126.2197999999999922
 21
-66.820999999999998
 31
0
  0
LINE
  5
58C
330
1A
100
AcDbEntity
  8
F.Paste
  6
CONTINUOUS
100
AcDbLine
 10
126.2197999999999922
 20
-66.820999999999998
 30
0
 11
127.1197999999999979
 21
-66.820999999999998
 31
0
  0
LINE
  5
58D
330
1A
100
AcDbEntity
  8
F.Paste
  6
CONTINUOUS
100
AcDbLine
 10
127.1197999999999979
 20
-66.820999999999998
 30
0
 11
127.2154709999999938
 21
-66.8400299999999987
 31
0
  0
LINE
  5
58E
330
1A
100
AcDbEntity
  8
F.Paste
  6
CONTINUOUS
100
AcDbLine
 10
136.3498859999999979
 20
-66.9254569999999944
 30
0
 11
136.3985490000000027
 21
-66.9579729999999955
 31
0
  0
LINE
  5
58F
330
1A
100
AcDbEntity
  8
F.Paste
  6
CONTINUOUS
100
AcDbLine
 10
136.3985490000000027
 20
-66.9579729999999955
 30
0
 11
136.4310649999999896
 21
-67.0066360000000003
 31
0
  0
LINE
  5
590
330
1A
100
AcDbEntity
  8
F.Paste
  6
CONTINUOUS
100
AcDbLine
 10
136.4310649999999896
 20
-67.0066360000000003
 30
0
 11
136.4424829999999815
 21
-67.064038999999994
 31
0
  0
LINE
  5
591
330
1A
100
AcDbEntity
  8
F.Paste
  6
CONTINUOUS
100
AcDbLine
 10
136.4424829999999815
 20
-67.064038999999994
 30
0
 11
136.4424829999999815
 21
-67.3640389999999911
 31
0
  0
LINE
  5
592
330
1A
100
AcDbEntity
  8
F.Paste
  6
CONTINUOUS
100
AcDbLine
 10
136.4424829999999815
 20
-67.3640389999999911
 30
0
 11
136.4310649999999896
 21
-67.421441999999999
 31
0
  0
LINE
  5
593
330
1A
100
AcDbEntity
  8
F.Paste
  6
CONTINUOUS
100
AcDbLine
 10
136.4310649999999896
 20
-67.421441999999999
 30
0
 11
136.3985490000000027
 21
-67.4701050000000038
 31
0
  0
LINE
  5
594
330
1A
100
AcDbEntity
  8
F.Paste
  6
CONTINUOUS
100
AcDbLine
 10
136.3985490000000027
 20
-67.4701050000000038
 30
0
 11
136.3498859999999979
 21
-67.5026209999999907
 31
0
  0
LINE
  5
595
330
1A
100
AcDbEntity
  8
F.Paste
  6
CONTINUOUS
100
AcDbLine
 10
136.3498859999999979
 20
-67.5026209999999907
 30
0
 11
136.2924830000000043
 21
-67.5140389999999968
 31
0
  0
LINE
  5
596
330
1A
100
AcDbEntity
  8
F.Paste
  6
CONTINUOUS
100
AcDbLine
 10
136.2924830000000043
 20
-67.5140389999999968
 30
0
 11
135.0424830000000043
 21
-67.5140389999999968
 31
0
  0
LINE
  5
597
330
1A
100
AcDbEntity
  8
F.Paste
  6
CONTINUOUS
100
AcDbLine
 10
135.0424830000000043
 20
-67.5140389999999968
 30
0
 11
134.9850799999999822
 21
-67.5026209999999907
 31
0
  0
LINE
  5
598
330
1A
100
AcDbEntity
  8
F.Paste
  6
CONTINUOUS
100
AcDbLine
 10
134.9850799999999822
 20
-67.5026209999999907
 30
0
 11
134.9364170000000058
 21
-67.4701050000000038
 31
0
  0
LINE
  5
599
330
1A
100
AcDbEntity
  8
F.Paste
  6
CONTINUOUS
100
AcDbLine
 10
134.9364170000000058
 20
-67.4701050000000038
 30
0
 11
134.9039009999999905
 21
-67.421441999999999
 31
0
  0
LINE
  5
59A
330
1A
100
AcDbEntity
  8
F.Paste
  6
CONTINUOUS
100
AcDbLine
 10
134.9039009999999905
 20
-67.421441999999999
 30
0
 11
134.8924829999999986
 21
-67.3640389999999911
 31
0
  0
LINE
  5
59B
330
1A
100
AcDbEntity
  8
F.Paste
  6
CONTINUOUS
100
AcDbLine
 10
134.8924829999999986
 20
-67.3640389999999911
 30
0
 11
134.8924829999999986
 21
-67.064038999999994
 31
0
  0
LINE
  5
59C
330
1A
100
AcDbEntity
  8
F.Paste
  6
CONTINUOUS
100
AcDbLine
 10
134.8924829999999986
 20
-67.064038999999994
 30
0
 11
134.9039009999999905
 21
-67.0066360000000003
 31
0
  0
LINE
  5
59D
330
1A
100
AcDbEntity
  8
F.Paste
  6
CONTINUOUS
100
AcDbLine
 10
134.9039009999999905
 20
-67.0066360000000003
 30
0
 11
134.9364170000000058
 21
-66.9579729999999955
 31
0
  0
LINE
  5
59E
330
1A
100
AcDbEntity
  8
F.Paste
  6
CONTINUOUS
100
AcDbLine
 10
134.9364170000000058
 20
-66.9579729999999955
 30
0
 11
134.9850799999999822
 21
-66.9254569999999944
 31
0
  0
LINE
  5
59F
330
1A
100
AcDbEntity
  8
F.Paste
  6
CONTINUOUS
100
AcDbLine
 10
134.9850799999999822
 20
-66.9254569999999944
 30
0
 11
135.0424830000000043
 21
-66.9140390000000025
 31
0
  0
LINE
  5
5A0
330
1A
100
AcDbEntity
  8
F.Paste
  6
CONTINUOUS
100
AcDbLine
 10
135.0424830000000043
 20
-66.9140390000000025
 30
0
 11
136.2924830000000043
 21
-66.9140390000000025
 31
0
  0
LINE
  5
5A1
330
1A
100
AcDbEntity
  8
F.Paste
  6
CONTINUOUS
100
AcDbLine
 10
136.2924830000000043
 20
-66.9140390000000025
 30
0
 11
136.3498859999999979
 21
-66.9254569999999944
 31
0
  0
LINE
  5
5A2
330
1A
100
AcDbEntity
  8
F.Paste
  6
CONTINUOUS
100
AcDbLine
 10
101.215802999999994
 20
-65.849418
 30
0
 11
101.2644659999999988
 21
-65.8819340000000011
 31
0
  0
LINE
  5
5A3
330
1A
100
AcDbEntity
  8
F.Paste
  6
CONTINUOUS
100
AcDbLine
 10
101.2644659999999988
 20
-65.8819340000000011
 30
0
 11
101.2969819999999999
 21
-65.9305969999999917
 31
0
  0
LINE
  5
5A4
330
1A
100
AcDbEntity
  8
F.Paste
  6
CONTINUOUS
100
AcDbLine
 10
101.2969819999999999
 20
-65.9305969999999917
 30
0
 11
101.3083999999999918
 21
-65.9879999999999995
 31
0
  0
LINE
  5
5A5
330
1A
100
AcDbEntity
  8
F.Paste
  6
CONTINUOUS
100
AcDbLine
 10
101.3083999999999918
 20
-65.9879999999999995
 30
0
 11
101.3083999999999918
 21
-66.5879999999999939
 31
0
  0
LINE
  5
5A6
330
1A
100
AcDbEntity
  8
F.Paste
  6
CONTINUOUS
100
AcDbLine
 10
101.3083999999999918
 20
-66.5879999999999939
 30
0
 11
101.2969819999999999
 21
-66.6454030000000017
 31
0
  0
LINE
  5
5A7
330
1A
100
AcDbEntity
  8
F.Paste
  6
CONTINUOUS
100
AcDbLine
 10
101.2969819999999999
 20
-66.6454030000000017
 30
0
 11
101.2644659999999988
 21
-66.6940659999999923
 31
0
  0
LINE
  5
5A8
330
1A
100
AcDbEntity
  8
F.Paste
  6
CONTINUOUS
100
AcDbLine
 10
101.2644659999999988
 20
-66.6940659999999923
 30
0
 11
101.215802999999994
 21
-66.7265819999999934
 31
0
  0
LINE
  5
5A9
330
1A
100
AcDbEntity
  8
F.Paste
  6
CONTINUOUS
100
AcDbLine
 10
101.215802999999994
 20
-66.7265819999999934
 30
0
 11
101.1584000000000003
 21
-66.7379999999999995
 31
0
  0
LINE
  5
5AA
330
1A
100
AcDbEntity
  8
F.Paste
  6
CONTINUOUS
100
AcDbLine
 10
101.1584000000000003
 20
-66.7379999999999995
 30
0
 11
100.8583999999999889
 21
-66.7379999999999995
 31
0
  0
LINE
  5
5AB
330
1A
100
AcDbEntity
  8
F.Paste
  6
CONTINUOUS
100
AcDbLine
 10
100.8583999999999889
 20
-66.7379999999999995
 30
0
 11
100.8009969999999953
 21
-66.7265819999999934
 31
0
  0
LINE
  5
5AC
330
1A
100
AcDbEntity
  8
F.Paste
  6
CONTINUOUS
100
AcDbLine
 10
100.8009969999999953
 20
-66.7265819999999934
 30
0
 11
100.7523339999999905
 21
-66.6940659999999923
 31
0
  0
LINE
  5
5AD
330
1A
100
AcDbEntity
  8
F.Paste
  6
CONTINUOUS
100
AcDbLine
 10
100.7523339999999905
 20
-66.6940659999999923
 30
0
 11
100.7198179999999894
 21
-66.6454030000000017
 31
0
  0
LINE
  5
5AE
330
1A
100
AcDbEntity
  8
F.Paste
  6
CONTINUOUS
100
AcDbLine
 10
100.7198179999999894
 20
-66.6454030000000017
 30
0
 11
100.7083999999999975
 21
-66.5879999999999939
 31
0
  0
LINE
  5
5AF
330
1A
100
AcDbEntity
  8
F.Paste
  6
CONTINUOUS
100
AcDbLine
 10
100.7083999999999975
 20
-66.5879999999999939
 30
0
 11
100.7083999999999975
 21
-65.9879999999999995
 31
0
  0
LINE
  5
5B0
330
1A
100
AcDbEntity
  8
F.Paste
  6
CONTINUOUS
100
AcDbLine
 10
100.7083999999999975
 20
-65.9879999999999995
 30
0
 11
100.7198179999999894
 21
-65.9305969999999917
 31
0
  0
LINE
  5
5B1
330
1A
100
AcDbEntity
  8
F.Paste
  6
CONTINUOUS
100
AcDbLine
 10
100.7198179999999894
 20
-65.9305969999999917
 30
0
 11
100.7523339999999905
 21
-65.8819340000000011
 31
0
  0
LINE
  5
5B2
330
1A
100
AcDbEntity
  8
F.Paste
  6
CONTINUOUS
100
AcDbLine
 10
100.7523339999999905
 20
-65.8819340000000011
 30
0
 11
100.8009969999999953
 21
-65.849418
 31
0
  0
LINE
  5
5B3
330
1A
100
AcDbEntity
  8
F.Paste
  6
CONTINUOUS
100
AcDbLine
 10
100.8009969999999953
 20
-65.849418
 30
0
 11
100.8583999999999889
 21
-65.8379999999999939
 31
0
  0
LINE
  5
5B4
330
1A
100
AcDbEntity
  8
F.Paste
  6
CONTINUOUS
100
AcDbLine
 10
100.8583999999999889
 20
-65.8379999999999939
 30
0
 11
101.1584000000000003
 21
-65.8379999999999939
 31
0
  0
LINE
  5
5B5
330
1A
100
AcDbEntity
  8
F.Paste
  6
CONTINUOUS
100
AcDbLine
 10
101.1584000000000003
 20
-65.8379999999999939
 30
0
 11
101.215802999999994
 21
-65.849418
 31
0
  0
LINE
  5
5B6
330
1A
100
AcDbEntity
  8
F.Paste
  6
CONTINUOUS
100
AcDbLine
 10
102.4958029999999951
 20
-65.849418
 30
0
 11
102.5444659999999999
 21
-65.8819340000000011
 31
0
  0
LINE
  5
5B7
330
1A
100
AcDbEntity
  8
F.Paste
  6
CONTINUOUS
100
AcDbLine
 10
102.5444659999999999
 20
-65.8819340000000011
 30
0
 11
102.576982000000001
 21
-65.9305969999999917
 31
0
  0
LINE
  5
5B8
330
1A
100
AcDbEntity
  8
F.Paste
  6
CONTINUOUS
100
AcDbLine
 10
102.576982000000001
 20
-65.9305969999999917
 30
0
 11
102.5883999999999929
 21
-65.9879999999999995
 31
0
  0
LINE
  5
5B9
330
1A
100
AcDbEntity
  8
F.Paste
  6
CONTINUOUS
100
AcDbLine
 10
102.5883999999999929
 20
-65.9879999999999995
 30
0
 11
102.5883999999999929
 21
-66.5879999999999939
 31
0
  0
LINE
  5
5BA
330
1A
100
AcDbEntity
  8
F.Paste
  6
CONTINUOUS
100
AcDbLine
 10
102.5883999999999929
 20
-66.5879999999999939
 30
0
 11
102.576982000000001
 21
-66.6454030000000017
 31
0
  0
LINE
  5
5BB
330
1A
100
AcDbEntity
  8
F.Paste
  6
CONTINUOUS
100
AcDbLine
 10
102.576982000000001
 20
-66.6454030000000017
 30
0
 11
102.5444659999999999
 21
-66.6940659999999923
 31
0
  0
LINE
  5
5BC
330
1A
100
AcDbEntity
  8
F.Paste
  6
CONTINUOUS
100
AcDbLine
 10
102.5444659999999999
 20
-66.6940659999999923
 30
0
 11
102.4958029999999951
 21
-66.7265819999999934
 31
0
  0
LINE
  5
5BD
330
1A
100
AcDbEntity
  8
F.Paste
  6
CONTINUOUS
100
AcDbLine
 10
102.4958029999999951
 20
-66.7265819999999934
 30
0
 11
102.4384000000000015
 21
-66.7379999999999995
 31
0
  0
LINE
  5
5BE
330
1A
100
AcDbEntity
  8
F.Paste
  6
CONTINUOUS
100
AcDbLine
 10
102.4384000000000015
 20
-66.7379999999999995
 30
0
 11
102.1383999999999901
 21
-66.7379999999999995
 31
0
  0
LINE
  5
5BF
330
1A
100
AcDbEntity
  8
F.Paste
  6
CONTINUOUS
100
AcDbLine
 10
102.1383999999999901
 20
-66.7379999999999995
 30
0
 11
102.0809969999999964
 21
-66.7265819999999934
 31
0
  0
LINE
  5
5C0
330
1A
100
AcDbEntity
  8
F.Paste
  6
CONTINUOUS
100
AcDbLine
 10
102.0809969999999964
 20
-66.7265819999999934
 30
0
 11
102.0323339999999916
 21
-66.6940659999999923
 31
0
  0
LINE
  5
5C1
330
1A
100
AcDbEntity
  8
F.Paste
  6
CONTINUOUS
100
AcDbLine
 10
102.0323339999999916
 20
-66.6940659999999923
 30
0
 11
101.9998179999999905
 21
-66.6454030000000017
 31
0
  0
LINE
  5
5C2
330
1A
100
AcDbEntity
  8
F.Paste
  6
CONTINUOUS
100
AcDbLine
 10
101.9998179999999905
 20
-66.6454030000000017
 30
0
 11
101.9883999999999986
 21
-66.5879999999999939
 31
0
  0
LINE
  5
5C3
330
1A
100
AcDbEntity
  8
F.Paste
  6
CONTINUOUS
100
AcDbLine
 10
101.9883999999999986
 20
-66.5879999999999939
 30
0
 11
101.9883999999999986
 21
-65.9879999999999995
 31
0
  0
LINE
  5
5C4
330
1A
100
AcDbEntity
  8
F.Paste
  6
CONTINUOUS
100
AcDbLine
 10
101.9883999999999986
 20
-65.9879999999999995
 30
0
 11
101.9998179999999905
 21
-65.9305969999999917
 31
0
  0
LINE
  5
5C5
330
1A
100
AcDbEntity
  8
F.Paste
  6
CONTINUOUS
100
AcDbLine
 10
101.9998179999999905
 20
-65.9305969999999917
 30
0
 11
102.0323339999999916
 21
-65.8819340000000011
 31
0
  0
LINE
  5
5C6
330
1A
100
AcDbEntity
  8
F.Paste
  6
CONTINUOUS
100
AcDbLine
 10
102.0323339999999916
 20
-65.8819340000000011
 30
0
 11
102.0809969999999964
 21
-65.849418
 31
0
  0
LINE
  5
5C7
330
1A
100
AcDbEntity
  8
F.Paste
  6
CONTINUOUS
100
AcDbLine
 10
102.0809969999999964
 20
-65.849418
 30
0
 11
102.1383999999999901
 21
-65.8379999999999939
 31
0
  0
LINE
  5
5C8
330
1A
100
AcDbEntity
  8
F.Paste
  6
CONTINUOUS
100
AcDbLine
 10
102.1383999999999901
 20
-65.8379999999999939
 30
0
 11
102.4384000000000015
 21
-65.8379999999999939
 31
0
  0
LINE
  5
5C9
330
1A
100
AcDbEntity
  8
F.Paste
  6
CONTINUOUS
100
AcDbLine
 10
102.4384000000000015
 20
-65.8379999999999939
 30
0
 11
102.4958029999999951
 21
-65.849418
 31
0
  0
LINE
  5
5CA
330
1A
100
AcDbEntity
  8
F.Paste
  6
CONTINUOUS
100
AcDbLine
 10
103.695802999999998
 20
-65.849418
 30
0
 11
103.7444659999999885
 21
-65.8819340000000011
 31
0
  0
LINE
  5
5CB
330
1A
100
AcDbEntity
  8
F.Paste
  6
CONTINUOUS
100
AcDbLine
 10
103.7444659999999885
 20
-65.8819340000000011
 30
0
 11
103.7769819999999896
 21
-65.9305969999999917
 31
0
  0
LINE
  5
5CC
330
1A
100
AcDbEntity
  8
F.Paste
  6
CONTINUOUS
100
AcDbLine
 10
103.7769819999999896
 20
-65.9305969999999917
 30
0
 11
103.7883999999999958
 21
-65.9879999999999995
 31
0
  0
LINE
  5
5CD
330
1A
100
AcDbEntity
  8
F.Paste
  6
CONTINUOUS
100
AcDbLine
 10
103.7883999999999958
 20
-65.9879999999999995
 30
0
 11
103.7883999999999958
 21
-66.5879999999999939
 31
0
  0
LINE
  5
5CE
330
1A
100
AcDbEntity
  8
F.Paste
  6
CONTINUOUS
100
AcDbLine
 10
103.7883999999999958
 20
-66.5879999999999939
 30
0
 11
103.7769819999999896
 21
-66.6454030000000017
 31
0
  0
LINE
  5
5CF
330
1A
100
AcDbEntity
  8
F.Paste
  6
CONTINUOUS
100
AcDbLine
 10
103.7769819999999896
 20
-66.6454030000000017
 30
0
 11
103.7444659999999885
 21
-66.6940659999999923
 31
0
  0
LINE
  5
5D0
330
1A
100
AcDbEntity
  8
F.Paste
  6
CONTINUOUS
100
AcDbLine
 10
103.7444659999999885
 20
-66.6940659999999923
 30
0
 11
103.695802999999998
 21
-66.7265819999999934
 31
0
  0
LINE
  5
5D1
330
1A
100
AcDbEntity
  8
F.Paste
  6
CONTINUOUS
100
AcDbLine
 10
103.695802999999998
 20
-66.7265819999999934
 30
0
 11
103.6383999999999901
 21
-66.7379999999999995
 31
0
  0
LINE
  5
5D2
330
1A
100
AcDbEntity
  8
F.Paste
  6
CONTINUOUS
100
AcDbLine
 10
103.6383999999999901
 20
-66.7379999999999995
 30
0
 11
103.3383999999999929
 21
-66.7379999999999995
 31
0
  0
LINE
  5
5D3
330
1A
100
AcDbEntity
  8
F.Paste
  6
CONTINUOUS
100
AcDbLine
 10
103.3383999999999929
 20
-66.7379999999999995
 30
0
 11
103.2809969999999993
 21
-66.7265819999999934
 31
0
  0
LINE
  5
5D4
330
1A
100
AcDbEntity
  8
F.Paste
  6
CONTINUOUS
100
AcDbLine
 10
103.2809969999999993
 20
-66.7265819999999934
 30
0
 11
103.2323339999999945
 21
-66.6940659999999923
 31
0
  0
LINE
  5
5D5
330
1A
100
AcDbEntity
  8
F.Paste
  6
CONTINUOUS
100
AcDbLine
 10
103.2323339999999945
 20
-66.6940659999999923
 30
0
 11
103.1998179999999934
 21
-66.6454030000000017
 31
0
  0
LINE
  5
5D6
330
1A
100
AcDbEntity
  8
F.Paste
  6
CONTINUOUS
100
AcDbLine
 10
103.1998179999999934
 20
-66.6454030000000017
 30
0
 11
103.1884000000000015
 21
-66.5879999999999939
 31
0
  0
LINE
  5
5D7
330
1A
100
AcDbEntity
  8
F.Paste
  6
CONTINUOUS
100
AcDbLine
 10
103.1884000000000015
 20
-66.5879999999999939
 30
0
 11
103.1884000000000015
 21
-65.9879999999999995
 31
0
  0
LINE
  5
5D8
330
1A
100
AcDbEntity
  8
F.Paste
  6
CONTINUOUS
100
AcDbLine
 10
103.1884000000000015
 20
-65.9879999999999995
 30
0
 11
103.1998179999999934
 21
-65.9305969999999917
 31
0
  0
LINE
  5
5D9
330
1A
100
AcDbEntity
  8
F.Paste
  6
CONTINUOUS
100
AcDbLine
 10
103.1998179999999934
 20
-65.9305969999999917
 30
0
 11
103.2323339999999945
 21
-65.8819340000000011
 31
0
  0
LINE
  5
5DA
330
1A
100
AcDbEntity
  8
F.Paste
  6
CONTINUOUS
100
AcDbLine
 10
103.2323339999999945
 20
-65.8819340000000011
 30
0
 11
103.2809969999999993
 21
-65.849418
 31
0
  0
LINE
  5
5DB
330
1A
100
AcDbEntity
  8
F.Paste
  6
CONTINUOUS
100
AcDbLine
 10
103.2809969999999993
 20
-65.849418
 30
0
 11
103.3383999999999929
 21
-65.8379999999999939
 31
0
  0
LINE
  5
5DC
330
1A
100
AcDbEntity
  8
F.Paste
  6
CONTINUOUS
100
AcDbLine
 10
103.3383999999999929
 20
-65.8379999999999939
 30
0
 11
103.6383999999999901
 21
-65.8379999999999939
 31
0
  0
LINE
  5
5DD
330
1A
100
AcDbEntity
  8
F.Paste
  6
CONTINUOUS
100
AcDbLine
 10
103.6383999999999901
 20
-65.8379999999999939
 30
0
 11
103.695802999999998
 21
-65.849418
 31
0
  0
LINE
  5
5DE
330
1A
100
AcDbEntity
  8
F.Paste
  6
CONTINUOUS
100
AcDbLine
 10
104.9758029999999991
 20
-65.849418
 30
0
 11
105.0244659999999897
 21
-65.8819340000000011
 31
0
  0
LINE
  5
5DF
330
1A
100
AcDbEntity
  8
F.Paste
  6
CONTINUOUS
100
AcDbLine
 10
105.0244659999999897
 20
-65.8819340000000011
 30
0
 11
105.0569819999999908
 21
-65.9305969999999917
 31
0
  0
LINE
  5
5E0
330
1A
100
AcDbEntity
  8
F.Paste
  6
CONTINUOUS
100
AcDbLine
 10
105.0569819999999908
 20
-65.9305969999999917
 30
0
 11
105.0683999999999969
 21
-65.9879999999999995
 31
0
  0
LINE
  5
5E1
330
1A
100
AcDbEntity
  8
F.Paste
  6
CONTINUOUS
100
AcDbLine
 10
105.0683999999999969
 20
-65.9879999999999995
 30
0
 11
105.0683999999999969
 21
-66.5879999999999939
 31
0
  0
LINE
  5
5E2
330
1A
100
AcDbEntity
  8
F.Paste
  6
CONTINUOUS
100
AcDbLine
 10
105.0683999999999969
 20
-66.5879999999999939
 30
0
 11
105.0569819999999908
 21
-66.6454030000000017
 31
0
  0
LINE
  5
5E3
330
1A
100
AcDbEntity
  8
F.Paste
  6
CONTINUOUS
100
AcDbLine
 10
105.0569819999999908
 20
-66.6454030000000017
 30
0
 11
105.0244659999999897
 21
-66.6940659999999923
 31
0
  0
LINE
  5
5E4
330
1A
100
AcDbEntity
  8
F.Paste
  6
CONTINUOUS
100
AcDbLine
 10
105.0244659999999897
 20
-66.6940659999999923
 30
0
 11
104.9758029999999991
 21
-66.7265819999999934
 31
0
  0
LINE
  5
5E5
330
1A
100
AcDbEntity
  8
F.Paste
  6
CONTINUOUS
100
AcDbLine
 10
104.9758029999999991
 20
-66.7265819999999934
 30
0
 11
104.9183999999999912
 21
-66.7379999999999995
 31
0
  0
LINE
  5
5E6
330
1A
100
AcDbEntity
  8
F.Paste
  6
CONTINUOUS
100
AcDbLine
 10
104.9183999999999912
 20
-66.7379999999999995
 30
0
 11
104.6183999999999941
 21
-66.7379999999999995
 31
0
  0
LINE
  5
5E7
330
1A
100
AcDbEntity
  8
F.Paste
  6
CONTINUOUS
100
AcDbLine
 10
104.6183999999999941
 20
-66.7379999999999995
 30
0
 11
104.5609970000000004
 21
-66.7265819999999934
 31
0
  0
LINE
  5
5E8
330
1A
100
AcDbEntity
  8
F.Paste
  6
CONTINUOUS
100
AcDbLine
 10
104.5609970000000004
 20
-66.7265819999999934
 30
0
 11
104.5123339999999956
 21
-66.6940659999999923
 31
0
  0
LINE
  5
5E9
330
1A
100
AcDbEntity
  8
F.Paste
  6
CONTINUOUS
100
AcDbLine
 10
104.5123339999999956
 20
-66.6940659999999923
 30
0
 11
104.4798179999999945
 21
-66.6454030000000017
 31
0
  0
LINE
  5
5EA
330
1A
100
AcDbEntity
  8
F.Paste
  6
CONTINUOUS
100
AcDbLine
 10
104.4798179999999945
 20
-66.6454030000000017
 30
0
 11
104.4683999999999884
 21
-66.5879999999999939
 31
0
  0
LINE
  5
5EB
330
1A
100
AcDbEntity
  8
F.Paste
  6
CONTINUOUS
100
AcDbLine
 10
104.4683999999999884
 20
-66.5879999999999939
 30
0
 11
104.4683999999999884
 21
-65.9879999999999995
 31
0
  0
LINE
  5
5EC
330
1A
100
AcDbEntity
  8
F.Paste
  6
CONTINUOUS
100
AcDbLine
 10
104.4683999999999884
 20
-65.9879999999999995
 30
0
 11
104.4798179999999945
 21
-65.9305969999999917
 31
0
  0
LINE
  5
5ED
330
1A
100
AcDbEntity
  8
F.Paste
  6
CONTINUOUS
100
AcDbLine
 10
104.4798179999999945
 20
-65.9305969999999917
 30
0
 11
104.5123339999999956
 21
-65.8819340000000011
 31
0
  0
LINE
  5
5EE
330
1A
100
AcDbEntity
  8
F.Paste
  6
CONTINUOUS
100
AcDbLine
 10
104.5123339999999956
 20
-65.8819340000000011
 30
0
 11
104.5609970000000004
 21
-65.849418
 31
0
  0
LINE
  5
5EF
330
1A
100
AcDbEntity
  8
F.Paste
  6
CONTINUOUS
100
AcDbLine
 10
104.5609970000000004
 20
-65.849418
 30
0
 11
104.6183999999999941
 21
-65.8379999999999939
 31
0
  0
LINE
  5
5F0
330
1A
100
AcDbEntity
  8
F.Paste
  6
CONTINUOUS
100
AcDbLine
 10
104.6183999999999941
 20
-65.8379999999999939
 30
0
 11
104.9183999999999912
 21
-65.8379999999999939
 31
0
  0
LINE
  5
5F1
330
1A
100
AcDbEntity
  8
F.Paste
  6
CONTINUOUS
100
AcDbLine
 10
104.9183999999999912
 20
-65.8379999999999939
 30
0
 11
104.9758029999999991
 21
-65.849418
 31
0
  0
LINE
  5
5F2
330
1A
100
AcDbEntity
  8
F.Paste
  6
CONTINUOUS
100
AcDbLine
 10
106.9632029999999929
 20
-65.849418
 30
0
 11
107.0118659999999977
 21
-65.8819340000000011
 31
0
  0
LINE
  5
5F3
330
1A
100
AcDbEntity
  8
F.Paste
  6
CONTINUOUS
100
AcDbLine
 10
107.0118659999999977
 20
-65.8819340000000011
 30
0
 11
107.0443819999999988
 21
-65.9305969999999917
 31
0
  0
LINE
  5
5F4
330
1A
100
AcDbEntity
  8
F.Paste
  6
CONTINUOUS
100
AcDbLine
 10
107.0443819999999988
 20
-65.9305969999999917
 30
0
 11
107.0557999999999907
 21
-65.9879999999999995
 31
0
  0
LINE
  5
5F5
330
1A
100
AcDbEntity
  8
F.Paste
  6
CONTINUOUS
100
AcDbLine
 10
107.0557999999999907
 20
-65.9879999999999995
 30
0
 11
107.0557999999999907
 21
-66.5879999999999939
 31
0
  0
LINE
  5
5F6
330
1A
100
AcDbEntity
  8
F.Paste
  6
CONTINUOUS
100
AcDbLine
 10
107.0557999999999907
 20
-66.5879999999999939
 30
0
 11
107.0443819999999988
 21
-66.6454030000000017
 31
0
  0
LINE
  5
5F7
330
1A
100
AcDbEntity
  8
F.Paste
  6
CONTINUOUS
100
AcDbLine
 10
107.0443819999999988
 20
-66.6454030000000017
 30
0
 11
107.0118659999999977
 21
-66.6940659999999923
 31
0
  0
LINE
  5
5F8
330
1A
100
AcDbEntity
  8
F.Paste
  6
CONTINUOUS
100
AcDbLine
 10
107.0118659999999977
 20
-66.6940659999999923
 30
0
 11
106.9632029999999929
 21
-66.7265819999999934
 31
0
  0
LINE
  5
5F9
330
1A
100
AcDbEntity
  8
F.Paste
  6
CONTINUOUS
100
AcDbLine
 10
106.9632029999999929
 20
-66.7265819999999934
 30
0
 11
106.9057999999999993
 21
-66.7379999999999995
 31
0
  0
LINE
  5
5FA
330
1A
100
AcDbEntity
  8
F.Paste
  6
CONTINUOUS
100
AcDbLine
 10
106.9057999999999993
 20
-66.7379999999999995
 30
0
 11
106.6058000000000021
 21
-66.7379999999999995
 31
0
  0
LINE
  5
5FB
330
1A
100
AcDbEntity
  8
F.Paste
  6
CONTINUOUS
100
AcDbLine
 10
106.6058000000000021
 20
-66.7379999999999995
 30
0
 11
106.5483969999999943
 21
-66.7265819999999934
 31
0
  0
LINE
  5
5FC
330
1A
100
AcDbEntity
  8
F.Paste
  6
CONTINUOUS
100
AcDbLine
 10
106.5483969999999943
 20
-66.7265819999999934
 30
0
 11
106.4997339999999895
 21
-66.6940659999999923
 31
0
  0
LINE
  5
5FD
330
1A
100
AcDbEntity
  8
F.Paste
  6
CONTINUOUS
100
AcDbLine
 10
106.4997339999999895
 20
-66.6940659999999923
 30
0
 11
106.4672179999999884
 21
-66.6454030000000017
 31
0
  0
LINE
  5
5FE
330
1A
100
AcDbEntity
  8
F.Paste
  6
CONTINUOUS
100
AcDbLine
 10
106.4672179999999884
 20
-66.6454030000000017
 30
0
 11
106.4557999999999964
 21
-66.5879999999999939
 31
0
  0
LINE
  5
5FF
330
1A
100
AcDbEntity
  8
F.Paste
  6
CONTINUOUS
100
AcDbLine
 10
106.4557999999999964
 20
-66.5879999999999939
 30
0
 11
106.4557999999999964
 21
-65.9879999999999995
 31
0
  0
LINE
  5
600
330
1A
100
AcDbEntity
  8
F.Paste
  6
CONTINUOUS
100
AcDbLine
 10
106.4557999999999964
 20
-65.9879999999999995
 30
0
 11
106.4672179999999884
 21
-65.9305969999999917
 31
0
  0
LINE
  5
601
330
1A
100
AcDbEntity
  8
F.Paste
  6
CONTINUOUS
100
AcDbLine
 10
106.4672179999999884
 20
-65.9305969999999917
 30
0
 11
106.4997339999999895
 21
-65.8819340000000011
 31
0
  0
LINE
  5
602
330
1A
100
AcDbEntity
  8
F.Paste
  6
CONTINUOUS
100
AcDbLine
 10
106.4997339999999895
 20
-65.8819340000000011
 30
0
 11
106.5483969999999943
 21
-65.849418
 31
0
  0
LINE
  5
603
330
1A
100
AcDbEntity
  8
F.Paste
  6
CONTINUOUS
100
AcDbLine
 10
106.5483969999999943
 20
-65.849418
 30
0
 11
106.6058000000000021
 21
-65.8379999999999939
 31
0
  0
LINE
  5
604
330
1A
100
AcDbEntity
  8
F.Paste
  6
CONTINUOUS
100
AcDbLine
 10
106.6058000000000021
 20
-65.8379999999999939
 30
0
 11
106.9057999999999993
 21
-65.8379999999999939
 31
0
  0
LINE
  5
605
330
1A
100
AcDbEntity
  8
F.Paste
  6
CONTINUOUS
100
AcDbLine
 10
106.9057999999999993
 20
-65.8379999999999939
 30
0
 11
106.9632029999999929
 21
-65.849418
 31
0
  0
LINE
  5
606
330
1A
100
AcDbEntity
  8
F.Paste
  6
CONTINUOUS
100
AcDbLine
 10
108.2432029999999941
 20
-65.849418
 30
0
 11
108.2918659999999988
 21
-65.8819340000000011
 31
0
  0
LINE
  5
607
330
1A
100
AcDbEntity
  8
F.Paste
  6
CONTINUOUS
100
AcDbLine
 10
108.2918659999999988
 20
-65.8819340000000011
 30
0
 11
108.3243819999999999
 21
-65.9305969999999917
 31
0
  0
LINE
  5
608
330
1A
100
AcDbEntity
  8
F.Paste
  6
CONTINUOUS
100
AcDbLine
 10
108.3243819999999999
 20
-65.9305969999999917
 30
0
 11
108.3357999999999919
 21
-65.9879999999999995
 31
0
  0
LINE
  5
609
330
1A
100
AcDbEntity
  8
F.Paste
  6
CONTINUOUS
100
AcDbLine
 10
108.3357999999999919
 20
-65.9879999999999995
 30
0
 11
108.3357999999999919
 21
-66.5879999999999939
 31
0
  0
LINE
  5
60A
330
1A
100
AcDbEntity
  8
F.Paste
  6
CONTINUOUS
100
AcDbLine
 10
108.3357999999999919
 20
-66.5879999999999939
 30
0
 11
108.3243819999999999
 21
-66.6454030000000017
 31
0
  0
LINE
  5
60B
330
1A
100
AcDbEntity
  8
F.Paste
  6
CONTINUOUS
100
AcDbLine
 10
108.3243819999999999
 20
-66.6454030000000017
 30
0
 11
108.2918659999999988
 21
-66.6940659999999923
 31
0
  0
LINE
  5
60C
330
1A
100
AcDbEntity
  8
F.Paste
  6
CONTINUOUS
100
AcDbLine
 10
108.2918659999999988
 20
-66.6940659999999923
 30
0
 11
108.2432029999999941
 21
-66.7265819999999934
 31
0
  0
LINE
  5
60D
330
1A
100
AcDbEntity
  8
F.Paste
  6
CONTINUOUS
100
AcDbLine
 10
108.2432029999999941
 20
-66.7265819999999934
 30
0
 11
108.1858000000000004
 21
-66.7379999999999995
 31
0
  0
LINE
  5
60E
330
1A
100
AcDbEntity
  8
F.Paste
  6
CONTINUOUS
100
AcDbLine
 10
108.1858000000000004
 20
-66.7379999999999995
 30
0
 11
107.885799999999989
 21
-66.7379999999999995
 31
0
  0
LINE
  5
60F
330
1A
100
AcDbEntity
  8
F.Paste
  6
CONTINUOUS
100
AcDbLine
 10
107.885799999999989
 20
-66.7379999999999995
 30
0
 11
107.8283969999999954
 21
-66.7265819999999934
 31
0
  0
LINE
  5
610
330
1A
100
AcDbEntity
  8
F.Paste
  6
CONTINUOUS
100
AcDbLine
 10
107.8283969999999954
 20
-66.7265819999999934
 30
0
 11
107.7797339999999906
 21
-66.6940659999999923
 31
0
  0
LINE
  5
611
330
1A
100
AcDbEntity
  8
F.Paste
  6
CONTINUOUS
100
AcDbLine
 10
107.7797339999999906
 20
-66.6940659999999923
 30
0
 11
107.7472179999999895
 21
-66.6454030000000017
 31
0
  0
LINE
  5
612
330
1A
100
AcDbEntity
  8
F.Paste
  6
CONTINUOUS
100
AcDbLine
 10
107.7472179999999895
 20
-66.6454030000000017
 30
0
 11
107.7357999999999976
 21
-66.5879999999999939
 31
0
  0
LINE
  5
613
330
1A
100
AcDbEntity
  8
F.Paste
  6
CONTINUOUS
100
AcDbLine
 10
107.7357999999999976
 20
-66.5879999999999939
 30
0
 11
107.7357999999999976
 21
-65.9879999999999995
 31
0
  0
LINE
  5
614
330
1A
100
AcDbEntity
  8
F.Paste
  6
CONTINUOUS
100
AcDbLine
 10
107.7357999999999976
 20
-65.9879999999999995
 30
0
 11
107.7472179999999895
 21
-65.9305969999999917
 31
0
  0
LINE
  5
615
330
1A
100
AcDbEntity
  8
F.Paste
  6
CONTINUOUS
100
AcDbLine
 10
107.7472179999999895
 20
-65.9305969999999917
 30
0
 11
107.7797339999999906
 21
-65.8819340000000011
 31
0
  0
LINE
  5
616
330
1A
100
AcDbEntity
  8
F.Paste
  6
CONTINUOUS
100
AcDbLine
 10
107.7797339999999906
 20
-65.8819340000000011
 30
0
 11
107.8283969999999954
 21
-65.849418
 31
0
  0
LINE
  5
617
330
1A
100
AcDbEntity
  8
F.Paste
  6
CONTINUOUS
100
AcDbLine
 10
107.8283969999999954
 20
-65.849418
 30
0
 11
107.885799999999989
 21
-65.8379999999999939
 31
0
  0
LINE
  5
618
330
1A
100
AcDbEntity
  8
F.Paste
  6
CONTINUOUS
100
AcDbLine
 10
107.885799999999989
 20
-65.8379999999999939
 30
0
 11
108.1858000000000004
 21
-65.8379999999999939
 31
0
  0
LINE
  5
619
330
1A
100
AcDbEntity
  8
F.Paste
  6
CONTINUOUS
100
AcDbLine
 10
108.1858000000000004
 20
-65.8379999999999939
 30
0
 11
108.2432029999999941
 21
-65.849418
 31
0
  0
LINE
  5
61A
330
1A
100
AcDbEntity
  8
F.Paste
  6
CONTINUOUS
100
AcDbLine
 10
109.4432029999999969
 20
-65.849418
 30
0
 11
109.4918660000000017
 21
-65.8819340000000011
 31
0
  0
LINE
  5
61B
330
1A
100
AcDbEntity
  8
F.Paste
  6
CONTINUOUS
100
AcDbLine
 10
109.4918660000000017
 20
-65.8819340000000011
 30
0
 11
109.5243819999999886
 21
-65.9305969999999917
 31
0
  0
LINE
  5
61C
330
1A
100
AcDbEntity
  8
F.Paste
  6
CONTINUOUS
100
AcDbLine
 10
109.5243819999999886
 20
-65.9305969999999917
 30
0
 11
109.5357999999999947
 21
-65.9879999999999995
 31
0
  0
LINE
  5
61D
330
1A
100
AcDbEntity
  8
F.Paste
  6
CONTINUOUS
100
AcDbLine
 10
109.5357999999999947
 20
-65.9879999999999995
 30
0
 11
109.5357999999999947
 21
-66.5879999999999939
 31
0
  0
LINE
  5
61E
330
1A
100
AcDbEntity
  8
F.Paste
  6
CONTINUOUS
100
AcDbLine
 10
109.5357999999999947
 20
-66.5879999999999939
 30
0
 11
109.5243819999999886
 21
-66.6454030000000017
 31
0
  0
LINE
  5
61F
330
1A
100
AcDbEntity
  8
F.Paste
  6
CONTINUOUS
100
AcDbLine
 10
109.5243819999999886
 20
-66.6454030000000017
 30
0
 11
109.4918660000000017
 21
-66.6940659999999923
 31
0
  0
LINE
  5
620
330
1A
100
AcDbEntity
  8
F.Paste
  6
CONTINUOUS
100
AcDbLine
 10
109.4918660000000017
 20
-66.6940659999999923
 30
0
 11
109.4432029999999969
 21
-66.7265819999999934
 31
0
  0
LINE
  5
621
330
1A
100
AcDbEntity
  8
F.Paste
  6
CONTINUOUS
100
AcDbLine
 10
109.4432029999999969
 20
-66.7265819999999934
 30
0
 11
109.385799999999989
 21
-66.7379999999999995
 31
0
  0
LINE
  5
622
330
1A
100
AcDbEntity
  8
F.Paste
  6
CONTINUOUS
100
AcDbLine
 10
109.385799999999989
 20
-66.7379999999999995
 30
0
 11
109.0857999999999919
 21
-66.7379999999999995
 31
0
  0
LINE
  5
623
330
1A
100
AcDbEntity
  8
F.Paste
  6
CONTINUOUS
100
AcDbLine
 10
109.0857999999999919
 20
-66.7379999999999995
 30
0
 11
109.0283969999999982
 21
-66.7265819999999934
 31
0
  0
LINE
  5
624
330
1A
100
AcDbEntity
  8
F.Paste
  6
CONTINUOUS
100
AcDbLine
 10
109.0283969999999982
 20
-66.7265819999999934
 30
0
 11
108.9797339999999934
 21
-66.6940659999999923
 31
0
  0
LINE
  5
625
330
1A
100
AcDbEntity
  8
F.Paste
  6
CONTINUOUS
100
AcDbLine
 10
108.9797339999999934
 20
-66.6940659999999923
 30
0
 11
108.9472179999999923
 21
-66.6454030000000017
 31
0
  0
LINE
  5
626
330
1A
100
AcDbEntity
  8
F.Paste
  6
CONTINUOUS
100
AcDbLine
 10
108.9472179999999923
 20
-66.6454030000000017
 30
0
 11
108.9358000000000004
 21
-66.5879999999999939
 31
0
  0
LINE
  5
627
330
1A
100
AcDbEntity
  8
F.Paste
  6
CONTINUOUS
100
AcDbLine
 10
108.9358000000000004
 20
-66.5879999999999939
 30
0
 11
108.9358000000000004
 21
-65.9879999999999995
 31
0
  0
LINE
  5
628
330
1A
100
AcDbEntity
  8
F.Paste
  6
CONTINUOUS
100
AcDbLine
 10
108.9358000000000004
 20
-65.9879999999999995
 30
0
 11
108.9472179999999923
 21
-65.9305969999999917
 31
0
  0
LINE
  5
629
330
1A
100
AcDbEntity
  8
F.Paste
  6
CONTINUOUS
100
AcDbLine
 10
108.9472179999999923
 20
-65.9305969999999917
 30
0
 11
108.9797339999999934
 21
-65.8819340000000011
 31
0
  0
LINE
  5
62A
330
1A
100
AcDbEntity
  8
F.Paste
  6
CONTINUOUS
100
AcDbLine
 10
108.9797339999999934
 20
-65.8819340000000011
 30
0
 11
109.0283969999999982
 21
-65.849418
 31
0
  0
LINE
  5
62B
330
1A
100
AcDbEntity
  8
F.Paste
  6
CONTINUOUS
100
AcDbLine
 10
109.0283969999999982
 20
-65.849418
 30
0
 11
109.0857999999999919
 21
-65.8379999999999939
 31
0
  0
LINE
  5
62C
330
1A
100
AcDbEntity
  8
F.Paste
  6
CONTINUOUS
100
AcDbLine
 10
109.0857999999999919
 20
-65.8379999999999939
 30
0
 11
109.385799999999989
 21
-65.8379999999999939
 31
0
  0
LINE
  5
62D
330
1A
100
AcDbEntity
  8
F.Paste
  6
CONTINUOUS
100
AcDbLine
 10
109.385799999999989
 20
-65.8379999999999939
 30
0
 11
109.4432029999999969
 21
-65.849418
 31
0
  0
LINE
  5
62E
330
1A
100
AcDbEntity
  8
F.Paste
  6
CONTINUOUS
100
AcDbLine
 10
110.723202999999998
 20
-65.849418
 30
0
 11
110.7718659999999886
 21
-65.8819340000000011
 31
0
  0
LINE
  5
62F
330
1A
100
AcDbEntity
  8
F.Paste
  6
CONTINUOUS
100
AcDbLine
 10
110.7718659999999886
 20
-65.8819340000000011
 30
0
 11
110.8043819999999897
 21
-65.9305969999999917
 31
0
  0
LINE
  5
630
330
1A
100
AcDbEntity
  8
F.Paste
  6
CONTINUOUS
100
AcDbLine
 10
110.8043819999999897
 20
-65.9305969999999917
 30
0
 11
110.8157999999999959
 21
-65.9879999999999995
 31
0
  0
LINE
  5
631
330
1A
100
AcDbEntity
  8
F.Paste
  6
CONTINUOUS
100
AcDbLine
 10
110.8157999999999959
 20
-65.9879999999999995
 30
0
 11
110.8157999999999959
 21
-66.5879999999999939
 31
0
  0
LINE
  5
632
330
1A
100
AcDbEntity
  8
F.Paste
  6
CONTINUOUS
100
AcDbLine
 10
110.8157999999999959
 20
-66.5879999999999939
 30
0
 11
110.8043819999999897
 21
-66.6454030000000017
 31
0
  0
LINE
  5
633
330
1A
100
AcDbEntity
  8
F.Paste
  6
CONTINUOUS
100
AcDbLine
 10
110.8043819999999897
 20
-66.6454030000000017
 30
0
 11
110.7718659999999886
 21
-66.6940659999999923
 31
0
  0
LINE
  5
634
330
1A
100
AcDbEntity
  8
F.Paste
  6
CONTINUOUS
100
AcDbLine
 10
110.7718659999999886
 20
-66.6940659999999923
 30
0
 11
110.723202999999998
 21
-66.7265819999999934
 31
0
  0
LINE
  5
635
330
1A
100
AcDbEntity
  8
F.Paste
  6
CONTINUOUS
100
AcDbLine
 10
110.723202999999998
 20
-66.7265819999999934
 30
0
 11
110.6657999999999902
 21
-66.7379999999999995
 31
0
  0
LINE
  5
636
330
1A
100
AcDbEntity
  8
F.Paste
  6
CONTINUOUS
100
AcDbLine
 10
110.6657999999999902
 20
-66.7379999999999995
 30
0
 11
110.365799999999993
 21
-66.7379999999999995
 31
0
  0
LINE
  5
637
330
1A
100
AcDbEntity
  8
F.Paste
  6
CONTINUOUS
100
AcDbLine
 10
110.365799999999993
 20
-66.7379999999999995
 30
0
 11
110.3083969999999994
 21
-66.7265819999999934
 31
0
  0
LINE
  5
638
330
1A
100
AcDbEntity
  8
F.Paste
  6
CONTINUOUS
100
AcDbLine
 10
110.3083969999999994
 20
-66.7265819999999934
 30
0
 11
110.2597339999999946
 21
-66.6940659999999923
 31
0
  0
LINE
  5
639
330
1A
100
AcDbEntity
  8
F.Paste
  6
CONTINUOUS
100
AcDbLine
 10
110.2597339999999946
 20
-66.6940659999999923
 30
0
 11
110.2272179999999935
 21
-66.6454030000000017
 31
0
  0
LINE
  5
63A
330
1A
100
AcDbEntity
  8
F.Paste
  6
CONTINUOUS
100
AcDbLine
 10
110.2272179999999935
 20
-66.6454030000000017
 30
0
 11
110.2158000000000015
 21
-66.5879999999999939
 31
0
  0
LINE
  5
63B
330
1A
100
AcDbEntity
  8
F.Paste
  6
CONTINUOUS
100
AcDbLine
 10
110.2158000000000015
 20
-66.5879999999999939
 30
0
 11
110.2158000000000015
 21
-65.9879999999999995
 31
0
  0
LINE
  5
63C
330
1A
100
AcDbEntity
  8
F.Paste
  6
CONTINUOUS
100
AcDbLine
 10
110.2158000000000015
 20
-65.9879999999999995
 30
0
 11
110.2272179999999935
 21
-65.9305969999999917
 31
0
  0
LINE
  5
63D
330
1A
100
AcDbEntity
  8
F.Paste
  6
CONTINUOUS
100
AcDbLine
 10
110.2272179999999935
 20
-65.9305969999999917
 30
0
 11
110.2597339999999946
 21
-65.8819340000000011
 31
0
  0
LINE
  5
63E
330
1A
100
AcDbEntity
  8
F.Paste
  6
CONTINUOUS
100
AcDbLine
 10
110.2597339999999946
 20
-65.8819340000000011
 30
0
 11
110.3083969999999994
 21
-65.849418
 31
0
  0
LINE
  5
63F
330
1A
100
AcDbEntity
  8
F.Paste
  6
CONTINUOUS
100
AcDbLine
 10
110.3083969999999994
 20
-65.849418
 30
0
 11
110.365799999999993
 21
-65.8379999999999939
 31
0
  0
LINE
  5
640
330
1A
100
AcDbEntity
  8
F.Paste
  6
CONTINUOUS
100
AcDbLine
 10
110.365799999999993
 20
-65.8379999999999939
 30
0
 11
110.6657999999999902
 21
-65.8379999999999939
 31
0
  0
LINE
  5
641
330
1A
100
AcDbEntity
  8
F.Paste
  6
CONTINUOUS
100
AcDbLine
 10
110.6657999999999902
 20
-65.8379999999999939
 30
0
 11
110.723202999999998
 21
-65.849418
 31
0
  0
LINE
  5
642
330
1A
100
AcDbEntity
  8
F.Paste
  6
CONTINUOUS
100
AcDbLine
 10
136.3498859999999979
 20
-65.9254569999999944
 30
0
 11
136.3985490000000027
 21
-65.9579729999999955
 31
0
  0
LINE
  5
643
330
1A
100
AcDbEntity
  8
F.Paste
  6
CONTINUOUS
100
AcDbLine
 10
136.3985490000000027
 20
-65.9579729999999955
 30
0
 11
136.4310649999999896
 21
-66.0066360000000003
 31
0
  0
LINE
  5
644
330
1A
100
AcDbEntity
  8
F.Paste
  6
CONTINUOUS
100
AcDbLine
 10
136.4310649999999896
 20
-66.0066360000000003
 30
0
 11
136.4424829999999815
 21
-66.064038999999994
 31
0
  0
LINE
  5
645
330
1A
100
AcDbEntity
  8
F.Paste
  6
CONTINUOUS
100
AcDbLine
 10
136.4424829999999815
 20
-66.064038999999994
 30
0
 11
136.4424829999999815
 21
-66.3640389999999911
 31
0
  0
LINE
  5
646
330
1A
100
AcDbEntity
  8
F.Paste
  6
CONTINUOUS
100
AcDbLine
 10
136.4424829999999815
 20
-66.3640389999999911
 30
0
 11
136.4310649999999896
 21
-66.421441999999999
 31
0
  0
LINE
  5
647
330
1A
100
AcDbEntity
  8
F.Paste
  6
CONTINUOUS
100
AcDbLine
 10
136.4310649999999896
 20
-66.421441999999999
 30
0
 11
136.3985490000000027
 21
-66.4701050000000038
 31
0
  0
LINE
  5
648
330
1A
100
AcDbEntity
  8
F.Paste
  6
CONTINUOUS
100
AcDbLine
 10
136.3985490000000027
 20
-66.4701050000000038
 30
0
 11
136.3498859999999979
 21
-66.5026209999999907
 31
0
  0
LINE
  5
649
330
1A
100
AcDbEntity
  8
F.Paste
  6
CONTINUOUS
100
AcDbLine
 10
136.3498859999999979
 20
-66.5026209999999907
 30
0
 11
136.2924830000000043
 21
-66.5140389999999968
 31
0
  0
LINE
  5
64A
330
1A
100
AcDbEntity
  8
F.Paste
  6
CONTINUOUS
100
AcDbLine
 10
136.2924830000000043
 20
-66.5140389999999968
 30
0
 11
135.0424830000000043
 21
-66.5140389999999968
 31
0
  0
LINE
  5
64B
330
1A
100
AcDbEntity
  8
F.Paste
  6
CONTINUOUS
100
AcDbLine
 10
135.0424830000000043
 20
-66.5140389999999968
 30
0
 11
134.9850799999999822
 21
-66.5026209999999907
 31
0
  0
LINE
  5
64C
330
1A
100
AcDbEntity
  8
F.Paste
  6
CONTINUOUS
100
AcDbLine
 10
134.9850799999999822
 20
-66.5026209999999907
 30
0
 11
134.9364170000000058
 21
-66.4701050000000038
 31
0
  0
LINE
  5
64D
330
1A
100
AcDbEntity
  8
F.Paste
  6
CONTINUOUS
100
AcDbLine
 10
134.9364170000000058
 20
-66.4701050000000038
 30
0
 11
134.9039009999999905
 21
-66.421441999999999
 31
0
  0
LINE
  5
64E
330
1A
100
AcDbEntity
  8
F.Paste
  6
CONTINUOUS
100
AcDbLine
 10
134.9039009999999905
 20
-66.421441999999999
 30
0
 11
134.8924829999999986
 21
-66.3640389999999911
 31
0
  0
LINE
  5
64F
330
1A
100
AcDbEntity
  8
F.Paste
  6
CONTINUOUS
100
AcDbLine
 10
134.8924829999999986
 20
-66.3640389999999911
 30
0
 11
134.8924829999999986
 21
-66.064038999999994
 31
0
  0
LINE
  5
650
330
1A
100
AcDbEntity
  8
F.Paste
  6
CONTINUOUS
100
AcDbLine
 10
134.8924829999999986
 20
-66.064038999999994
 30
0
 11
134.9039009999999905
 21
-66.0066360000000003
 31
0
  0
LINE
  5
651
330
1A
100
AcDbEntity
  8
F.Paste
  6
CONTINUOUS
100
AcDbLine
 10
134.9039009999999905
 20
-66.0066360000000003
 30
0
 11
134.9364170000000058
 21
-65.9579729999999955
 31
0
  0
LINE
  5
652
330
1A
100
AcDbEntity
  8
F.Paste
  6
CONTINUOUS
100
AcDbLine
 10
134.9364170000000058
 20
-65.9579729999999955
 30
0
 11
134.9850799999999822
 21
-65.9254569999999944
 31
0
  0
LINE
  5
653
330
1A
100
AcDbEntity
  8
F.Paste
  6
CONTINUOUS
100
AcDbLine
 10
134.9850799999999822
 20
-65.9254569999999944
 30
0
 11
135.0424830000000043
 21
-65.9140390000000025
 31
0
  0
LINE
  5
654
330
1A
100
AcDbEntity
  8
F.Paste
  6
CONTINUOUS
100
AcDbLine
 10
135.0424830000000043
 20
-65.9140390000000025
 30
0
 11
136.2924830000000043
 21
-65.9140390000000025
 31
0
  0
LINE
  5
655
330
1A
100
AcDbEntity
  8
F.Paste
  6
CONTINUOUS
100
AcDbLine
 10
136.2924830000000043
 20
-65.9140390000000025
 30
0
 11
136.3498859999999979
 21
-65.9254569999999944
 31
0
  0
LINE
  5
656
330
1A
100
AcDbEntity
  8
F.Paste
  6
CONTINUOUS
100
AcDbLine
 10
127.2154709999999938
 20
-65.0150299999999959
 30
0
 11
127.2965769999999992
 21
-65.0692229999999938
 31
0
  0
LINE
  5
657
330
1A
100
AcDbEntity
  8
F.Paste
  6
CONTINUOUS
100
AcDbLine
 10
127.2965769999999992
 20
-65.0692229999999938
 30
0
 11
127.3507699999999971
 21
-65.1503289999999993
 31
0
  0
LINE
  5
658
330
1A
100
AcDbEntity
  8
F.Paste
  6
CONTINUOUS
100
AcDbLine
 10
127.3507699999999971
 20
-65.1503289999999993
 30
0
 11
127.3697999999999979
 21
-65.2459999999999951
 31
0
  0
LINE
  5
659
330
1A
100
AcDbEntity
  8
F.Paste
  6
CONTINUOUS
100
AcDbLine
 10
127.3697999999999979
 20
-65.2459999999999951
 30
0
 11
127.3697999999999979
 21
-65.7710000000000008
 31
0
  0
LINE
  5
65A
330
1A
100
AcDbEntity
  8
F.Paste
  6
CONTINUOUS
100
AcDbLine
 10
127.3697999999999979
 20
-65.7710000000000008
 30
0
 11
127.3507699999999971
 21
-65.8666709999999966
 31
0
  0
LINE
  5
65B
330
1A
100
AcDbEntity
  8
F.Paste
  6
CONTINUOUS
100
AcDbLine
 10
127.3507699999999971
 20
-65.8666709999999966
 30
0
 11
127.2965769999999992
 21
-65.9477770000000021
 31
0
  0
LINE
  5
65C
330
1A
100
AcDbEntity
  8
F.Paste
  6
CONTINUOUS
100
AcDbLine
 10
127.2965769999999992
 20
-65.9477770000000021
 30
0
 11
127.2154709999999938
 21
-66.00197
 31
0
  0
LINE
  5
65D
330
1A
100
AcDbEntity
  8
F.Paste
  6
CONTINUOUS
100
AcDbLine
 10
127.2154709999999938
 20
-66.00197
 30
0
 11
127.1197999999999979
 21
-66.0210000000000008
 31
0
  0
LINE
  5
65E
330
1A
100
AcDbEntity
  8
F.Paste
  6
CONTINUOUS
100
AcDbLine
 10
127.1197999999999979
 20
-66.0210000000000008
 30
0
 11
126.2197999999999922
 21
-66.0210000000000008
 31
0
  0
LINE
  5
65F
330
1A
100
AcDbEntity
  8
F.Paste
  6
CONTINUOUS
100
AcDbLine
 10
126.2197999999999922
 20
-66.0210000000000008
 30
0
 11
126.1241289999999964
 21
-66.00197
 31
0
  0
LINE
  5
660
330
1A
100
AcDbEntity
  8
F.Paste
  6
CONTINUOUS
100
AcDbLine
 10
126.1241289999999964
 20
-66.00197
 30
0
 11
126.0430229999999909
 21
-65.9477770000000021
 31
0
  0
LINE
  5
661
330
1A
100
AcDbEntity
  8
F.Paste
  6
CONTINUOUS
100
AcDbLine
 10
126.0430229999999909
 20
-65.9477770000000021
 30
0
 11
125.988829999999993
 21
-65.8666709999999966
 31
0
  0
LINE
  5
662
330
1A
100
AcDbEntity
  8
F.Paste
  6
CONTINUOUS
100
AcDbLine
 10
125.988829999999993
 20
-65.8666709999999966
 30
0
 11
125.9697999999999922
 21
-65.7710000000000008
 31
0
  0
LINE
  5
663
330
1A
100
AcDbEntity
  8
F.Paste
  6
CONTINUOUS
100
AcDbLine
 10
125.9697999999999922
 20
-65.7710000000000008
 30
0
 11
125.9697999999999922
 21
-65.2459999999999951
 31
0
  0
LINE
  5
664
330
1A
100
AcDbEntity
  8
F.Paste
  6
CONTINUOUS
100
AcDbLine
 10
125.9697999999999922
 20
-65.2459999999999951
 30
0
 11
125.988829999999993
 21
-65.1503289999999993
 31
0
  0
LINE
  5
665
330
1A
100
AcDbEntity
  8
F.Paste
  6
CONTINUOUS
100
AcDbLine
 10
125.988829999999993
 20
-65.1503289999999993
 30
0
 11
126.0430229999999909
 21
-65.0692229999999938
 31
0
  0
LINE
  5
666
330
1A
100
AcDbEntity
  8
F.Paste
  6
CONTINUOUS
100
AcDbLine
 10
126.0430229999999909
 20
-65.0692229999999938
 30
0
 11
126.1241289999999964
 21
-65.0150299999999959
 31
0
  0
LINE
  5
667
330
1A
100
AcDbEntity
  8
F.Paste
  6
CONTINUOUS
100
AcDbLine
 10
126.1241289999999964
 20
-65.0150299999999959
 30
0
 11
126.2197999999999922
 21
-64.9959999999999951
 31
0
  0
LINE
  5
668
330
1A
100
AcDbEntity
  8
F.Paste
  6
CONTINUOUS
100
AcDbLine
 10
126.2197999999999922
 20
-64.9959999999999951
 30
0
 11
127.1197999999999979
 21
-64.9959999999999951
 31
0
  0
LINE
  5
669
330
1A
100
AcDbEntity
  8
F.Paste
  6
CONTINUOUS
100
AcDbLine
 10
127.1197999999999979
 20
-64.9959999999999951
 30
0
 11
127.2154709999999938
 21
-65.0150299999999959
 31
0
  0
LINE
  5
66A
330
1A
100
AcDbEntity
  8
F.Paste
  6
CONTINUOUS
100
AcDbLine
 10
67.2200709999999901
 20
-64.8740299999999905
 30
0
 11
67.3011769999999956
 21
-64.9282230000000027
 31
0
  0
LINE
  5
66B
330
1A
100
AcDbEntity
  8
F.Paste
  6
CONTINUOUS
100
AcDbLine
 10
67.3011769999999956
 20
-64.9282230000000027
 30
0
 11
67.3553699999999935
 21
-65.0093289999999939
 31
0
  0
LINE
  5
66C
330
1A
100
AcDbEntity
  8
F.Paste
  6
CONTINUOUS
100
AcDbLine
 10
67.3553699999999935
 20
-65.0093289999999939
 30
0
 11
67.3743999999999943
 21
-65.105000000000004
 31
0
  0
LINE
  5
66D
330
1A
100
AcDbEntity
  8
F.Paste
  6
CONTINUOUS
100
AcDbLine
 10
67.3743999999999943
 20
-65.105000000000004
 30
0
 11
67.3743999999999943
 21
-65.7049999999999983
 31
0
  0
LINE
  5
66E
330
1A
100
AcDbEntity
  8
F.Paste
  6
CONTINUOUS
100
AcDbLine
 10
67.3743999999999943
 20
-65.7049999999999983
 30
0
 11
67.3553699999999935
 21
-65.8006709999999941
 31
0
  0
LINE
  5
66F
330
1A
100
AcDbEntity
  8
F.Paste
  6
CONTINUOUS
100
AcDbLine
 10
67.3553699999999935
 20
-65.8006709999999941
 30
0
 11
67.3011769999999956
 21
-65.8817769999999996
 31
0
  0
LINE
  5
670
330
1A
100
AcDbEntity
  8
F.Paste
  6
CONTINUOUS
100
AcDbLine
 10
67.3011769999999956
 20
-65.8817769999999996
 30
0
 11
67.2200709999999901
 21
-65.9359699999999975
 31
0
  0
LINE
  5
671
330
1A
100
AcDbEntity
  8
F.Paste
  6
CONTINUOUS
100
AcDbLine
 10
67.2200709999999901
 20
-65.9359699999999975
 30
0
 11
67.1243999999999943
 21
-65.9549999999999983
 31
0
  0
LINE
  5
672
330
1A
100
AcDbEntity
  8
F.Paste
  6
CONTINUOUS
100
AcDbLine
 10
67.1243999999999943
 20
-65.9549999999999983
 30
0
 11
66.5244
 21
-65.9549999999999983
 31
0
  0
LINE
  5
673
330
1A
100
AcDbEntity
  8
F.Paste
  6
CONTINUOUS
100
AcDbLine
 10
66.5244
 20
-65.9549999999999983
 30
0
 11
66.4287289999999899
 21
-65.9359699999999975
 31
0
  0
LINE
  5
674
330
1A
100
AcDbEntity
  8
F.Paste
  6
CONTINUOUS
100
AcDbLine
 10
66.4287289999999899
 20
-65.9359699999999975
 30
0
 11
66.3476229999999987
 21
-65.8817769999999996
 31
0
  0
LINE
  5
675
330
1A
100
AcDbEntity
  8
F.Paste
  6
CONTINUOUS
100
AcDbLine
 10
66.3476229999999987
 20
-65.8817769999999996
 30
0
 11
66.2934300000000007
 21
-65.8006709999999941
 31
0
  0
LINE
  5
676
330
1A
100
AcDbEntity
  8
F.Paste
  6
CONTINUOUS
100
AcDbLine
 10
66.2934300000000007
 20
-65.8006709999999941
 30
0
 11
66.2744
 21
-65.7049999999999983
 31
0
  0
LINE
  5
677
330
1A
100
AcDbEntity
  8
F.Paste
  6
CONTINUOUS
100
AcDbLine
 10
66.2744
 20
-65.7049999999999983
 30
0
 11
66.2744
 21
-65.105000000000004
 31
0
  0
LINE
  5
678
330
1A
100
AcDbEntity
  8
F.Paste
  6
CONTINUOUS
100
AcDbLine
 10
66.2744
 20
-65.105000000000004
 30
0
 11
66.2934300000000007
 21
-65.0093289999999939
 31
0
  0
LINE
  5
679
330
1A
100
AcDbEntity
  8
F.Paste
  6
CONTINUOUS
100
AcDbLine
 10
66.2934300000000007
 20
-65.0093289999999939
 30
0
 11
66.3476229999999987
 21
-64.9282230000000027
 31
0
  0
LINE
  5
67A
330
1A
100
AcDbEntity
  8
F.Paste
  6
CONTINUOUS
100
AcDbLine
 10
66.3476229999999987
 20
-64.9282230000000027
 30
0
 11
66.4287289999999899
 21
-64.8740299999999905
 31
0
  0
LINE
  5
67B
330
1A
100
AcDbEntity
  8
F.Paste
  6
CONTINUOUS
100
AcDbLine
 10
66.4287289999999899
 20
-64.8740299999999905
 30
0
 11
66.5244
 21
-64.855000000000004
 31
0
  0
LINE
  5
67C
330
1A
100
AcDbEntity
  8
F.Paste
  6
CONTINUOUS
100
AcDbLine
 10
66.5244
 20
-64.855000000000004
 30
0
 11
67.1243999999999943
 21
-64.855000000000004
 31
0
  0
LINE
  5
67D
330
1A
100
AcDbEntity
  8
F.Paste
  6
CONTINUOUS
100
AcDbLine
 10
67.1243999999999943
 20
-64.855000000000004
 30
0
 11
67.2200709999999901
 21
-64.8740299999999905
 31
0
  0
LINE
  5
67E
330
1A
100
AcDbEntity
  8
F.Paste
  6
CONTINUOUS
100
AcDbLine
 10
70.0200710000000015
 20
-64.8740299999999905
 30
0
 11
70.1011769999999927
 21
-64.9282230000000027
 31
0
  0
LINE
  5
67F
330
1A
100
AcDbEntity
  8
F.Paste
  6
CONTINUOUS
100
AcDbLine
 10
70.1011769999999927
 20
-64.9282230000000027
 30
0
 11
70.1553699999999907
 21
-65.0093289999999939
 31
0
  0
LINE
  5
680
330
1A
100
AcDbEntity
  8
F.Paste
  6
CONTINUOUS
100
AcDbLine
 10
70.1553699999999907
 20
-65.0093289999999939
 30
0
 11
70.1743999999999915
 21
-65.105000000000004
 31
0
  0
LINE
  5
681
330
1A
100
AcDbEntity
  8
F.Paste
  6
CONTINUOUS
100
AcDbLine
 10
70.1743999999999915
 20
-65.105000000000004
 30
0
 11
70.1743999999999915
 21
-65.7049999999999983
 31
0
  0
LINE
  5
682
330
1A
100
AcDbEntity
  8
F.Paste
  6
CONTINUOUS
100
AcDbLine
 10
70.1743999999999915
 20
-65.7049999999999983
 30
0
 11
70.1553699999999907
 21
-65.8006709999999941
 31
0
  0
LINE
  5
683
330
1A
100
AcDbEntity
  8
F.Paste
  6
CONTINUOUS
100
AcDbLine
 10
70.1553699999999907
 20
-65.8006709999999941
 30
0
 11
70.1011769999999927
 21
-65.8817769999999996
 31
0
  0
LINE
  5
684
330
1A
100
AcDbEntity
  8
F.Paste
  6
CONTINUOUS
100
AcDbLine
 10
70.1011769999999927
 20
-65.8817769999999996
 30
0
 11
70.0200710000000015
 21
-65.9359699999999975
 31
0
  0
LINE
  5
685
330
1A
100
AcDbEntity
  8
F.Paste
  6
CONTINUOUS
100
AcDbLine
 10
70.0200710000000015
 20
-65.9359699999999975
 30
0
 11
69.9243999999999915
 21
-65.9549999999999983
 31
0
  0
LINE
  5
686
330
1A
100
AcDbEntity
  8
F.Paste
  6
CONTINUOUS
100
AcDbLine
 10
69.9243999999999915
 20
-65.9549999999999983
 30
0
 11
69.3243999999999971
 21
-65.9549999999999983
 31
0
  0
LINE
  5
687
330
1A
100
AcDbEntity
  8
F.Paste
  6
CONTINUOUS
100
AcDbLine
 10
69.3243999999999971
 20
-65.9549999999999983
 30
0
 11
69.2287290000000013
 21
-65.9359699999999975
 31
0
  0
LINE
  5
688
330
1A
100
AcDbEntity
  8
F.Paste
  6
CONTINUOUS
100
AcDbLine
 10
69.2287290000000013
 20
-65.9359699999999975
 30
0
 11
69.1476229999999958
 21
-65.8817769999999996
 31
0
  0
LINE
  5
689
330
1A
100
AcDbEntity
  8
F.Paste
  6
CONTINUOUS
100
AcDbLine
 10
69.1476229999999958
 20
-65.8817769999999996
 30
0
 11
69.0934299999999979
 21
-65.8006709999999941
 31
0
  0
LINE
  5
68A
330
1A
100
AcDbEntity
  8
F.Paste
  6
CONTINUOUS
100
AcDbLine
 10
69.0934299999999979
 20
-65.8006709999999941
 30
0
 11
69.0743999999999971
 21
-65.7049999999999983
 31
0
  0
LINE
  5
68B
330
1A
100
AcDbEntity
  8
F.Paste
  6
CONTINUOUS
100
AcDbLine
 10
69.0743999999999971
 20
-65.7049999999999983
 30
0
 11
69.0743999999999971
 21
-65.105000000000004
 31
0
  0
LINE
  5
68C
330
1A
100
AcDbEntity
  8
F.Paste
  6
CONTINUOUS
100
AcDbLine
 10
69.0743999999999971
 20
-65.105000000000004
 30
0
 11
69.0934299999999979
 21
-65.0093289999999939
 31
0
  0
LINE
  5
68D
330
1A
100
AcDbEntity
  8
F.Paste
  6
CONTINUOUS
100
AcDbLine
 10
69.0934299999999979
 20
-65.0093289999999939
 30
0
 11
69.1476229999999958
 21
-64.9282230000000027
 31
0
  0
LINE
  5
68E
330
1A
100
AcDbEntity
  8
F.Paste
  6
CONTINUOUS
100
AcDbLine
 10
69.1476229999999958
 20
-64.9282230000000027
 30
0
 11
69.2287290000000013
 21
-64.8740299999999905
 31
0
  0
LINE
  5
68F
330
1A
100
AcDbEntity
  8
F.Paste
  6
CONTINUOUS
100
AcDbLine
 10
69.2287290000000013
 20
-64.8740299999999905
 30
0
 11
69.3243999999999971
 21
-64.855000000000004
 31
0
  0
LINE
  5
690
330
1A
100
AcDbEntity
  8
F.Paste
  6
CONTINUOUS
100
AcDbLine
 10
69.3243999999999971
 20
-64.855000000000004
 30
0
 11
69.9243999999999915
 21
-64.855000000000004
 31
0
  0
LINE
  5
691
330
1A
100
AcDbEntity
  8
F.Paste
  6
CONTINUOUS
100
AcDbLine
 10
69.9243999999999915
 20
-64.855000000000004
 30
0
 11
70.0200710000000015
 21
-64.8740299999999905
 31
0
  0
LINE
  5
692
330
1A
100
AcDbEntity
  8
F.Paste
  6
CONTINUOUS
100
AcDbLine
 10
133.8881539999999859
 20
-64.3330689999999947
 30
0
 11
133.9692599999999914
 21
-64.3872619999999927
 31
0
  0
LINE
  5
693
330
1A
100
AcDbEntity
  8
F.Paste
  6
CONTINUOUS
100
AcDbLine
 10
133.9692599999999914
 20
-64.3872619999999927
 30
0
 11
134.0234529999999893
 21
-64.4683679999999981
 31
0
  0
LINE
  5
694
330
1A
100
AcDbEntity
  8
F.Paste
  6
CONTINUOUS
100
AcDbLine
 10
134.0234529999999893
 20
-64.4683679999999981
 30
0
 11
134.0424830000000043
 21
-64.564038999999994
 31
0
  0
LINE
  5
695
330
1A
100
AcDbEntity
  8
F.Paste
  6
CONTINUOUS
100
AcDbLine
 10
134.0424830000000043
 20
-64.564038999999994
 30
0
 11
134.0424830000000043
 21
-65.2640389999999968
 31
0
  0
LINE
  5
696
330
1A
100
AcDbEntity
  8
F.Paste
  6
CONTINUOUS
100
AcDbLine
 10
134.0424830000000043
 20
-65.2640389999999968
 30
0
 11
134.0234529999999893
 21
-65.3597099999999926
 31
0
  0
LINE
  5
697
330
1A
100
AcDbEntity
  8
F.Paste
  6
CONTINUOUS
100
AcDbLine
 10
134.0234529999999893
 20
-65.3597099999999926
 30
0
 11
133.9692599999999914
 21
-65.4408159999999981
 31
0
  0
LINE
  5
698
330
1A
100
AcDbEntity
  8
F.Paste
  6
CONTINUOUS
100
AcDbLine
 10
133.9692599999999914
 20
-65.4408159999999981
 30
0
 11
133.8881539999999859
 21
-65.495008999999996
 31
0
  0
LINE
  5
699
330
1A
100
AcDbEntity
  8
F.Paste
  6
CONTINUOUS
100
AcDbLine
 10
133.8881539999999859
 20
-65.495008999999996
 30
0
 11
133.7924830000000043
 21
-65.5140389999999968
 31
0
  0
LINE
  5
69A
330
1A
100
AcDbEntity
  8
F.Paste
  6
CONTINUOUS
100
AcDbLine
 10
133.7924830000000043
 20
-65.5140389999999968
 30
0
 11
132.4924829999999929
 21
-65.5140389999999968
 31
0
  0
LINE
  5
69B
330
1A
100
AcDbEntity
  8
F.Paste
  6
CONTINUOUS
100
AcDbLine
 10
132.4924829999999929
 20
-65.5140389999999968
 30
0
 11
132.3968119999999828
 21
-65.495008999999996
 31
0
  0
LINE
  5
69C
330
1A
100
AcDbEntity
  8
F.Paste
  6
CONTINUOUS
100
AcDbLine
 10
132.3968119999999828
 20
-65.495008999999996
 30
0
 11
132.3157060000000058
 21
-65.4408159999999981
 31
0
  0
LINE
  5
69D
330
1A
100
AcDbEntity
  8
F.Paste
  6
CONTINUOUS
100
AcDbLine
 10
132.3157060000000058
 20
-65.4408159999999981
 30
0
 11
132.2615130000000079
 21
-65.3597099999999926
 31
0
  0
LINE
  5
69E
330
1A
100
AcDbEntity
  8
F.Paste
  6
CONTINUOUS
100
AcDbLine
 10
132.2615130000000079
 20
-65.3597099999999926
 30
0
 11
132.2424829999999929
 21
-65.2640389999999968
 31
0
  0
LINE
  5
69F
330
1A
100
AcDbEntity
  8
F.Paste
  6
CONTINUOUS
100
AcDbLine
 10
132.2424829999999929
 20
-65.2640389999999968
 30
0
 11
132.2424829999999929
 21
-64.564038999999994
 31
0
  0
LINE
  5
6A0
330
1A
100
AcDbEntity
  8
F.Paste
  6
CONTINUOUS
100
AcDbLine
 10
132.2424829999999929
 20
-64.564038999999994
 30
0
 11
132.2615130000000079
 21
-64.4683679999999981
 31
0
  0
LINE
  5
6A1
330
1A
100
AcDbEntity
  8
F.Paste
  6
CONTINUOUS
100
AcDbLine
 10
132.2615130000000079
 20
-64.4683679999999981
 30
0
 11
132.3157060000000058
 21
-64.3872619999999927
 31
0
  0
LINE
  5
6A2
330
1A
100
AcDbEntity
  8
F.Paste
  6
CONTINUOUS
100
AcDbLine
 10
132.3157060000000058
 20
-64.3872619999999927
 30
0
 11
132.3968119999999828
 21
-64.3330689999999947
 31
0
  0
LINE
  5
6A3
330
1A
100
AcDbEntity
  8
F.Paste
  6
CONTINUOUS
100
AcDbLine
 10
132.3968119999999828
 20
-64.3330689999999947
 30
0
 11
132.4924829999999929
 21
-64.314038999999994
 31
0
  0
LINE
  5
6A4
330
1A
100
AcDbEntity
  8
F.Paste
  6
CONTINUOUS
100
AcDbLine
 10
132.4924829999999929
 20
-64.314038999999994
 30
0
 11
133.7924830000000043
 21
-64.314038999999994
 31
0
  0
LINE
  5
6A5
330
1A
100
AcDbEntity
  8
F.Paste
  6
CONTINUOUS
100
AcDbLine
 10
133.7924830000000043
 20
-64.314038999999994
 30
0
 11
133.8881539999999859
 21
-64.3330689999999947
 31
0
  0
LINE
  5
6A6
330
1A
100
AcDbEntity
  8
F.Paste
  6
CONTINUOUS
100
AcDbLine
 10
96.5081709999999902
 20
-64.2390299999999996
 30
0
 11
96.5892769999999956
 21
-64.2932229999999976
 31
0
  0
LINE
  5
6A7
330
1A
100
AcDbEntity
  8
F.Paste
  6
CONTINUOUS
100
AcDbLine
 10
96.5892769999999956
 20
-64.2932229999999976
 30
0
 11
96.6434699999999935
 21
-64.374329000000003
 31
0
  0
LINE
  5
6A8
330
1A
100
AcDbEntity
  8
F.Paste
  6
CONTINUOUS
100
AcDbLine
 10
96.6434699999999935
 20
-64.374329000000003
 30
0
 11
96.6624999999999943
 21
-64.4699999999999989
 31
0
  0
LINE
  5
6A9
330
1A
100
AcDbEntity
  8
F.Paste
  6
CONTINUOUS
100
AcDbLine
 10
96.6624999999999943
 20
-64.4699999999999989
 30
0
 11
96.6624999999999943
 21
-65.0699999999999932
 31
0
  0
LINE
  5
6AA
330
1A
100
AcDbEntity
  8
F.Paste
  6
CONTINUOUS
100
AcDbLine
 10
96.6624999999999943
 20
-65.0699999999999932
 30
0
 11
96.6434699999999935
 21
-65.1656710000000032
 31
0
  0
LINE
  5
6AB
330
1A
100
AcDbEntity
  8
F.Paste
  6
CONTINUOUS
100
AcDbLine
 10
96.6434699999999935
 20
-65.1656710000000032
 30
0
 11
96.5892769999999956
 21
-65.2467769999999945
 31
0
  0
LINE
  5
6AC
330
1A
100
AcDbEntity
  8
F.Paste
  6
CONTINUOUS
100
AcDbLine
 10
96.5892769999999956
 20
-65.2467769999999945
 30
0
 11
96.5081709999999902
 21
-65.3009699999999924
 31
0
  0
LINE
  5
6AD
330
1A
100
AcDbEntity
  8
F.Paste
  6
CONTINUOUS
100
AcDbLine
 10
96.5081709999999902
 20
-65.3009699999999924
 30
0
 11
96.4124999999999943
 21
-65.3199999999999932
 31
0
  0
LINE
  5
6AE
330
1A
100
AcDbEntity
  8
F.Paste
  6
CONTINUOUS
100
AcDbLine
 10
96.4124999999999943
 20
-65.3199999999999932
 30
0
 11
95.8125
 21
-65.3199999999999932
 31
0
  0
LINE
  5
6AF
330
1A
100
AcDbEntity
  8
F.Paste
  6
CONTINUOUS
100
AcDbLine
 10
95.8125
 20
-65.3199999999999932
 30
0
 11
95.7168289999999899
 21
-65.3009699999999924
 31
0
  0
LINE
  5
6B0
330
1A
100
AcDbEntity
  8
F.Paste
  6
CONTINUOUS
100
AcDbLine
 10
95.7168289999999899
 20
-65.3009699999999924
 30
0
 11
95.6357229999999987
 21
-65.2467769999999945
 31
0
  0
LINE
  5
6B1
330
1A
100
AcDbEntity
  8
F.Paste
  6
CONTINUOUS
100
AcDbLine
 10
95.6357229999999987
 20
-65.2467769999999945
 30
0
 11
95.5815300000000008
 21
-65.1656710000000032
 31
0
  0
LINE
  5
6B2
330
1A
100
AcDbEntity
  8
F.Paste
  6
CONTINUOUS
100
AcDbLine
 10
95.5815300000000008
 20
-65.1656710000000032
 30
0
 11
95.5625
 21
-65.0699999999999932
 31
0
  0
LINE
  5
6B3
330
1A
100
AcDbEntity
  8
F.Paste
  6
CONTINUOUS
100
AcDbLine
 10
95.5625
 20
-65.0699999999999932
 30
0
 11
95.5625
 21
-64.4699999999999989
 31
0
  0
LINE
  5
6B4
330
1A
100
AcDbEntity
  8
F.Paste
  6
CONTINUOUS
100
AcDbLine
 10
95.5625
 20
-64.4699999999999989
 30
0
 11
95.5815300000000008
 21
-64.374329000000003
 31
0
  0
LINE
  5
6B5
330
1A
100
AcDbEntity
  8
F.Paste
  6
CONTINUOUS
100
AcDbLine
 10
95.5815300000000008
 20
-64.374329000000003
 30
0
 11
95.6357229999999987
 21
-64.2932229999999976
 31
0
  0
LINE
  5
6B6
330
1A
100
AcDbEntity
  8
F.Paste
  6
CONTINUOUS
100
AcDbLine
 10
95.6357229999999987
 20
-64.2932229999999976
 30
0
 11
95.7168289999999899
 21
-64.2390299999999996
 31
0
  0
LINE
  5
6B7
330
1A
100
AcDbEntity
  8
F.Paste
  6
CONTINUOUS
100
AcDbLine
 10
95.7168289999999899
 20
-64.2390299999999996
 30
0
 11
95.8125
 21
-64.2199999999999989
 31
0
  0
LINE
  5
6B8
330
1A
100
AcDbEntity
  8
F.Paste
  6
CONTINUOUS
100
AcDbLine
 10
95.8125
 20
-64.2199999999999989
 30
0
 11
96.4124999999999943
 21
-64.2199999999999989
 31
0
  0
LINE
  5
6B9
330
1A
100
AcDbEntity
  8
F.Paste
  6
CONTINUOUS
100
AcDbLine
 10
96.4124999999999943
 20
-64.2199999999999989
 30
0
 11
96.5081709999999902
 21
-64.2390299999999996
 31
0
  0
LINE
  5
6BA
330
1A
100
AcDbEntity
  8
F.Paste
  6
CONTINUOUS
100
AcDbLine
 10
99.3081710000000015
 20
-64.2390299999999996
 30
0
 11
99.3892769999999928
 21
-64.2932229999999976
 31
0
  0
LINE
  5
6BB
330
1A
100
AcDbEntity
  8
F.Paste
  6
CONTINUOUS
100
AcDbLine
 10
99.3892769999999928
 20
-64.2932229999999976
 30
0
 11
99.4434699999999907
 21
-64.374329000000003
 31
0
  0
LINE
  5
6BC
330
1A
100
AcDbEntity
  8
F.Paste
  6
CONTINUOUS
100
AcDbLine
 10
99.4434699999999907
 20
-64.374329000000003
 30
0
 11
99.4624999999999915
 21
-64.4699999999999989
 31
0
  0
LINE
  5
6BD
330
1A
100
AcDbEntity
  8
F.Paste
  6
CONTINUOUS
100
AcDbLine
 10
99.4624999999999915
 20
-64.4699999999999989
 30
0
 11
99.4624999999999915
 21
-65.0699999999999932
 31
0
  0
LINE
  5
6BE
330
1A
100
AcDbEntity
  8
F.Paste
  6
CONTINUOUS
100
AcDbLine
 10
99.4624999999999915
 20
-65.0699999999999932
 30
0
 11
99.4434699999999907
 21
-65.1656710000000032
 31
0
  0
LINE
  5
6BF
330
1A
100
AcDbEntity
  8
F.Paste
  6
CONTINUOUS
100
AcDbLine
 10
99.4434699999999907
 20
-65.1656710000000032
 30
0
 11
99.3892769999999928
 21
-65.2467769999999945
 31
0
  0
LINE
  5
6C0
330
1A
100
AcDbEntity
  8
F.Paste
  6
CONTINUOUS
100
AcDbLine
 10
99.3892769999999928
 20
-65.2467769999999945
 30
0
 11
99.3081710000000015
 21
-65.3009699999999924
 31
0
  0
LINE
  5
6C1
330
1A
100
AcDbEntity
  8
F.Paste
  6
CONTINUOUS
100
AcDbLine
 10
99.3081710000000015
 20
-65.3009699999999924
 30
0
 11
99.2124999999999915
 21
-65.3199999999999932
 31
0
  0
LINE
  5
6C2
330
1A
100
AcDbEntity
  8
F.Paste
  6
CONTINUOUS
100
AcDbLine
 10
99.2124999999999915
 20
-65.3199999999999932
 30
0
 11
98.6124999999999972
 21
-65.3199999999999932
 31
0
  0
LINE
  5
6C3
330
1A
100
AcDbEntity
  8
F.Paste
  6
CONTINUOUS
100
AcDbLine
 10
98.6124999999999972
 20
-65.3199999999999932
 30
0
 11
98.5168290000000013
 21
-65.3009699999999924
 31
0
  0
LINE
  5
6C4
330
1A
100
AcDbEntity
  8
F.Paste
  6
CONTINUOUS
100
AcDbLine
 10
98.5168290000000013
 20
-65.3009699999999924
 30
0
 11
98.4357229999999959
 21
-65.2467769999999945
 31
0
  0
LINE
  5
6C5
330
1A
100
AcDbEntity
  8
F.Paste
  6
CONTINUOUS
100
AcDbLine
 10
98.4357229999999959
 20
-65.2467769999999945
 30
0
 11
98.3815299999999979
 21
-65.1656710000000032
 31
0
  0
LINE
  5
6C6
330
1A
100
AcDbEntity
  8
F.Paste
  6
CONTINUOUS
100
AcDbLine
 10
98.3815299999999979
 20
-65.1656710000000032
 30
0
 11
98.3624999999999972
 21
-65.0699999999999932
 31
0
  0
LINE
  5
6C7
330
1A
100
AcDbEntity
  8
F.Paste
  6
CONTINUOUS
100
AcDbLine
 10
98.3624999999999972
 20
-65.0699999999999932
 30
0
 11
98.3624999999999972
 21
-64.4699999999999989
 31
0
  0
LINE
  5
6C8
330
1A
100
AcDbEntity
  8
F.Paste
  6
CONTINUOUS
100
AcDbLine
 10
98.3624999999999972
 20
-64.4699999999999989
 30
0
 11
98.3815299999999979
 21
-64.374329000000003
 31
0
  0
LINE
  5
6C9
330
1A
100
AcDbEntity
  8
F.Paste
  6
CONTINUOUS
100
AcDbLine
 10
98.3815299999999979
 20
-64.374329000000003
 30
0
 11
98.4357229999999959
 21
-64.2932229999999976
 31
0
  0
LINE
  5
6CA
330
1A
100
AcDbEntity
  8
F.Paste
  6
CONTINUOUS
100
AcDbLine
 10
98.4357229999999959
 20
-64.2932229999999976
 30
0
 11
98.5168290000000013
 21
-64.2390299999999996
 31
0
  0
LINE
  5
6CB
330
1A
100
AcDbEntity
  8
F.Paste
  6
CONTINUOUS
100
AcDbLine
 10
98.5168290000000013
 20
-64.2390299999999996
 30
0
 11
98.6124999999999972
 21
-64.2199999999999989
 31
0
  0
LINE
  5
6CC
330
1A
100
AcDbEntity
  8
F.Paste
  6
CONTINUOUS
100
AcDbLine
 10
98.6124999999999972
 20
-64.2199999999999989
 30
0
 11
99.2124999999999915
 21
-64.2199999999999989
 31
0
  0
LINE
  5
6CD
330
1A
100
AcDbEntity
  8
F.Paste
  6
CONTINUOUS
100
AcDbLine
 10
99.2124999999999915
 20
-64.2199999999999989
 30
0
 11
99.3081710000000015
 21
-64.2390299999999996
 31
0
  0
LINE
  5
6CE
330
1A
100
AcDbEntity
  8
F.Paste
  6
CONTINUOUS
100
AcDbLine
 10
129.0966709999999864
 20
-63.7080299999999937
 30
0
 11
129.1777769999999919
 21
-63.7622229999999988
 31
0
  0
LINE
  5
6CF
330
1A
100
AcDbEntity
  8
F.Paste
  6
CONTINUOUS
100
AcDbLine
 10
129.1777769999999919
 20
-63.7622229999999988
 30
0
 11
129.2319699999999898
 21
-63.8433289999999971
 31
0
  0
LINE
  5
6D0
330
1A
100
AcDbEntity
  8
F.Paste
  6
CONTINUOUS
100
AcDbLine
 10
129.2319699999999898
 20
-63.8433289999999971
 30
0
 11
129.2510000000000048
 21
-63.9390000000000001
 31
0
  0
LINE
  5
6D1
330
1A
100
AcDbEntity
  8
F.Paste
  6
CONTINUOUS
100
AcDbLine
 10
129.2510000000000048
 20
-63.9390000000000001
 30
0
 11
129.2510000000000048
 21
-64.8389999999999986
 31
0
  0
LINE
  5
6D2
330
1A
100
AcDbEntity
  8
F.Paste
  6
CONTINUOUS
100
AcDbLine
 10
129.2510000000000048
 20
-64.8389999999999986
 30
0
 11
129.2319699999999898
 21
-64.9346709999999945
 31
0
  0
LINE
  5
6D3
330
1A
100
AcDbEntity
  8
F.Paste
  6
CONTINUOUS
100
AcDbLine
 10
129.2319699999999898
 20
-64.9346709999999945
 30
0
 11
129.1777769999999919
 21
-65.0157769999999999
 31
0
  0
LINE
  5
6D4
330
1A
100
AcDbEntity
  8
F.Paste
  6
CONTINUOUS
100
AcDbLine
 10
129.1777769999999919
 20
-65.0157769999999999
 30
0
 11
129.0966709999999864
 21
-65.0699699999999979
 31
0
  0
LINE
  5
6D5
330
1A
100
AcDbEntity
  8
F.Paste
  6
CONTINUOUS
100
AcDbLine
 10
129.0966709999999864
 20
-65.0699699999999979
 30
0
 11
129.0010000000000048
 21
-65.0889999999999986
 31
0
  0
LINE
  5
6D6
330
1A
100
AcDbEntity
  8
F.Paste
  6
CONTINUOUS
100
AcDbLine
 10
129.0010000000000048
 20
-65.0889999999999986
 30
0
 11
128.4759999999999991
 21
-65.0889999999999986
 31
0
  0
LINE
  5
6D7
330
1A
100
AcDbEntity
  8
F.Paste
  6
CONTINUOUS
100
AcDbLine
 10
128.4759999999999991
 20
-65.0889999999999986
 30
0
 11
128.380328999999989
 21
-65.0699699999999979
 31
0
  0
LINE
  5
6D8
330
1A
100
AcDbEntity
  8
F.Paste
  6
CONTINUOUS
100
AcDbLine
 10
128.380328999999989
 20
-65.0699699999999979
 30
0
 11
128.2992229999999836
 21
-65.0157769999999999
 31
0
  0
LINE
  5
6D9
330
1A
100
AcDbEntity
  8
F.Paste
  6
CONTINUOUS
100
AcDbLine
 10
128.2992229999999836
 20
-65.0157769999999999
 30
0
 11
128.2450299999999856
 21
-64.9346709999999945
 31
0
  0
LINE
  5
6DA
330
1A
100
AcDbEntity
  8
F.Paste
  6
CONTINUOUS
100
AcDbLine
 10
128.2450299999999856
 20
-64.9346709999999945
 30
0
 11
128.2259999999999991
 21
-64.8389999999999986
 31
0
  0
LINE
  5
6DB
330
1A
100
AcDbEntity
  8
F.Paste
  6
CONTINUOUS
100
AcDbLine
 10
128.2259999999999991
 20
-64.8389999999999986
 30
0
 11
128.2259999999999991
 21
-63.9390000000000001
 31
0
  0
LINE
  5
6DC
330
1A
100
AcDbEntity
  8
F.Paste
  6
CONTINUOUS
100
AcDbLine
 10
128.2259999999999991
 20
-63.9390000000000001
 30
0
 11
128.2450299999999856
 21
-63.8433289999999971
 31
0
  0
LINE
  5
6DD
330
1A
100
AcDbEntity
  8
F.Paste
  6
CONTINUOUS
100
AcDbLine
 10
128.2450299999999856
 20
-63.8433289999999971
 30
0
 11
128.2992229999999836
 21
-63.7622229999999988
 31
0
  0
LINE
  5
6DE
330
1A
100
AcDbEntity
  8
F.Paste
  6
CONTINUOUS
100
AcDbLine
 10
128.2992229999999836
 20
-63.7622229999999988
 30
0
 11
128.380328999999989
 21
-63.7080299999999937
 31
0
  0
LINE
  5
6DF
330
1A
100
AcDbEntity
  8
F.Paste
  6
CONTINUOUS
100
AcDbLine
 10
128.380328999999989
 20
-63.7080299999999937
 30
0
 11
128.4759999999999991
 21
-63.6890000000000001
 31
0
  0
LINE
  5
6E0
330
1A
100
AcDbEntity
  8
F.Paste
  6
CONTINUOUS
100
AcDbLine
 10
128.4759999999999991
 20
-63.6890000000000001
 30
0
 11
129.0010000000000048
 21
-63.6890000000000001
 31
0
  0
LINE
  5
6E1
330
1A
100
AcDbEntity
  8
F.Paste
  6
CONTINUOUS
100
AcDbLine
 10
129.0010000000000048
 20
-63.6890000000000001
 30
0
 11
129.0966709999999864
 21
-63.7080299999999937
 31
0
  0
LINE
  5
6E2
330
1A
100
AcDbEntity
  8
F.Paste
  6
CONTINUOUS
100
AcDbLine
 10
130.9216710000000035
 20
-63.7080299999999937
 30
0
 11
131.0027769999999805
 21
-63.7622229999999988
 31
0
  0
LINE
  5
6E3
330
1A
100
AcDbEntity
  8
F.Paste
  6
CONTINUOUS
100
AcDbLine
 10
131.0027769999999805
 20
-63.7622229999999988
 30
0
 11
131.0569700000000068
 21
-63.8433289999999971
 31
0
  0
LINE
  5
6E4
330
1A
100
AcDbEntity
  8
F.Paste
  6
CONTINUOUS
100
AcDbLine
 10
131.0569700000000068
 20
-63.8433289999999971
 30
0
 11
131.0759999999999934
 21
-63.9390000000000001
 31
0
  0
LINE
  5
6E5
330
1A
100
AcDbEntity
  8
F.Paste
  6
CONTINUOUS
100
AcDbLine
 10
131.0759999999999934
 20
-63.9390000000000001
 30
0
 11
131.0759999999999934
 21
-64.8389999999999986
 31
0
  0
LINE
  5
6E6
330
1A
100
AcDbEntity
  8
F.Paste
  6
CONTINUOUS
100
AcDbLine
 10
131.0759999999999934
 20
-64.8389999999999986
 30
0
 11
131.0569700000000068
 21
-64.9346709999999945
 31
0
  0
LINE
  5
6E7
330
1A
100
AcDbEntity
  8
F.Paste
  6
CONTINUOUS
100
AcDbLine
 10
131.0569700000000068
 20
-64.9346709999999945
 30
0
 11
131.0027769999999805
 21
-65.0157769999999999
 31
0
  0
LINE
  5
6E8
330
1A
100
AcDbEntity
  8
F.Paste
  6
CONTINUOUS
100
AcDbLine
 10
131.0027769999999805
 20
-65.0157769999999999
 30
0
 11
130.9216710000000035
 21
-65.0699699999999979
 31
0
  0
LINE
  5
6E9
330
1A
100
AcDbEntity
  8
F.Paste
  6
CONTINUOUS
100
AcDbLine
 10
130.9216710000000035
 20
-65.0699699999999979
 30
0
 11
130.8259999999999934
 21
-65.0889999999999986
 31
0
  0
LINE
  5
6EA
330
1A
100
AcDbEntity
  8
F.Paste
  6
CONTINUOUS
100
AcDbLine
 10
130.8259999999999934
 20
-65.0889999999999986
 30
0
 11
130.3009999999999877
 21
-65.0889999999999986
 31
0
  0
LINE
  5
6EB
330
1A
100
AcDbEntity
  8
F.Paste
  6
CONTINUOUS
100
AcDbLine
 10
130.3009999999999877
 20
-65.0889999999999986
 30
0
 11
130.2053290000000061
 21
-65.0699699999999979
 31
0
  0
LINE
  5
6EC
330
1A
100
AcDbEntity
  8
F.Paste
  6
CONTINUOUS
100
AcDbLine
 10
130.2053290000000061
 20
-65.0699699999999979
 30
0
 11
130.1242230000000006
 21
-65.0157769999999999
 31
0
  0
LINE
  5
6ED
330
1A
100
AcDbEntity
  8
F.Paste
  6
CONTINUOUS
100
AcDbLine
 10
130.1242230000000006
 20
-65.0157769999999999
 30
0
 11
130.0700300000000027
 21
-64.9346709999999945
 31
0
  0
LINE
  5
6EE
330
1A
100
AcDbEntity
  8
F.Paste
  6
CONTINUOUS
100
AcDbLine
 10
130.0700300000000027
 20
-64.9346709999999945
 30
0
 11
130.0509999999999877
 21
-64.8389999999999986
 31
0
  0
LINE
  5
6EF
330
1A
100
AcDbEntity
  8
F.Paste
  6
CONTINUOUS
100
AcDbLine
 10
130.0509999999999877
 20
-64.8389999999999986
 30
0
 11
130.0509999999999877
 21
-63.9390000000000001
 31
0
  0
LINE
  5
6F0
330
1A
100
AcDbEntity
  8
F.Paste
  6
CONTINUOUS
100
AcDbLine
 10
130.0509999999999877
 20
-63.9390000000000001
 30
0
 11
130.0700300000000027
 21
-63.8433289999999971
 31
0
  0
LINE
  5
6F1
330
1A
100
AcDbEntity
  8
F.Paste
  6
CONTINUOUS
100
AcDbLine
 10
130.0700300000000027
 20
-63.8433289999999971
 30
0
 11
130.1242230000000006
 21
-63.7622229999999988
 31
0
  0
LINE
  5
6F2
330
1A
100
AcDbEntity
  8
F.Paste
  6
CONTINUOUS
100
AcDbLine
 10
130.1242230000000006
 20
-63.7622229999999988
 30
0
 11
130.2053290000000061
 21
-63.7080299999999937
 31
0
  0
LINE
  5
6F3
330
1A
100
AcDbEntity
  8
F.Paste
  6
CONTINUOUS
100
AcDbLine
 10
130.2053290000000061
 20
-63.7080299999999937
 30
0
 11
130.3009999999999877
 21
-63.6890000000000001
 31
0
  0
LINE
  5
6F4
330
1A
100
AcDbEntity
  8
F.Paste
  6
CONTINUOUS
100
AcDbLine
 10
130.3009999999999877
 20
-63.6890000000000001
 30
0
 11
130.8259999999999934
 21
-63.6890000000000001
 31
0
  0
LINE
  5
6F5
330
1A
100
AcDbEntity
  8
F.Paste
  6
CONTINUOUS
100
AcDbLine
 10
130.8259999999999934
 20
-63.6890000000000001
 30
0
 11
130.9216710000000035
 21
-63.7080299999999937
 31
0
  0
LINE
  5
6F6
330
1A
100
AcDbEntity
  8
F.Paste
  6
CONTINUOUS
100
AcDbLine
 10
102.0958029999999894
 20
-64.1494179999999972
 30
0
 11
102.1444659999999942
 21
-64.1819339999999983
 31
0
  0
LINE
  5
6F7
330
1A
100
AcDbEntity
  8
F.Paste
  6
CONTINUOUS
100
AcDbLine
 10
102.1444659999999942
 20
-64.1819339999999983
 30
0
 11
102.1769819999999953
 21
-64.230597000000003
 31
0
  0
LINE
  5
6F8
330
1A
100
AcDbEntity
  8
F.Paste
  6
CONTINUOUS
100
AcDbLine
 10
102.1769819999999953
 20
-64.230597000000003
 30
0
 11
102.1884000000000015
 21
-64.2879999999999967
 31
0
  0
LINE
  5
6F9
330
1A
100
AcDbEntity
  8
F.Paste
  6
CONTINUOUS
100
AcDbLine
 10
102.1884000000000015
 20
-64.2879999999999967
 30
0
 11
102.1884000000000015
 21
-64.5879999999999939
 31
0
  0
LINE
  5
6FA
330
1A
100
AcDbEntity
  8
F.Paste
  6
CONTINUOUS
100
AcDbLine
 10
102.1884000000000015
 20
-64.5879999999999939
 30
0
 11
102.1769819999999953
 21
-64.6454030000000017
 31
0
  0
LINE
  5
6FB
330
1A
100
AcDbEntity
  8
F.Paste
  6
CONTINUOUS
100
AcDbLine
 10
102.1769819999999953
 20
-64.6454030000000017
 30
0
 11
102.1444659999999942
 21
-64.6940659999999923
 31
0
  0
LINE
  5
6FC
330
1A
100
AcDbEntity
  8
F.Paste
  6
CONTINUOUS
100
AcDbLine
 10
102.1444659999999942
 20
-64.6940659999999923
 30
0
 11
102.0958029999999894
 21
-64.7265819999999934
 31
0
  0
LINE
  5
6FD
330
1A
100
AcDbEntity
  8
F.Paste
  6
CONTINUOUS
100
AcDbLine
 10
102.0958029999999894
 20
-64.7265819999999934
 30
0
 11
102.0383999999999958
 21
-64.7379999999999995
 31
0
  0
LINE
  5
6FE
330
1A
100
AcDbEntity
  8
F.Paste
  6
CONTINUOUS
100
AcDbLine
 10
102.0383999999999958
 20
-64.7379999999999995
 30
0
 11
101.4384000000000015
 21
-64.7379999999999995
 31
0
  0
LINE
  5
6FF
330
1A
100
AcDbEntity
  8
F.Paste
  6
CONTINUOUS
100
AcDbLine
 10
101.4384000000000015
 20
-64.7379999999999995
 30
0
 11
101.3809969999999936
 21
-64.7265819999999934
 31
0
  0
LINE
  5
700
330
1A
100
AcDbEntity
  8
F.Paste
  6
CONTINUOUS
100
AcDbLine
 10
101.3809969999999936
 20
-64.7265819999999934
 30
0
 11
101.3323339999999888
 21
-64.6940659999999923
 31
0
  0
LINE
  5
701
330
1A
100
AcDbEntity
  8
F.Paste
  6
CONTINUOUS
100
AcDbLine
 10
101.3323339999999888
 20
-64.6940659999999923
 30
0
 11
101.2998180000000019
 21
-64.6454030000000017
 31
0
  0
LINE
  5
702
330
1A
100
AcDbEntity
  8
F.Paste
  6
CONTINUOUS
100
AcDbLine
 10
101.2998180000000019
 20
-64.6454030000000017
 30
0
 11
101.2883999999999958
 21
-64.5879999999999939
 31
0
  0
LINE
  5
703
330
1A
100
AcDbEntity
  8
F.Paste
  6
CONTINUOUS
100
AcDbLine
 10
101.2883999999999958
 20
-64.5879999999999939
 30
0
 11
101.2883999999999958
 21
-64.2879999999999967
 31
0
  0
LINE
  5
704
330
1A
100
AcDbEntity
  8
F.Paste
  6
CONTINUOUS
100
AcDbLine
 10
101.2883999999999958
 20
-64.2879999999999967
 30
0
 11
101.2998180000000019
 21
-64.230597000000003
 31
0
  0
LINE
  5
705
330
1A
100
AcDbEntity
  8
F.Paste
  6
CONTINUOUS
100
AcDbLine
 10
101.2998180000000019
 20
-64.230597000000003
 30
0
 11
101.3323339999999888
 21
-64.1819339999999983
 31
0
  0
LINE
  5
706
330
1A
100
AcDbEntity
  8
F.Paste
  6
CONTINUOUS
100
AcDbLine
 10
101.3323339999999888
 20
-64.1819339999999983
 30
0
 11
101.3809969999999936
 21
-64.1494179999999972
 31
0
  0
LINE
  5
707
330
1A
100
AcDbEntity
  8
F.Paste
  6
CONTINUOUS
100
AcDbLine
 10
101.3809969999999936
 20
-64.1494179999999972
 30
0
 11
101.4384000000000015
 21
-64.137999999999991
 31
0
  0
LINE
  5
708
330
1A
100
AcDbEntity
  8
F.Paste
  6
CONTINUOUS
100
AcDbLine
 10
101.4384000000000015
 20
-64.137999999999991
 30
0
 11
102.0383999999999958
 21
-64.137999999999991
 31
0
  0
LINE
  5
709
330
1A
100
AcDbEntity
  8
F.Paste
  6
CONTINUOUS
100
AcDbLine
 10
102.0383999999999958
 20
-64.137999999999991
 30
0
 11
102.0958029999999894
 21
-64.1494179999999972
 31
0
  0
LINE
  5
70A
330
1A
100
AcDbEntity
  8
F.Paste
  6
CONTINUOUS
100
AcDbLine
 10
103.2458029999999951
 20
-64.1494179999999972
 30
0
 11
103.2944659999999999
 21
-64.1819339999999983
 31
0
  0
LINE
  5
70B
330
1A
100
AcDbEntity
  8
F.Paste
  6
CONTINUOUS
100
AcDbLine
 10
103.2944659999999999
 20
-64.1819339999999983
 30
0
 11
103.326982000000001
 21
-64.230597000000003
 31
0
  0
LINE
  5
70C
330
1A
100
AcDbEntity
  8
F.Paste
  6
CONTINUOUS
100
AcDbLine
 10
103.326982000000001
 20
-64.230597000000003
 30
0
 11
103.3383999999999929
 21
-64.2879999999999967
 31
0
  0
LINE
  5
70D
330
1A
100
AcDbEntity
  8
F.Paste
  6
CONTINUOUS
100
AcDbLine
 10
103.3383999999999929
 20
-64.2879999999999967
 30
0
 11
103.3383999999999929
 21
-64.5879999999999939
 31
0
  0
LINE
  5
70E
330
1A
100
AcDbEntity
  8
F.Paste
  6
CONTINUOUS
100
AcDbLine
 10
103.3383999999999929
 20
-64.5879999999999939
 30
0
 11
103.326982000000001
 21
-64.6454030000000017
 31
0
  0
LINE
  5
70F
330
1A
100
AcDbEntity
  8
F.Paste
  6
CONTINUOUS
100
AcDbLine
 10
103.326982000000001
 20
-64.6454030000000017
 30
0
 11
103.2944659999999999
 21
-64.6940659999999923
 31
0
  0
LINE
  5
710
330
1A
100
AcDbEntity
  8
F.Paste
  6
CONTINUOUS
100
AcDbLine
 10
103.2944659999999999
 20
-64.6940659999999923
 30
0
 11
103.2458029999999951
 21
-64.7265819999999934
 31
0
  0
LINE
  5
711
330
1A
100
AcDbEntity
  8
F.Paste
  6
CONTINUOUS
100
AcDbLine
 10
103.2458029999999951
 20
-64.7265819999999934
 30
0
 11
103.1884000000000015
 21
-64.7379999999999995
 31
0
  0
LINE
  5
712
330
1A
100
AcDbEntity
  8
F.Paste
  6
CONTINUOUS
100
AcDbLine
 10
103.1884000000000015
 20
-64.7379999999999995
 30
0
 11
102.5883999999999929
 21
-64.7379999999999995
 31
0
  0
LINE
  5
713
330
1A
100
AcDbEntity
  8
F.Paste
  6
CONTINUOUS
100
AcDbLine
 10
102.5883999999999929
 20
-64.7379999999999995
 30
0
 11
102.5309969999999993
 21
-64.7265819999999934
 31
0
  0
LINE
  5
714
330
1A
100
AcDbEntity
  8
F.Paste
  6
CONTINUOUS
100
AcDbLine
 10
102.5309969999999993
 20
-64.7265819999999934
 30
0
 11
102.4823339999999945
 21
-64.6940659999999923
 31
0
  0
LINE
  5
715
330
1A
100
AcDbEntity
  8
F.Paste
  6
CONTINUOUS
100
AcDbLine
 10
102.4823339999999945
 20
-64.6940659999999923
 30
0
 11
102.4498179999999934
 21
-64.6454030000000017
 31
0
  0
LINE
  5
716
330
1A
100
AcDbEntity
  8
F.Paste
  6
CONTINUOUS
100
AcDbLine
 10
102.4498179999999934
 20
-64.6454030000000017
 30
0
 11
102.4384000000000015
 21
-64.5879999999999939
 31
0
  0
LINE
  5
717
330
1A
100
AcDbEntity
  8
F.Paste
  6
CONTINUOUS
100
AcDbLine
 10
102.4384000000000015
 20
-64.5879999999999939
 30
0
 11
102.4384000000000015
 21
-64.2879999999999967
 31
0
  0
LINE
  5
718
330
1A
100
AcDbEntity
  8
F.Paste
  6
CONTINUOUS
100
AcDbLine
 10
102.4384000000000015
 20
-64.2879999999999967
 30
0
 11
102.4498179999999934
 21
-64.230597000000003
 31
0
  0
LINE
  5
719
330
1A
100
AcDbEntity
  8
F.Paste
  6
CONTINUOUS
100
AcDbLine
 10
102.4498179999999934
 20
-64.230597000000003
 30
0
 11
102.4823339999999945
 21
-64.1819339999999983
 31
0
  0
LINE
  5
71A
330
1A
100
AcDbEntity
  8
F.Paste
  6
CONTINUOUS
100
AcDbLine
 10
102.4823339999999945
 20
-64.1819339999999983
 30
0
 11
102.5309969999999993
 21
-64.1494179999999972
 31
0
  0
LINE
  5
71B
330
1A
100
AcDbEntity
  8
F.Paste
  6
CONTINUOUS
100
AcDbLine
 10
102.5309969999999993
 20
-64.1494179999999972
 30
0
 11
102.5883999999999929
 21
-64.137999999999991
 31
0
  0
LINE
  5
71C
330
1A
100
AcDbEntity
  8
F.Paste
  6
CONTINUOUS
100
AcDbLine
 10
102.5883999999999929
 20
-64.137999999999991
 30
0
 11
103.1884000000000015
 21
-64.137999999999991
 31
0
  0
LINE
  5
71D
330
1A
100
AcDbEntity
  8
F.Paste
  6
CONTINUOUS
100
AcDbLine
 10
103.1884000000000015
 20
-64.137999999999991
 30
0
 11
103.2458029999999951
 21
-64.1494179999999972
 31
0
  0
LINE
  5
71E
330
1A
100
AcDbEntity
  8
F.Paste
  6
CONTINUOUS
100
AcDbLine
 10
104.3958030000000008
 20
-64.1494179999999972
 30
0
 11
104.4444659999999914
 21
-64.1819339999999983
 31
0
  0
LINE
  5
71F
330
1A
100
AcDbEntity
  8
F.Paste
  6
CONTINUOUS
100
AcDbLine
 10
104.4444659999999914
 20
-64.1819339999999983
 30
0
 11
104.4769819999999925
 21
-64.230597000000003
 31
0
  0
LINE
  5
720
330
1A
100
AcDbEntity
  8
F.Paste
  6
CONTINUOUS
100
AcDbLine
 10
104.4769819999999925
 20
-64.230597000000003
 30
0
 11
104.4883999999999986
 21
-64.2879999999999967
 31
0
  0
LINE
  5
721
330
1A
100
AcDbEntity
  8
F.Paste
  6
CONTINUOUS
100
AcDbLine
 10
104.4883999999999986
 20
-64.2879999999999967
 30
0
 11
104.4883999999999986
 21
-64.5879999999999939
 31
0
  0
LINE
  5
722
330
1A
100
AcDbEntity
  8
F.Paste
  6
CONTINUOUS
100
AcDbLine
 10
104.4883999999999986
 20
-64.5879999999999939
 30
0
 11
104.4769819999999925
 21
-64.6454030000000017
 31
0
  0
LINE
  5
723
330
1A
100
AcDbEntity
  8
F.Paste
  6
CONTINUOUS
100
AcDbLine
 10
104.4769819999999925
 20
-64.6454030000000017
 30
0
 11
104.4444659999999914
 21
-64.6940659999999923
 31
0
  0
LINE
  5
724
330
1A
100
AcDbEntity
  8
F.Paste
  6
CONTINUOUS
100
AcDbLine
 10
104.4444659999999914
 20
-64.6940659999999923
 30
0
 11
104.3958030000000008
 21
-64.7265819999999934
 31
0
  0
LINE
  5
725
330
1A
100
AcDbEntity
  8
F.Paste
  6
CONTINUOUS
100
AcDbLine
 10
104.3958030000000008
 20
-64.7265819999999934
 30
0
 11
104.3383999999999929
 21
-64.7379999999999995
 31
0
  0
LINE
  5
726
330
1A
100
AcDbEntity
  8
F.Paste
  6
CONTINUOUS
100
AcDbLine
 10
104.3383999999999929
 20
-64.7379999999999995
 30
0
 11
103.7383999999999986
 21
-64.7379999999999995
 31
0
  0
LINE
  5
727
330
1A
100
AcDbEntity
  8
F.Paste
  6
CONTINUOUS
100
AcDbLine
 10
103.7383999999999986
 20
-64.7379999999999995
 30
0
 11
103.6809969999999907
 21
-64.7265819999999934
 31
0
  0
LINE
  5
728
330
1A
100
AcDbEntity
  8
F.Paste
  6
CONTINUOUS
100
AcDbLine
 10
103.6809969999999907
 20
-64.7265819999999934
 30
0
 11
103.6323340000000002
 21
-64.6940659999999923
 31
0
  0
LINE
  5
729
330
1A
100
AcDbEntity
  8
F.Paste
  6
CONTINUOUS
100
AcDbLine
 10
103.6323340000000002
 20
-64.6940659999999923
 30
0
 11
103.5998179999999991
 21
-64.6454030000000017
 31
0
  0
LINE
  5
72A
330
1A
100
AcDbEntity
  8
F.Paste
  6
CONTINUOUS
100
AcDbLine
 10
103.5998179999999991
 20
-64.6454030000000017
 30
0
 11
103.5883999999999929
 21
-64.5879999999999939
 31
0
  0
LINE
  5
72B
330
1A
100
AcDbEntity
  8
F.Paste
  6
CONTINUOUS
100
AcDbLine
 10
103.5883999999999929
 20
-64.5879999999999939
 30
0
 11
103.5883999999999929
 21
-64.2879999999999967
 31
0
  0
LINE
  5
72C
330
1A
100
AcDbEntity
  8
F.Paste
  6
CONTINUOUS
100
AcDbLine
 10
103.5883999999999929
 20
-64.2879999999999967
 30
0
 11
103.5998179999999991
 21
-64.230597000000003
 31
0
  0
LINE
  5
72D
330
1A
100
AcDbEntity
  8
F.Paste
  6
CONTINUOUS
100
AcDbLine
 10
103.5998179999999991
 20
-64.230597000000003
 30
0
 11
103.6323340000000002
 21
-64.1819339999999983
 31
0
  0
LINE
  5
72E
330
1A
100
AcDbEntity
  8
F.Paste
  6
CONTINUOUS
100
AcDbLine
 10
103.6323340000000002
 20
-64.1819339999999983
 30
0
 11
103.6809969999999907
 21
-64.1494179999999972
 31
0
  0
LINE
  5
72F
330
1A
100
AcDbEntity
  8
F.Paste
  6
CONTINUOUS
100
AcDbLine
 10
103.6809969999999907
 20
-64.1494179999999972
 30
0
 11
103.7383999999999986
 21
-64.137999999999991
 31
0
  0
LINE
  5
730
330
1A
100
AcDbEntity
  8
F.Paste
  6
CONTINUOUS
100
AcDbLine
 10
103.7383999999999986
 20
-64.137999999999991
 30
0
 11
104.3383999999999929
 21
-64.137999999999991
 31
0
  0
LINE
  5
731
330
1A
100
AcDbEntity
  8
F.Paste
  6
CONTINUOUS
100
AcDbLine
 10
104.3383999999999929
 20
-64.137999999999991
 30
0
 11
104.3958030000000008
 21
-64.1494179999999972
 31
0
  0
LINE
  5
732
330
1A
100
AcDbEntity
  8
F.Paste
  6
CONTINUOUS
100
AcDbLine
 10
107.8432029999999884
 20
-64.1494179999999972
 30
0
 11
107.8918659999999932
 21
-64.1819339999999983
 31
0
  0
LINE
  5
733
330
1A
100
AcDbEntity
  8
F.Paste
  6
CONTINUOUS
100
AcDbLine
 10
107.8918659999999932
 20
-64.1819339999999983
 30
0
 11
107.9243819999999943
 21
-64.230597000000003
 31
0
  0
LINE
  5
734
330
1A
100
AcDbEntity
  8
F.Paste
  6
CONTINUOUS
100
AcDbLine
 10
107.9243819999999943
 20
-64.230597000000003
 30
0
 11
107.9358000000000004
 21
-64.2879999999999967
 31
0
  0
LINE
  5
735
330
1A
100
AcDbEntity
  8
F.Paste
  6
CONTINUOUS
100
AcDbLine
 10
107.9358000000000004
 20
-64.2879999999999967
 30
0
 11
107.9358000000000004
 21
-64.5879999999999939
 31
0
  0
LINE
  5
736
330
1A
100
AcDbEntity
  8
F.Paste
  6
CONTINUOUS
100
AcDbLine
 10
107.9358000000000004
 20
-64.5879999999999939
 30
0
 11
107.9243819999999943
 21
-64.6454030000000017
 31
0
  0
LINE
  5
737
330
1A
100
AcDbEntity
  8
F.Paste
  6
CONTINUOUS
100
AcDbLine
 10
107.9243819999999943
 20
-64.6454030000000017
 30
0
 11
107.8918659999999932
 21
-64.6940659999999923
 31
0
  0
LINE
  5
738
330
1A
100
AcDbEntity
  8
F.Paste
  6
CONTINUOUS
100
AcDbLine
 10
107.8918659999999932
 20
-64.6940659999999923
 30
0
 11
107.8432029999999884
 21
-64.7265819999999934
 31
0
  0
LINE
  5
739
330
1A
100
AcDbEntity
  8
F.Paste
  6
CONTINUOUS
100
AcDbLine
 10
107.8432029999999884
 20
-64.7265819999999934
 30
0
 11
107.7857999999999947
 21
-64.7379999999999995
 31
0
  0
LINE
  5
73A
330
1A
100
AcDbEntity
  8
F.Paste
  6
CONTINUOUS
100
AcDbLine
 10
107.7857999999999947
 20
-64.7379999999999995
 30
0
 11
107.1858000000000004
 21
-64.7379999999999995
 31
0
  0
LINE
  5
73B
330
1A
100
AcDbEntity
  8
F.Paste
  6
CONTINUOUS
100
AcDbLine
 10
107.1858000000000004
 20
-64.7379999999999995
 30
0
 11
107.1283969999999925
 21
-64.7265819999999934
 31
0
  0
LINE
  5
73C
330
1A
100
AcDbEntity
  8
F.Paste
  6
CONTINUOUS
100
AcDbLine
 10
107.1283969999999925
 20
-64.7265819999999934
 30
0
 11
107.079734000000002
 21
-64.6940659999999923
 31
0
  0
LINE
  5
73D
330
1A
100
AcDbEntity
  8
F.Paste
  6
CONTINUOUS
100
AcDbLine
 10
107.079734000000002
 20
-64.6940659999999923
 30
0
 11
107.0472180000000009
 21
-64.6454030000000017
 31
0
  0
LINE
  5
73E
330
1A
100
AcDbEntity
  8
F.Paste
  6
CONTINUOUS
100
AcDbLine
 10
107.0472180000000009
 20
-64.6454030000000017
 30
0
 11
107.0357999999999947
 21
-64.5879999999999939
 31
0
  0
LINE
  5
73F
330
1A
100
AcDbEntity
  8
F.Paste
  6
CONTINUOUS
100
AcDbLine
 10
107.0357999999999947
 20
-64.5879999999999939
 30
0
 11
107.0357999999999947
 21
-64.2879999999999967
 31
0
  0
LINE
  5
740
330
1A
100
AcDbEntity
  8
F.Paste
  6
CONTINUOUS
100
AcDbLine
 10
107.0357999999999947
 20
-64.2879999999999967
 30
0
 11
107.0472180000000009
 21
-64.230597000000003
 31
0
  0
LINE
  5
741
330
1A
100
AcDbEntity
  8
F.Paste
  6
CONTINUOUS
100
AcDbLine
 10
107.0472180000000009
 20
-64.230597000000003
 30
0
 11
107.079734000000002
 21
-64.1819339999999983
 31
0
  0
LINE
  5
742
330
1A
100
AcDbEntity
  8
F.Paste
  6
CONTINUOUS
100
AcDbLine
 10
107.079734000000002
 20
-64.1819339999999983
 30
0
 11
107.1283969999999925
 21
-64.1494179999999972
 31
0
  0
LINE
  5
743
330
1A
100
AcDbEntity
  8
F.Paste
  6
CONTINUOUS
100
AcDbLine
 10
107.1283969999999925
 20
-64.1494179999999972
 30
0
 11
107.1858000000000004
 21
-64.137999999999991
 31
0
  0
LINE
  5
744
330
1A
100
AcDbEntity
  8
F.Paste
  6
CONTINUOUS
100
AcDbLine
 10
107.1858000000000004
 20
-64.137999999999991
 30
0
 11
107.7857999999999947
 21
-64.137999999999991
 31
0
  0
LINE
  5
745
330
1A
100
AcDbEntity
  8
F.Paste
  6
CONTINUOUS
100
AcDbLine
 10
107.7857999999999947
 20
-64.137999999999991
 30
0
 11
107.8432029999999884
 21
-64.1494179999999972
 31
0
  0
LINE
  5
746
330
1A
100
AcDbEntity
  8
F.Paste
  6
CONTINUOUS
100
AcDbLine
 10
108.9932029999999941
 20
-64.1494179999999972
 30
0
 11
109.0418659999999988
 21
-64.1819339999999983
 31
0
  0
LINE
  5
747
330
1A
100
AcDbEntity
  8
F.Paste
  6
CONTINUOUS
100
AcDbLine
 10
109.0418659999999988
 20
-64.1819339999999983
 30
0
 11
109.0743819999999999
 21
-64.230597000000003
 31
0
  0
LINE
  5
748
330
1A
100
AcDbEntity
  8
F.Paste
  6
CONTINUOUS
100
AcDbLine
 10
109.0743819999999999
 20
-64.230597000000003
 30
0
 11
109.0857999999999919
 21
-64.2879999999999967
 31
0
  0
LINE
  5
749
330
1A
100
AcDbEntity
  8
F.Paste
  6
CONTINUOUS
100
AcDbLine
 10
109.0857999999999919
 20
-64.2879999999999967
 30
0
 11
109.0857999999999919
 21
-64.5879999999999939
 31
0
  0
LINE
  5
74A
330
1A
100
AcDbEntity
  8
F.Paste
  6
CONTINUOUS
100
AcDbLine
 10
109.0857999999999919
 20
-64.5879999999999939
 30
0
 11
109.0743819999999999
 21
-64.6454030000000017
 31
0
  0
LINE
  5
74B
330
1A
100
AcDbEntity
  8
F.Paste
  6
CONTINUOUS
100
AcDbLine
 10
109.0743819999999999
 20
-64.6454030000000017
 30
0
 11
109.0418659999999988
 21
-64.6940659999999923
 31
0
  0
LINE
  5
74C
330
1A
100
AcDbEntity
  8
F.Paste
  6
CONTINUOUS
100
AcDbLine
 10
109.0418659999999988
 20
-64.6940659999999923
 30
0
 11
108.9932029999999941
 21
-64.7265819999999934
 31
0
  0
LINE
  5
74D
330
1A
100
AcDbEntity
  8
F.Paste
  6
CONTINUOUS
100
AcDbLine
 10
108.9932029999999941
 20
-64.7265819999999934
 30
0
 11
108.9358000000000004
 21
-64.7379999999999995
 31
0
  0
LINE
  5
74E
330
1A
100
AcDbEntity
  8
F.Paste
  6
CONTINUOUS
100
AcDbLine
 10
108.9358000000000004
 20
-64.7379999999999995
 30
0
 11
108.3357999999999919
 21
-64.7379999999999995
 31
0
  0
LINE
  5
74F
330
1A
100
AcDbEntity
  8
F.Paste
  6
CONTINUOUS
100
AcDbLine
 10
108.3357999999999919
 20
-64.7379999999999995
 30
0
 11
108.2783969999999982
 21
-64.7265819999999934
 31
0
  0
LINE
  5
750
330
1A
100
AcDbEntity
  8
F.Paste
  6
CONTINUOUS
100
AcDbLine
 10
108.2783969999999982
 20
-64.7265819999999934
 30
0
 11
108.2297339999999934
 21
-64.6940659999999923
 31
0
  0
LINE
  5
751
330
1A
100
AcDbEntity
  8
F.Paste
  6
CONTINUOUS
100
AcDbLine
 10
108.2297339999999934
 20
-64.6940659999999923
 30
0
 11
108.1972179999999923
 21
-64.6454030000000017
 31
0
  0
LINE
  5
752
330
1A
100
AcDbEntity
  8
F.Paste
  6
CONTINUOUS
100
AcDbLine
 10
108.1972179999999923
 20
-64.6454030000000017
 30
0
 11
108.1858000000000004
 21
-64.5879999999999939
 31
0
  0
LINE
  5
753
330
1A
100
AcDbEntity
  8
F.Paste
  6
CONTINUOUS
100
AcDbLine
 10
108.1858000000000004
 20
-64.5879999999999939
 30
0
 11
108.1858000000000004
 21
-64.2879999999999967
 31
0
  0
LINE
  5
754
330
1A
100
AcDbEntity
  8
F.Paste
  6
CONTINUOUS
100
AcDbLine
 10
108.1858000000000004
 20
-64.2879999999999967
 30
0
 11
108.1972179999999923
 21
-64.230597000000003
 31
0
  0
LINE
  5
755
330
1A
100
AcDbEntity
  8
F.Paste
  6
CONTINUOUS
100
AcDbLine
 10
108.1972179999999923
 20
-64.230597000000003
 30
0
 11
108.2297339999999934
 21
-64.1819339999999983
 31
0
  0
LINE
  5
756
330
1A
100
AcDbEntity
  8
F.Paste
  6
CONTINUOUS
100
AcDbLine
 10
108.2297339999999934
 20
-64.1819339999999983
 30
0
 11
108.2783969999999982
 21
-64.1494179999999972
 31
0
  0
LINE
  5
757
330
1A
100
AcDbEntity
  8
F.Paste
  6
CONTINUOUS
100
AcDbLine
 10
108.2783969999999982
 20
-64.1494179999999972
 30
0
 11
108.3357999999999919
 21
-64.137999999999991
 31
0
  0
LINE
  5
758
330
1A
100
AcDbEntity
  8
F.Paste
  6
CONTINUOUS
100
AcDbLine
 10
108.3357999999999919
 20
-64.137999999999991
 30
0
 11
108.9358000000000004
 21
-64.137999999999991
 31
0
  0
LINE
  5
759
330
1A
100
AcDbEntity
  8
F.Paste
  6
CONTINUOUS
100
AcDbLine
 10
108.9358000000000004
 20
-64.137999999999991
 30
0
 11
108.9932029999999941
 21
-64.1494179999999972
 31
0
  0
LINE
  5
75A
330
1A
100
AcDbEntity
  8
F.Paste
  6
CONTINUOUS
100
AcDbLine
 10
110.1432029999999997
 20
-64.1494179999999972
 30
0
 11
110.1918659999999903
 21
-64.1819339999999983
 31
0
  0
LINE
  5
75B
330
1A
100
AcDbEntity
  8
F.Paste
  6
CONTINUOUS
100
AcDbLine
 10
110.1918659999999903
 20
-64.1819339999999983
 30
0
 11
110.2243819999999914
 21
-64.230597000000003
 31
0
  0
LINE
  5
75C
330
1A
100
AcDbEntity
  8
F.Paste
  6
CONTINUOUS
100
AcDbLine
 10
110.2243819999999914
 20
-64.230597000000003
 30
0
 11
110.2357999999999976
 21
-64.2879999999999967
 31
0
  0
LINE
  5
75D
330
1A
100
AcDbEntity
  8
F.Paste
  6
CONTINUOUS
100
AcDbLine
 10
110.2357999999999976
 20
-64.2879999999999967
 30
0
 11
110.2357999999999976
 21
-64.5879999999999939
 31
0
  0
LINE
  5
75E
330
1A
100
AcDbEntity
  8
F.Paste
  6
CONTINUOUS
100
AcDbLine
 10
110.2357999999999976
 20
-64.5879999999999939
 30
0
 11
110.2243819999999914
 21
-64.6454030000000017
 31
0
  0
LINE
  5
75F
330
1A
100
AcDbEntity
  8
F.Paste
  6
CONTINUOUS
100
AcDbLine
 10
110.2243819999999914
 20
-64.6454030000000017
 30
0
 11
110.1918659999999903
 21
-64.6940659999999923
 31
0
  0
LINE
  5
760
330
1A
100
AcDbEntity
  8
F.Paste
  6
CONTINUOUS
100
AcDbLine
 10
110.1918659999999903
 20
-64.6940659999999923
 30
0
 11
110.1432029999999997
 21
-64.7265819999999934
 31
0
  0
LINE
  5
761
330
1A
100
AcDbEntity
  8
F.Paste
  6
CONTINUOUS
100
AcDbLine
 10
110.1432029999999997
 20
-64.7265819999999934
 30
0
 11
110.0857999999999919
 21
-64.7379999999999995
 31
0
  0
LINE
  5
762
330
1A
100
AcDbEntity
  8
F.Paste
  6
CONTINUOUS
100
AcDbLine
 10
110.0857999999999919
 20
-64.7379999999999995
 30
0
 11
109.4857999999999976
 21
-64.7379999999999995
 31
0
  0
LINE
  5
763
330
1A
100
AcDbEntity
  8
F.Paste
  6
CONTINUOUS
100
AcDbLine
 10
109.4857999999999976
 20
-64.7379999999999995
 30
0
 11
109.4283969999999897
 21
-64.7265819999999934
 31
0
  0
LINE
  5
764
330
1A
100
AcDbEntity
  8
F.Paste
  6
CONTINUOUS
100
AcDbLine
 10
109.4283969999999897
 20
-64.7265819999999934
 30
0
 11
109.3797339999999991
 21
-64.6940659999999923
 31
0
  0
LINE
  5
765
330
1A
100
AcDbEntity
  8
F.Paste
  6
CONTINUOUS
100
AcDbLine
 10
109.3797339999999991
 20
-64.6940659999999923
 30
0
 11
109.347217999999998
 21
-64.6454030000000017
 31
0
  0
LINE
  5
766
330
1A
100
AcDbEntity
  8
F.Paste
  6
CONTINUOUS
100
AcDbLine
 10
109.347217999999998
 20
-64.6454030000000017
 30
0
 11
109.3357999999999919
 21
-64.5879999999999939
 31
0
  0
LINE
  5
767
330
1A
100
AcDbEntity
  8
F.Paste
  6
CONTINUOUS
100
AcDbLine
 10
109.3357999999999919
 20
-64.5879999999999939
 30
0
 11
109.3357999999999919
 21
-64.2879999999999967
 31
0
  0
LINE
  5
768
330
1A
100
AcDbEntity
  8
F.Paste
  6
CONTINUOUS
100
AcDbLine
 10
109.3357999999999919
 20
-64.2879999999999967
 30
0
 11
109.347217999999998
 21
-64.230597000000003
 31
0
  0
LINE
  5
769
330
1A
100
AcDbEntity
  8
F.Paste
  6
CONTINUOUS
100
AcDbLine
 10
109.347217999999998
 20
-64.230597000000003
 30
0
 11
109.3797339999999991
 21
-64.1819339999999983
 31
0
  0
LINE
  5
76A
330
1A
100
AcDbEntity
  8
F.Paste
  6
CONTINUOUS
100
AcDbLine
 10
109.3797339999999991
 20
-64.1819339999999983
 30
0
 11
109.4283969999999897
 21
-64.1494179999999972
 31
0
  0
LINE
  5
76B
330
1A
100
AcDbEntity
  8
F.Paste
  6
CONTINUOUS
100
AcDbLine
 10
109.4283969999999897
 20
-64.1494179999999972
 30
0
 11
109.4857999999999976
 21
-64.137999999999991
 31
0
  0
LINE
  5
76C
330
1A
100
AcDbEntity
  8
F.Paste
  6
CONTINUOUS
100
AcDbLine
 10
109.4857999999999976
 20
-64.137999999999991
 30
0
 11
110.0857999999999919
 21
-64.137999999999991
 31
0
  0
LINE
  5
76D
330
1A
100
AcDbEntity
  8
F.Paste
  6
CONTINUOUS
100
AcDbLine
 10
110.0857999999999919
 20
-64.137999999999991
 30
0
 11
110.1432029999999997
 21
-64.1494179999999972
 31
0
  0
LINE
  5
76E
330
1A
100
AcDbEntity
  8
F.Paste
  6
CONTINUOUS
100
AcDbLine
 10
102.0958029999999894
 20
-63.2994179999999957
 30
0
 11
102.1444659999999942
 21
-63.3319339999999968
 31
0
  0
LINE
  5
76F
330
1A
100
AcDbEntity
  8
F.Paste
  6
CONTINUOUS
100
AcDbLine
 10
102.1444659999999942
 20
-63.3319339999999968
 30
0
 11
102.1769819999999953
 21
-63.3805969999999945
 31
0
  0
LINE
  5
770
330
1A
100
AcDbEntity
  8
F.Paste
  6
CONTINUOUS
100
AcDbLine
 10
102.1769819999999953
 20
-63.3805969999999945
 30
0
 11
102.1884000000000015
 21
-63.4379999999999953
 31
0
  0
LINE
  5
771
330
1A
100
AcDbEntity
  8
F.Paste
  6
CONTINUOUS
100
AcDbLine
 10
102.1884000000000015
 20
-63.4379999999999953
 30
0
 11
102.1884000000000015
 21
-63.7379999999999995
 31
0
  0
LINE
  5
772
330
1A
100
AcDbEntity
  8
F.Paste
  6
CONTINUOUS
100
AcDbLine
 10
102.1884000000000015
 20
-63.7379999999999995
 30
0
 11
102.1769819999999953
 21
-63.7954030000000003
 31
0
  0
LINE
  5
773
330
1A
100
AcDbEntity
  8
F.Paste
  6
CONTINUOUS
100
AcDbLine
 10
102.1769819999999953
 20
-63.7954030000000003
 30
0
 11
102.1444659999999942
 21
-63.844065999999998
 31
0
  0
LINE
  5
774
330
1A
100
AcDbEntity
  8
F.Paste
  6
CONTINUOUS
100
AcDbLine
 10
102.1444659999999942
 20
-63.844065999999998
 30
0
 11
102.0958029999999894
 21
-63.8765819999999991
 31
0
  0
LINE
  5
775
330
1A
100
AcDbEntity
  8
F.Paste
  6
CONTINUOUS
100
AcDbLine
 10
102.0958029999999894
 20
-63.8765819999999991
 30
0
 11
102.0383999999999958
 21
-63.8879999999999981
 31
0
  0
LINE
  5
776
330
1A
100
AcDbEntity
  8
F.Paste
  6
CONTINUOUS
100
AcDbLine
 10
102.0383999999999958
 20
-63.8879999999999981
 30
0
 11
101.4384000000000015
 21
-63.8879999999999981
 31
0
  0
LINE
  5
777
330
1A
100
AcDbEntity
  8
F.Paste
  6
CONTINUOUS
100
AcDbLine
 10
101.4384000000000015
 20
-63.8879999999999981
 30
0
 11
101.3809969999999936
 21
-63.8765819999999991
 31
0
  0
LINE
  5
778
330
1A
100
AcDbEntity
  8
F.Paste
  6
CONTINUOUS
100
AcDbLine
 10
101.3809969999999936
 20
-63.8765819999999991
 30
0
 11
101.3323339999999888
 21
-63.844065999999998
 31
0
  0
LINE
  5
779
330
1A
100
AcDbEntity
  8
F.Paste
  6
CONTINUOUS
100
AcDbLine
 10
101.3323339999999888
 20
-63.844065999999998
 30
0
 11
101.2998180000000019
 21
-63.7954030000000003
 31
0
  0
LINE
  5
77A
330
1A
100
AcDbEntity
  8
F.Paste
  6
CONTINUOUS
100
AcDbLine
 10
101.2998180000000019
 20
-63.7954030000000003
 30
0
 11
101.2883999999999958
 21
-63.7379999999999995
 31
0
  0
LINE
  5
77B
330
1A
100
AcDbEntity
  8
F.Paste
  6
CONTINUOUS
100
AcDbLine
 10
101.2883999999999958
 20
-63.7379999999999995
 30
0
 11
101.2883999999999958
 21
-63.4379999999999953
 31
0
  0
LINE
  5
77C
330
1A
100
AcDbEntity
  8
F.Paste
  6
CONTINUOUS
100
AcDbLine
 10
101.2883999999999958
 20
-63.4379999999999953
 30
0
 11
101.2998180000000019
 21
-63.3805969999999945
 31
0
  0
LINE
  5
77D
330
1A
100
AcDbEntity
  8
F.Paste
  6
CONTINUOUS
100
AcDbLine
 10
101.2998180000000019
 20
-63.3805969999999945
 30
0
 11
101.3323339999999888
 21
-63.3319339999999968
 31
0
  0
LINE
  5
77E
330
1A
100
AcDbEntity
  8
F.Paste
  6
CONTINUOUS
100
AcDbLine
 10
101.3323339999999888
 20
-63.3319339999999968
 30
0
 11
101.3809969999999936
 21
-63.2994179999999957
 31
0
  0
LINE
  5
77F
330
1A
100
AcDbEntity
  8
F.Paste
  6
CONTINUOUS
100
AcDbLine
 10
101.3809969999999936
 20
-63.2994179999999957
 30
0
 11
101.4384000000000015
 21
-63.2879999999999967
 31
0
  0
LINE
  5
780
330
1A
100
AcDbEntity
  8
F.Paste
  6
CONTINUOUS
100
AcDbLine
 10
101.4384000000000015
 20
-63.2879999999999967
 30
0
 11
102.0383999999999958
 21
-63.2879999999999967
 31
0
  0
LINE
  5
781
330
1A
100
AcDbEntity
  8
F.Paste
  6
CONTINUOUS
100
AcDbLine
 10
102.0383999999999958
 20
-63.2879999999999967
 30
0
 11
102.0958029999999894
 21
-63.2994179999999957
 31
0
  0
LINE
  5
782
330
1A
100
AcDbEntity
  8
F.Paste
  6
CONTINUOUS
100
AcDbLine
 10
103.2458029999999951
 20
-63.2994179999999957
 30
0
 11
103.2944659999999999
 21
-63.3319339999999968
 31
0
  0
LINE
  5
783
330
1A
100
AcDbEntity
  8
F.Paste
  6
CONTINUOUS
100
AcDbLine
 10
103.2944659999999999
 20
-63.3319339999999968
 30
0
 11
103.326982000000001
 21
-63.3805969999999945
 31
0
  0
LINE
  5
784
330
1A
100
AcDbEntity
  8
F.Paste
  6
CONTINUOUS
100
AcDbLine
 10
103.326982000000001
 20
-63.3805969999999945
 30
0
 11
103.3383999999999929
 21
-63.4379999999999953
 31
0
  0
LINE
  5
785
330
1A
100
AcDbEntity
  8
F.Paste
  6
CONTINUOUS
100
AcDbLine
 10
103.3383999999999929
 20
-63.4379999999999953
 30
0
 11
103.3383999999999929
 21
-63.7379999999999995
 31
0
  0
LINE
  5
786
330
1A
100
AcDbEntity
  8
F.Paste
  6
CONTINUOUS
100
AcDbLine
 10
103.3383999999999929
 20
-63.7379999999999995
 30
0
 11
103.326982000000001
 21
-63.7954030000000003
 31
0
  0
LINE
  5
787
330
1A
100
AcDbEntity
  8
F.Paste
  6
CONTINUOUS
100
AcDbLine
 10
103.326982000000001
 20
-63.7954030000000003
 30
0
 11
103.2944659999999999
 21
-63.844065999999998
 31
0
  0
LINE
  5
788
330
1A
100
AcDbEntity
  8
F.Paste
  6
CONTINUOUS
100
AcDbLine
 10
103.2944659999999999
 20
-63.844065999999998
 30
0
 11
103.2458029999999951
 21
-63.8765819999999991
 31
0
  0
LINE
  5
789
330
1A
100
AcDbEntity
  8
F.Paste
  6
CONTINUOUS
100
AcDbLine
 10
103.2458029999999951
 20
-63.8765819999999991
 30
0
 11
103.1884000000000015
 21
-63.8879999999999981
 31
0
  0
LINE
  5
78A
330
1A
100
AcDbEntity
  8
F.Paste
  6
CONTINUOUS
100
AcDbLine
 10
103.1884000000000015
 20
-63.8879999999999981
 30
0
 11
102.5883999999999929
 21
-63.8879999999999981
 31
0
  0
LINE
  5
78B
330
1A
100
AcDbEntity
  8
F.Paste
  6
CONTINUOUS
100
AcDbLine
 10
102.5883999999999929
 20
-63.8879999999999981
 30
0
 11
102.5309969999999993
 21
-63.8765819999999991
 31
0
  0
LINE
  5
78C
330
1A
100
AcDbEntity
  8
F.Paste
  6
CONTINUOUS
100
AcDbLine
 10
102.5309969999999993
 20
-63.8765819999999991
 30
0
 11
102.4823339999999945
 21
-63.844065999999998
 31
0
  0
LINE
  5
78D
330
1A
100
AcDbEntity
  8
F.Paste
  6
CONTINUOUS
100
AcDbLine
 10
102.4823339999999945
 20
-63.844065999999998
 30
0
 11
102.4498179999999934
 21
-63.7954030000000003
 31
0
  0
LINE
  5
78E
330
1A
100
AcDbEntity
  8
F.Paste
  6
CONTINUOUS
100
AcDbLine
 10
102.4498179999999934
 20
-63.7954030000000003
 30
0
 11
102.4384000000000015
 21
-63.7379999999999995
 31
0
  0
LINE
  5
78F
330
1A
100
AcDbEntity
  8
F.Paste
  6
CONTINUOUS
100
AcDbLine
 10
102.4384000000000015
 20
-63.7379999999999995
 30
0
 11
102.4384000000000015
 21
-63.4379999999999953
 31
0
  0
LINE
  5
790
330
1A
100
AcDbEntity
  8
F.Paste
  6
CONTINUOUS
100
AcDbLine
 10
102.4384000000000015
 20
-63.4379999999999953
 30
0
 11
102.4498179999999934
 21
-63.3805969999999945
 31
0
  0
LINE
  5
791
330
1A
100
AcDbEntity
  8
F.Paste
  6
CONTINUOUS
100
AcDbLine
 10
102.4498179999999934
 20
-63.3805969999999945
 30
0
 11
102.4823339999999945
 21
-63.3319339999999968
 31
0
  0
LINE
  5
792
330
1A
100
AcDbEntity
  8
F.Paste
  6
CONTINUOUS
100
AcDbLine
 10
102.4823339999999945
 20
-63.3319339999999968
 30
0
 11
102.5309969999999993
 21
-63.2994179999999957
 31
0
  0
LINE
  5
793
330
1A
100
AcDbEntity
  8
F.Paste
  6
CONTINUOUS
100
AcDbLine
 10
102.5309969999999993
 20
-63.2994179999999957
 30
0
 11
102.5883999999999929
 21
-63.2879999999999967
 31
0
  0
LINE
  5
794
330
1A
100
AcDbEntity
  8
F.Paste
  6
CONTINUOUS
100
AcDbLine
 10
102.5883999999999929
 20
-63.2879999999999967
 30
0
 11
103.1884000000000015
 21
-63.2879999999999967
 31
0
  0
LINE
  5
795
330
1A
100
AcDbEntity
  8
F.Paste
  6
CONTINUOUS
100
AcDbLine
 10
103.1884000000000015
 20
-63.2879999999999967
 30
0
 11
103.2458029999999951
 21
-63.2994179999999957
 31
0
  0
LINE
  5
796
330
1A
100
AcDbEntity
  8
F.Paste
  6
CONTINUOUS
100
AcDbLine
 10
104.3958030000000008
 20
-63.2994179999999957
 30
0
 11
104.4444659999999914
 21
-63.3319339999999968
 31
0
  0
LINE
  5
797
330
1A
100
AcDbEntity
  8
F.Paste
  6
CONTINUOUS
100
AcDbLine
 10
104.4444659999999914
 20
-63.3319339999999968
 30
0
 11
104.4769819999999925
 21
-63.3805969999999945
 31
0
  0
LINE
  5
798
330
1A
100
AcDbEntity
  8
F.Paste
  6
CONTINUOUS
100
AcDbLine
 10
104.4769819999999925
 20
-63.3805969999999945
 30
0
 11
104.4883999999999986
 21
-63.4379999999999953
 31
0
  0
LINE
  5
799
330
1A
100
AcDbEntity
  8
F.Paste
  6
CONTINUOUS
100
AcDbLine
 10
104.4883999999999986
 20
-63.4379999999999953
 30
0
 11
104.4883999999999986
 21
-63.7379999999999995
 31
0
  0
LINE
  5
79A
330
1A
100
AcDbEntity
  8
F.Paste
  6
CONTINUOUS
100
AcDbLine
 10
104.4883999999999986
 20
-63.7379999999999995
 30
0
 11
104.4769819999999925
 21
-63.7954030000000003
 31
0
  0
LINE
  5
79B
330
1A
100
AcDbEntity
  8
F.Paste
  6
CONTINUOUS
100
AcDbLine
 10
104.4769819999999925
 20
-63.7954030000000003
 30
0
 11
104.4444659999999914
 21
-63.844065999999998
 31
0
  0
LINE
  5
79C
330
1A
100
AcDbEntity
  8
F.Paste
  6
CONTINUOUS
100
AcDbLine
 10
104.4444659999999914
 20
-63.844065999999998
 30
0
 11
104.3958030000000008
 21
-63.8765819999999991
 31
0
  0
LINE
  5
79D
330
1A
100
AcDbEntity
  8
F.Paste
  6
CONTINUOUS
100
AcDbLine
 10
104.3958030000000008
 20
-63.8765819999999991
 30
0
 11
104.3383999999999929
 21
-63.8879999999999981
 31
0
  0
LINE
  5
79E
330
1A
100
AcDbEntity
  8
F.Paste
  6
CONTINUOUS
100
AcDbLine
 10
104.3383999999999929
 20
-63.8879999999999981
 30
0
 11
103.7383999999999986
 21
-63.8879999999999981
 31
0
  0
LINE
  5
79F
330
1A
100
AcDbEntity
  8
F.Paste
  6
CONTINUOUS
100
AcDbLine
 10
103.7383999999999986
 20
-63.8879999999999981
 30
0
 11
103.6809969999999907
 21
-63.8765819999999991
 31
0
  0
LINE
  5
7A0
330
1A
100
AcDbEntity
  8
F.Paste
  6
CONTINUOUS
100
AcDbLine
 10
103.6809969999999907
 20
-63.8765819999999991
 30
0
 11
103.6323340000000002
 21
-63.844065999999998
 31
0
  0
LINE
  5
7A1
330
1A
100
AcDbEntity
  8
F.Paste
  6
CONTINUOUS
100
AcDbLine
 10
103.6323340000000002
 20
-63.844065999999998
 30
0
 11
103.5998179999999991
 21
-63.7954030000000003
 31
0
  0
LINE
  5
7A2
330
1A
100
AcDbEntity
  8
F.Paste
  6
CONTINUOUS
100
AcDbLine
 10
103.5998179999999991
 20
-63.7954030000000003
 30
0
 11
103.5883999999999929
 21
-63.7379999999999995
 31
0
  0
LINE
  5
7A3
330
1A
100
AcDbEntity
  8
F.Paste
  6
CONTINUOUS
100
AcDbLine
 10
103.5883999999999929
 20
-63.7379999999999995
 30
0
 11
103.5883999999999929
 21
-63.4379999999999953
 31
0
  0
LINE
  5
7A4
330
1A
100
AcDbEntity
  8
F.Paste
  6
CONTINUOUS
100
AcDbLine
 10
103.5883999999999929
 20
-63.4379999999999953
 30
0
 11
103.5998179999999991
 21
-63.3805969999999945
 31
0
  0
LINE
  5
7A5
330
1A
100
AcDbEntity
  8
F.Paste
  6
CONTINUOUS
100
AcDbLine
 10
103.5998179999999991
 20
-63.3805969999999945
 30
0
 11
103.6323340000000002
 21
-63.3319339999999968
 31
0
  0
LINE
  5
7A6
330
1A
100
AcDbEntity
  8
F.Paste
  6
CONTINUOUS
100
AcDbLine
 10
103.6323340000000002
 20
-63.3319339999999968
 30
0
 11
103.6809969999999907
 21
-63.2994179999999957
 31
0
  0
LINE
  5
7A7
330
1A
100
AcDbEntity
  8
F.Paste
  6
CONTINUOUS
100
AcDbLine
 10
103.6809969999999907
 20
-63.2994179999999957
 30
0
 11
103.7383999999999986
 21
-63.2879999999999967
 31
0
  0
LINE
  5
7A8
330
1A
100
AcDbEntity
  8
F.Paste
  6
CONTINUOUS
100
AcDbLine
 10
103.7383999999999986
 20
-63.2879999999999967
 30
0
 11
104.3383999999999929
 21
-63.2879999999999967
 31
0
  0
LINE
  5
7A9
330
1A
100
AcDbEntity
  8
F.Paste
  6
CONTINUOUS
100
AcDbLine
 10
104.3383999999999929
 20
-63.2879999999999967
 30
0
 11
104.3958030000000008
 21
-63.2994179999999957
 31
0
  0
LINE
  5
7AA
330
1A
100
AcDbEntity
  8
F.Paste
  6
CONTINUOUS
100
AcDbLine
 10
107.8432029999999884
 20
-63.2994179999999957
 30
0
 11
107.8918659999999932
 21
-63.3319339999999968
 31
0
  0
LINE
  5
7AB
330
1A
100
AcDbEntity
  8
F.Paste
  6
CONTINUOUS
100
AcDbLine
 10
107.8918659999999932
 20
-63.3319339999999968
 30
0
 11
107.9243819999999943
 21
-63.3805969999999945
 31
0
  0
LINE
  5
7AC
330
1A
100
AcDbEntity
  8
F.Paste
  6
CONTINUOUS
100
AcDbLine
 10
107.9243819999999943
 20
-63.3805969999999945
 30
0
 11
107.9358000000000004
 21
-63.4379999999999953
 31
0
  0
LINE
  5
7AD
330
1A
100
AcDbEntity
  8
F.Paste
  6
CONTINUOUS
100
AcDbLine
 10
107.9358000000000004
 20
-63.4379999999999953
 30
0
 11
107.9358000000000004
 21
-63.7379999999999995
 31
0
  0
LINE
  5
7AE
330
1A
100
AcDbEntity
  8
F.Paste
  6
CONTINUOUS
100
AcDbLine
 10
107.9358000000000004
 20
-63.7379999999999995
 30
0
 11
107.9243819999999943
 21
-63.7954030000000003
 31
0
  0
LINE
  5
7AF
330
1A
100
AcDbEntity
  8
F.Paste
  6
CONTINUOUS
100
AcDbLine
 10
107.9243819999999943
 20
-63.7954030000000003
 30
0
 11
107.8918659999999932
 21
-63.844065999999998
 31
0
  0
LINE
  5
7B0
330
1A
100
AcDbEntity
  8
F.Paste
  6
CONTINUOUS
100
AcDbLine
 10
107.8918659999999932
 20
-63.844065999999998
 30
0
 11
107.8432029999999884
 21
-63.8765819999999991
 31
0
  0
LINE
  5
7B1
330
1A
100
AcDbEntity
  8
F.Paste
  6
CONTINUOUS
100
AcDbLine
 10
107.8432029999999884
 20
-63.8765819999999991
 30
0
 11
107.7857999999999947
 21
-63.8879999999999981
 31
0
  0
LINE
  5
7B2
330
1A
100
AcDbEntity
  8
F.Paste
  6
CONTINUOUS
100
AcDbLine
 10
107.7857999999999947
 20
-63.8879999999999981
 30
0
 11
107.1858000000000004
 21
-63.8879999999999981
 31
0
  0
LINE
  5
7B3
330
1A
100
AcDbEntity
  8
F.Paste
  6
CONTINUOUS
100
AcDbLine
 10
107.1858000000000004
 20
-63.8879999999999981
 30
0
 11
107.1283969999999925
 21
-63.8765819999999991
 31
0
  0
LINE
  5
7B4
330
1A
100
AcDbEntity
  8
F.Paste
  6
CONTINUOUS
100
AcDbLine
 10
107.1283969999999925
 20
-63.8765819999999991
 30
0
 11
107.079734000000002
 21
-63.844065999999998
 31
0
  0
LINE
  5
7B5
330
1A
100
AcDbEntity
  8
F.Paste
  6
CONTINUOUS
100
AcDbLine
 10
107.079734000000002
 20
-63.844065999999998
 30
0
 11
107.0472180000000009
 21
-63.7954030000000003
 31
0
  0
LINE
  5
7B6
330
1A
100
AcDbEntity
  8
F.Paste
  6
CONTINUOUS
100
AcDbLine
 10
107.0472180000000009
 20
-63.7954030000000003
 30
0
 11
107.0357999999999947
 21
-63.7379999999999995
 31
0
  0
LINE
  5
7B7
330
1A
100
AcDbEntity
  8
F.Paste
  6
CONTINUOUS
100
AcDbLine
 10
107.0357999999999947
 20
-63.7379999999999995
 30
0
 11
107.0357999999999947
 21
-63.4379999999999953
 31
0
  0
LINE
  5
7B8
330
1A
100
AcDbEntity
  8
F.Paste
  6
CONTINUOUS
100
AcDbLine
 10
107.0357999999999947
 20
-63.4379999999999953
 30
0
 11
107.0472180000000009
 21
-63.3805969999999945
 31
0
  0
LINE
  5
7B9
330
1A
100
AcDbEntity
  8
F.Paste
  6
CONTINUOUS
100
AcDbLine
 10
107.0472180000000009
 20
-63.3805969999999945
 30
0
 11
107.079734000000002
 21
-63.3319339999999968
 31
0
  0
LINE
  5
7BA
330
1A
100
AcDbEntity
  8
F.Paste
  6
CONTINUOUS
100
AcDbLine
 10
107.079734000000002
 20
-63.3319339999999968
 30
0
 11
107.1283969999999925
 21
-63.2994179999999957
 31
0
  0
LINE
  5
7BB
330
1A
100
AcDbEntity
  8
F.Paste
  6
CONTINUOUS
100
AcDbLine
 10
107.1283969999999925
 20
-63.2994179999999957
 30
0
 11
107.1858000000000004
 21
-63.2879999999999967
 31
0
  0
LINE
  5
7BC
330
1A
100
AcDbEntity
  8
F.Paste
  6
CONTINUOUS
100
AcDbLine
 10
107.1858000000000004
 20
-63.2879999999999967
 30
0
 11
107.7857999999999947
 21
-63.2879999999999967
 31
0
  0
LINE
  5
7BD
330
1A
100
AcDbEntity
  8
F.Paste
  6
CONTINUOUS
100
AcDbLine
 10
107.7857999999999947
 20
-63.2879999999999967
 30
0
 11
107.8432029999999884
 21
-63.2994179999999957
 31
0
  0
LINE
  5
7BE
330
1A
100
AcDbEntity
  8
F.Paste
  6
CONTINUOUS
100
AcDbLine
 10
108.9932029999999941
 20
-63.2994179999999957
 30
0
 11
109.0418659999999988
 21
-63.3319339999999968
 31
0
  0
LINE
  5
7BF
330
1A
100
AcDbEntity
  8
F.Paste
  6
CONTINUOUS
100
AcDbLine
 10
109.0418659999999988
 20
-63.3319339999999968
 30
0
 11
109.0743819999999999
 21
-63.3805969999999945
 31
0
  0
LINE
  5
7C0
330
1A
100
AcDbEntity
  8
F.Paste
  6
CONTINUOUS
100
AcDbLine
 10
109.0743819999999999
 20
-63.3805969999999945
 30
0
 11
109.0857999999999919
 21
-63.4379999999999953
 31
0
  0
LINE
  5
7C1
330
1A
100
AcDbEntity
  8
F.Paste
  6
CONTINUOUS
100
AcDbLine
 10
109.0857999999999919
 20
-63.4379999999999953
 30
0
 11
109.0857999999999919
 21
-63.7379999999999995
 31
0
  0
LINE
  5
7C2
330
1A
100
AcDbEntity
  8
F.Paste
  6
CONTINUOUS
100
AcDbLine
 10
109.0857999999999919
 20
-63.7379999999999995
 30
0
 11
109.0743819999999999
 21
-63.7954030000000003
 31
0
  0
LINE
  5
7C3
330
1A
100
AcDbEntity
  8
F.Paste
  6
CONTINUOUS
100
AcDbLine
 10
109.0743819999999999
 20
-63.7954030000000003
 30
0
 11
109.0418659999999988
 21
-63.844065999999998
 31
0
  0
LINE
  5
7C4
330
1A
100
AcDbEntity
  8
F.Paste
  6
CONTINUOUS
100
AcDbLine
 10
109.0418659999999988
 20
-63.844065999999998
 30
0
 11
108.9932029999999941
 21
-63.8765819999999991
 31
0
  0
LINE
  5
7C5
330
1A
100
AcDbEntity
  8
F.Paste
  6
CONTINUOUS
100
AcDbLine
 10
108.9932029999999941
 20
-63.8765819999999991
 30
0
 11
108.9358000000000004
 21
-63.8879999999999981
 31
0
  0
LINE
  5
7C6
330
1A
100
AcDbEntity
  8
F.Paste
  6
CONTINUOUS
100
AcDbLine
 10
108.9358000000000004
 20
-63.8879999999999981
 30
0
 11
108.3357999999999919
 21
-63.8879999999999981
 31
0
  0
LINE
  5
7C7
330
1A
100
AcDbEntity
  8
F.Paste
  6
CONTINUOUS
100
AcDbLine
 10
108.3357999999999919
 20
-63.8879999999999981
 30
0
 11
108.2783969999999982
 21
-63.8765819999999991
 31
0
  0
LINE
  5
7C8
330
1A
100
AcDbEntity
  8
F.Paste
  6
CONTINUOUS
100
AcDbLine
 10
108.2783969999999982
 20
-63.8765819999999991
 30
0
 11
108.2297339999999934
 21
-63.844065999999998
 31
0
  0
LINE
  5
7C9
330
1A
100
AcDbEntity
  8
F.Paste
  6
CONTINUOUS
100
AcDbLine
 10
108.2297339999999934
 20
-63.844065999999998
 30
0
 11
108.1972179999999923
 21
-63.7954030000000003
 31
0
  0
LINE
  5
7CA
330
1A
100
AcDbEntity
  8
F.Paste
  6
CONTINUOUS
100
AcDbLine
 10
108.1972179999999923
 20
-63.7954030000000003
 30
0
 11
108.1858000000000004
 21
-63.7379999999999995
 31
0
  0
LINE
  5
7CB
330
1A
100
AcDbEntity
  8
F.Paste
  6
CONTINUOUS
100
AcDbLine
 10
108.1858000000000004
 20
-63.7379999999999995
 30
0
 11
108.1858000000000004
 21
-63.4379999999999953
 31
0
  0
LINE
  5
7CC
330
1A
100
AcDbEntity
  8
F.Paste
  6
CONTINUOUS
100
AcDbLine
 10
108.1858000000000004
 20
-63.4379999999999953
 30
0
 11
108.1972179999999923
 21
-63.3805969999999945
 31
0
  0
LINE
  5
7CD
330
1A
100
AcDbEntity
  8
F.Paste
  6
CONTINUOUS
100
AcDbLine
 10
108.1972179999999923
 20
-63.3805969999999945
 30
0
 11
108.2297339999999934
 21
-63.3319339999999968
 31
0
  0
LINE
  5
7CE
330
1A
100
AcDbEntity
  8
F.Paste
  6
CONTINUOUS
100
AcDbLine
 10
108.2297339999999934
 20
-63.3319339999999968
 30
0
 11
108.2783969999999982
 21
-63.2994179999999957
 31
0
  0
LINE
  5
7CF
330
1A
100
AcDbEntity
  8
F.Paste
  6
CONTINUOUS
100
AcDbLine
 10
108.2783969999999982
 20
-63.2994179999999957
 30
0
 11
108.3357999999999919
 21
-63.2879999999999967
 31
0
  0
LINE
  5
7D0
330
1A
100
AcDbEntity
  8
F.Paste
  6
CONTINUOUS
100
AcDbLine
 10
108.3357999999999919
 20
-63.2879999999999967
 30
0
 11
108.9358000000000004
 21
-63.2879999999999967
 31
0
  0
LINE
  5
7D1
330
1A
100
AcDbEntity
  8
F.Paste
  6
CONTINUOUS
100
AcDbLine
 10
108.9358000000000004
 20
-63.2879999999999967
 30
0
 11
108.9932029999999941
 21
-63.2994179999999957
 31
0
  0
LINE
  5
7D2
330
1A
100
AcDbEntity
  8
F.Paste
  6
CONTINUOUS
100
AcDbLine
 10
110.1432029999999997
 20
-63.2994179999999957
 30
0
 11
110.1918659999999903
 21
-63.3319339999999968
 31
0
  0
LINE
  5
7D3
330
1A
100
AcDbEntity
  8
F.Paste
  6
CONTINUOUS
100
AcDbLine
 10
110.1918659999999903
 20
-63.3319339999999968
 30
0
 11
110.2243819999999914
 21
-63.3805969999999945
 31
0
  0
LINE
  5
7D4
330
1A
100
AcDbEntity
  8
F.Paste
  6
CONTINUOUS
100
AcDbLine
 10
110.2243819999999914
 20
-63.3805969999999945
 30
0
 11
110.2357999999999976
 21
-63.4379999999999953
 31
0
  0
LINE
  5
7D5
330
1A
100
AcDbEntity
  8
F.Paste
  6
CONTINUOUS
100
AcDbLine
 10
110.2357999999999976
 20
-63.4379999999999953
 30
0
 11
110.2357999999999976
 21
-63.7379999999999995
 31
0
  0
LINE
  5
7D6
330
1A
100
AcDbEntity
  8
F.Paste
  6
CONTINUOUS
100
AcDbLine
 10
110.2357999999999976
 20
-63.7379999999999995
 30
0
 11
110.2243819999999914
 21
-63.7954030000000003
 31
0
  0
LINE
  5
7D7
330
1A
100
AcDbEntity
  8
F.Paste
  6
CONTINUOUS
100
AcDbLine
 10
110.2243819999999914
 20
-63.7954030000000003
 30
0
 11
110.1918659999999903
 21
-63.844065999999998
 31
0
  0
LINE
  5
7D8
330
1A
100
AcDbEntity
  8
F.Paste
  6
CONTINUOUS
100
AcDbLine
 10
110.1918659999999903
 20
-63.844065999999998
 30
0
 11
110.1432029999999997
 21
-63.8765819999999991
 31
0
  0
LINE
  5
7D9
330
1A
100
AcDbEntity
  8
F.Paste
  6
CONTINUOUS
100
AcDbLine
 10
110.1432029999999997
 20
-63.8765819999999991
 30
0
 11
110.0857999999999919
 21
-63.8879999999999981
 31
0
  0
LINE
  5
7DA
330
1A
100
AcDbEntity
  8
F.Paste
  6
CONTINUOUS
100
AcDbLine
 10
110.0857999999999919
 20
-63.8879999999999981
 30
0
 11
109.4857999999999976
 21
-63.8879999999999981
 31
0
  0
LINE
  5
7DB
330
1A
100
AcDbEntity
  8
F.Paste
  6
CONTINUOUS
100
AcDbLine
 10
109.4857999999999976
 20
-63.8879999999999981
 30
0
 11
109.4283969999999897
 21
-63.8765819999999991
 31
0
  0
LINE
  5
7DC
330
1A
100
AcDbEntity
  8
F.Paste
  6
CONTINUOUS
100
AcDbLine
 10
109.4283969999999897
 20
-63.8765819999999991
 30
0
 11
109.3797339999999991
 21
-63.844065999999998
 31
0
  0
LINE
  5
7DD
330
1A
100
AcDbEntity
  8
F.Paste
  6
CONTINUOUS
100
AcDbLine
 10
109.3797339999999991
 20
-63.844065999999998
 30
0
 11
109.347217999999998
 21
-63.7954030000000003
 31
0
  0
LINE
  5
7DE
330
1A
100
AcDbEntity
  8
F.Paste
  6
CONTINUOUS
100
AcDbLine
 10
109.347217999999998
 20
-63.7954030000000003
 30
0
 11
109.3357999999999919
 21
-63.7379999999999995
 31
0
  0
LINE
  5
7DF
330
1A
100
AcDbEntity
  8
F.Paste
  6
CONTINUOUS
100
AcDbLine
 10
109.3357999999999919
 20
-63.7379999999999995
 30
0
 11
109.3357999999999919
 21
-63.4379999999999953
 31
0
  0
LINE
  5
7E0
330
1A
100
AcDbEntity
  8
F.Paste
  6
CONTINUOUS
100
AcDbLine
 10
109.3357999999999919
 20
-63.4379999999999953
 30
0
 11
109.347217999999998
 21
-63.3805969999999945
 31
0
  0
LINE
  5
7E1
330
1A
100
AcDbEntity
  8
F.Paste
  6
CONTINUOUS
100
AcDbLine
 10
109.347217999999998
 20
-63.3805969999999945
 30
0
 11
109.3797339999999991
 21
-63.3319339999999968
 31
0
  0
LINE
  5
7E2
330
1A
100
AcDbEntity
  8
F.Paste
  6
CONTINUOUS
100
AcDbLine
 10
109.3797339999999991
 20
-63.3319339999999968
 30
0
 11
109.4283969999999897
 21
-63.2994179999999957
 31
0
  0
LINE
  5
7E3
330
1A
100
AcDbEntity
  8
F.Paste
  6
CONTINUOUS
100
AcDbLine
 10
109.4283969999999897
 20
-63.2994179999999957
 30
0
 11
109.4857999999999976
 21
-63.2879999999999967
 31
0
  0
LINE
  5
7E4
330
1A
100
AcDbEntity
  8
F.Paste
  6
CONTINUOUS
100
AcDbLine
 10
109.4857999999999976
 20
-63.2879999999999967
 30
0
 11
110.0857999999999919
 21
-63.2879999999999967
 31
0
  0
LINE
  5
7E5
330
1A
100
AcDbEntity
  8
F.Paste
  6
CONTINUOUS
100
AcDbLine
 10
110.0857999999999919
 20
-63.2879999999999967
 30
0
 11
110.1432029999999997
 21
-63.2994179999999957
 31
0
  0
LINE
  5
7E6
330
1A
100
AcDbEntity
  8
F.Paste
  6
CONTINUOUS
100
AcDbLine
 10
102.0958029999999894
 20
-62.4494179999999943
 30
0
 11
102.1444659999999942
 21
-62.4819339999999954
 31
0
  0
LINE
  5
7E7
330
1A
100
AcDbEntity
  8
F.Paste
  6
CONTINUOUS
100
AcDbLine
 10
102.1444659999999942
 20
-62.4819339999999954
 30
0
 11
102.1769819999999953
 21
-62.5305970000000002
 31
0
  0
LINE
  5
7E8
330
1A
100
AcDbEntity
  8
F.Paste
  6
CONTINUOUS
100
AcDbLine
 10
102.1769819999999953
 20
-62.5305970000000002
 30
0
 11
102.1884000000000015
 21
-62.5879999999999939
 31
0
  0
LINE
  5
7E9
330
1A
100
AcDbEntity
  8
F.Paste
  6
CONTINUOUS
100
AcDbLine
 10
102.1884000000000015
 20
-62.5879999999999939
 30
0
 11
102.1884000000000015
 21
-62.8879999999999981
 31
0
  0
LINE
  5
7EA
330
1A
100
AcDbEntity
  8
F.Paste
  6
CONTINUOUS
100
AcDbLine
 10
102.1884000000000015
 20
-62.8879999999999981
 30
0
 11
102.1769819999999953
 21
-62.9454029999999989
 31
0
  0
LINE
  5
7EB
330
1A
100
AcDbEntity
  8
F.Paste
  6
CONTINUOUS
100
AcDbLine
 10
102.1769819999999953
 20
-62.9454029999999989
 30
0
 11
102.1444659999999942
 21
-62.9940659999999966
 31
0
  0
LINE
  5
7EC
330
1A
100
AcDbEntity
  8
F.Paste
  6
CONTINUOUS
100
AcDbLine
 10
102.1444659999999942
 20
-62.9940659999999966
 30
0
 11
102.0958029999999894
 21
-63.0265819999999977
 31
0
  0
LINE
  5
7ED
330
1A
100
AcDbEntity
  8
F.Paste
  6
CONTINUOUS
100
AcDbLine
 10
102.0958029999999894
 20
-63.0265819999999977
 30
0
 11
102.0383999999999958
 21
-63.0379999999999967
 31
0
  0
LINE
  5
7EE
330
1A
100
AcDbEntity
  8
F.Paste
  6
CONTINUOUS
100
AcDbLine
 10
102.0383999999999958
 20
-63.0379999999999967
 30
0
 11
101.4384000000000015
 21
-63.0379999999999967
 31
0
  0
LINE
  5
7EF
330
1A
100
AcDbEntity
  8
F.Paste
  6
CONTINUOUS
100
AcDbLine
 10
101.4384000000000015
 20
-63.0379999999999967
 30
0
 11
101.3809969999999936
 21
-63.0265819999999977
 31
0
  0
LINE
  5
7F0
330
1A
100
AcDbEntity
  8
F.Paste
  6
CONTINUOUS
100
AcDbLine
 10
101.3809969999999936
 20
-63.0265819999999977
 30
0
 11
101.3323339999999888
 21
-62.9940659999999966
 31
0
  0
LINE
  5
7F1
330
1A
100
AcDbEntity
  8
F.Paste
  6
CONTINUOUS
100
AcDbLine
 10
101.3323339999999888
 20
-62.9940659999999966
 30
0
 11
101.2998180000000019
 21
-62.9454029999999989
 31
0
  0
LINE
  5
7F2
330
1A
100
AcDbEntity
  8
F.Paste
  6
CONTINUOUS
100
AcDbLine
 10
101.2998180000000019
 20
-62.9454029999999989
 30
0
 11
101.2883999999999958
 21
-62.8879999999999981
 31
0
  0
LINE
  5
7F3
330
1A
100
AcDbEntity
  8
F.Paste
  6
CONTINUOUS
100
AcDbLine
 10
101.2883999999999958
 20
-62.8879999999999981
 30
0
 11
101.2883999999999958
 21
-62.5879999999999939
 31
0
  0
LINE
  5
7F4
330
1A
100
AcDbEntity
  8
F.Paste
  6
CONTINUOUS
100
AcDbLine
 10
101.2883999999999958
 20
-62.5879999999999939
 30
0
 11
101.2998180000000019
 21
-62.5305970000000002
 31
0
  0
LINE
  5
7F5
330
1A
100
AcDbEntity
  8
F.Paste
  6
CONTINUOUS
100
AcDbLine
 10
101.2998180000000019
 20
-62.5305970000000002
 30
0
 11
101.3323339999999888
 21
-62.4819339999999954
 31
0
  0
LINE
  5
7F6
330
1A
100
AcDbEntity
  8
F.Paste
  6
CONTINUOUS
100
AcDbLine
 10
101.3323339999999888
 20
-62.4819339999999954
 30
0
 11
101.3809969999999936
 21
-62.4494179999999943
 31
0
  0
LINE
  5
7F7
330
1A
100
AcDbEntity
  8
F.Paste
  6
CONTINUOUS
100
AcDbLine
 10
101.3809969999999936
 20
-62.4494179999999943
 30
0
 11
101.4384000000000015
 21
-62.4379999999999953
 31
0
  0
LINE
  5
7F8
330
1A
100
AcDbEntity
  8
F.Paste
  6
CONTINUOUS
100
AcDbLine
 10
101.4384000000000015
 20
-62.4379999999999953
 30
0
 11
102.0383999999999958
 21
-62.4379999999999953
 31
0
  0
LINE
  5
7F9
330
1A
100
AcDbEntity
  8
F.Paste
  6
CONTINUOUS
100
AcDbLine
 10
102.0383999999999958
 20
-62.4379999999999953
 30
0
 11
102.0958029999999894
 21
-62.4494179999999943
 31
0
  0
LINE
  5
7FA
330
1A
100
AcDbEntity
  8
F.Paste
  6
CONTINUOUS
100
AcDbLine
 10
103.2458029999999951
 20
-62.4494179999999943
 30
0
 11
103.2944659999999999
 21
-62.4819339999999954
 31
0
  0
LINE
  5
7FB
330
1A
100
AcDbEntity
  8
F.Paste
  6
CONTINUOUS
100
AcDbLine
 10
103.2944659999999999
 20
-62.4819339999999954
 30
0
 11
103.326982000000001
 21
-62.5305970000000002
 31
0
  0
LINE
  5
7FC
330
1A
100
AcDbEntity
  8
F.Paste
  6
CONTINUOUS
100
AcDbLine
 10
103.326982000000001
 20
-62.5305970000000002
 30
0
 11
103.3383999999999929
 21
-62.5879999999999939
 31
0
  0
LINE
  5
7FD
330
1A
100
AcDbEntity
  8
F.Paste
  6
CONTINUOUS
100
AcDbLine
 10
103.3383999999999929
 20
-62.5879999999999939
 30
0
 11
103.3383999999999929
 21
-62.8879999999999981
 31
0
  0
LINE
  5
7FE
330
1A
100
AcDbEntity
  8
F.Paste
  6
CONTINUOUS
100
AcDbLine
 10
103.3383999999999929
 20
-62.8879999999999981
 30
0
 11
103.326982000000001
 21
-62.9454029999999989
 31
0
  0
LINE
  5
7FF
330
1A
100
AcDbEntity
  8
F.Paste
  6
CONTINUOUS
100
AcDbLine
 10
103.326982000000001
 20
-62.9454029999999989
 30
0
 11
103.2944659999999999
 21
-62.9940659999999966
 31
0
  0
LINE
  5
800
330
1A
100
AcDbEntity
  8
F.Paste
  6
CONTINUOUS
100
AcDbLine
 10
103.2944659999999999
 20
-62.9940659999999966
 30
0
 11
103.2458029999999951
 21
-63.0265819999999977
 31
0
  0
LINE
  5
801
330
1A
100
AcDbEntity
  8
F.Paste
  6
CONTINUOUS
100
AcDbLine
 10
103.2458029999999951
 20
-63.0265819999999977
 30
0
 11
103.1884000000000015
 21
-63.0379999999999967
 31
0
  0
LINE
  5
802
330
1A
100
AcDbEntity
  8
F.Paste
  6
CONTINUOUS
100
AcDbLine
 10
103.1884000000000015
 20
-63.0379999999999967
 30
0
 11
102.5883999999999929
 21
-63.0379999999999967
 31
0
  0
LINE
  5
803
330
1A
100
AcDbEntity
  8
F.Paste
  6
CONTINUOUS
100
AcDbLine
 10
102.5883999999999929
 20
-63.0379999999999967
 30
0
 11
102.5309969999999993
 21
-63.0265819999999977
 31
0
  0
LINE
  5
804
330
1A
100
AcDbEntity
  8
F.Paste
  6
CONTINUOUS
100
AcDbLine
 10
102.5309969999999993
 20
-63.0265819999999977
 30
0
 11
102.4823339999999945
 21
-62.9940659999999966
 31
0
  0
LINE
  5
805
330
1A
100
AcDbEntity
  8
F.Paste
  6
CONTINUOUS
100
AcDbLine
 10
102.4823339999999945
 20
-62.9940659999999966
 30
0
 11
102.4498179999999934
 21
-62.9454029999999989
 31
0
  0
LINE
  5
806
330
1A
100
AcDbEntity
  8
F.Paste
  6
CONTINUOUS
100
AcDbLine
 10
102.4498179999999934
 20
-62.9454029999999989
 30
0
 11
102.4384000000000015
 21
-62.8879999999999981
 31
0
  0
LINE
  5
807
330
1A
100
AcDbEntity
  8
F.Paste
  6
CONTINUOUS
100
AcDbLine
 10
102.4384000000000015
 20
-62.8879999999999981
 30
0
 11
102.4384000000000015
 21
-62.5879999999999939
 31
0
  0
LINE
  5
808
330
1A
100
AcDbEntity
  8
F.Paste
  6
CONTINUOUS
100
AcDbLine
 10
102.4384000000000015
 20
-62.5879999999999939
 30
0
 11
102.4498179999999934
 21
-62.5305970000000002
 31
0
  0
LINE
  5
809
330
1A
100
AcDbEntity
  8
F.Paste
  6
CONTINUOUS
100
AcDbLine
 10
102.4498179999999934
 20
-62.5305970000000002
 30
0
 11
102.4823339999999945
 21
-62.4819339999999954
 31
0
  0
LINE
  5
80A
330
1A
100
AcDbEntity
  8
F.Paste
  6
CONTINUOUS
100
AcDbLine
 10
102.4823339999999945
 20
-62.4819339999999954
 30
0
 11
102.5309969999999993
 21
-62.4494179999999943
 31
0
  0
LINE
  5
80B
330
1A
100
AcDbEntity
  8
F.Paste
  6
CONTINUOUS
100
AcDbLine
 10
102.5309969999999993
 20
-62.4494179999999943
 30
0
 11
102.5883999999999929
 21
-62.4379999999999953
 31
0
  0
LINE
  5
80C
330
1A
100
AcDbEntity
  8
F.Paste
  6
CONTINUOUS
100
AcDbLine
 10
102.5883999999999929
 20
-62.4379999999999953
 30
0
 11
103.1884000000000015
 21
-62.4379999999999953
 31
0
  0
LINE
  5
80D
330
1A
100
AcDbEntity
  8
F.Paste
  6
CONTINUOUS
100
AcDbLine
 10
103.1884000000000015
 20
-62.4379999999999953
 30
0
 11
103.2458029999999951
 21
-62.4494179999999943
 31
0
  0
LINE
  5
80E
330
1A
100
AcDbEntity
  8
F.Paste
  6
CONTINUOUS
100
AcDbLine
 10
104.3958030000000008
 20
-62.4494179999999943
 30
0
 11
104.4444659999999914
 21
-62.4819339999999954
 31
0
  0
LINE
  5
80F
330
1A
100
AcDbEntity
  8
F.Paste
  6
CONTINUOUS
100
AcDbLine
 10
104.4444659999999914
 20
-62.4819339999999954
 30
0
 11
104.4769819999999925
 21
-62.5305970000000002
 31
0
  0
LINE
  5
810
330
1A
100
AcDbEntity
  8
F.Paste
  6
CONTINUOUS
100
AcDbLine
 10
104.4769819999999925
 20
-62.5305970000000002
 30
0
 11
104.4883999999999986
 21
-62.5879999999999939
 31
0
  0
LINE
  5
811
330
1A
100
AcDbEntity
  8
F.Paste
  6
CONTINUOUS
100
AcDbLine
 10
104.4883999999999986
 20
-62.5879999999999939
 30
0
 11
104.4883999999999986
 21
-62.8879999999999981
 31
0
  0
LINE
  5
812
330
1A
100
AcDbEntity
  8
F.Paste
  6
CONTINUOUS
100
AcDbLine
 10
104.4883999999999986
 20
-62.8879999999999981
 30
0
 11
104.4769819999999925
 21
-62.9454029999999989
 31
0
  0
LINE
  5
813
330
1A
100
AcDbEntity
  8
F.Paste
  6
CONTINUOUS
100
AcDbLine
 10
104.4769819999999925
 20
-62.9454029999999989
 30
0
 11
104.4444659999999914
 21
-62.9940659999999966
 31
0
  0
LINE
  5
814
330
1A
100
AcDbEntity
  8
F.Paste
  6
CONTINUOUS
100
AcDbLine
 10
104.4444659999999914
 20
-62.9940659999999966
 30
0
 11
104.3958030000000008
 21
-63.0265819999999977
 31
0
  0
LINE
  5
815
330
1A
100
AcDbEntity
  8
F.Paste
  6
CONTINUOUS
100
AcDbLine
 10
104.3958030000000008
 20
-63.0265819999999977
 30
0
 11
104.3383999999999929
 21
-63.0379999999999967
 31
0
  0
LINE
  5
816
330
1A
100
AcDbEntity
  8
F.Paste
  6
CONTINUOUS
100
AcDbLine
 10
104.3383999999999929
 20
-63.0379999999999967
 30
0
 11
103.7383999999999986
 21
-63.0379999999999967
 31
0
  0
LINE
  5
817
330
1A
100
AcDbEntity
  8
F.Paste
  6
CONTINUOUS
100
AcDbLine
 10
103.7383999999999986
 20
-63.0379999999999967
 30
0
 11
103.6809969999999907
 21
-63.0265819999999977
 31
0
  0
LINE
  5
818
330
1A
100
AcDbEntity
  8
F.Paste
  6
CONTINUOUS
100
AcDbLine
 10
103.6809969999999907
 20
-63.0265819999999977
 30
0
 11
103.6323340000000002
 21
-62.9940659999999966
 31
0
  0
LINE
  5
819
330
1A
100
AcDbEntity
  8
F.Paste
  6
CONTINUOUS
100
AcDbLine
 10
103.6323340000000002
 20
-62.9940659999999966
 30
0
 11
103.5998179999999991
 21
-62.9454029999999989
 31
0
  0
LINE
  5
81A
330
1A
100
AcDbEntity
  8
F.Paste
  6
CONTINUOUS
100
AcDbLine
 10
103.5998179999999991
 20
-62.9454029999999989
 30
0
 11
103.5883999999999929
 21
-62.8879999999999981
 31
0
  0
LINE
  5
81B
330
1A
100
AcDbEntity
  8
F.Paste
  6
CONTINUOUS
100
AcDbLine
 10
103.5883999999999929
 20
-62.8879999999999981
 30
0
 11
103.5883999999999929
 21
-62.5879999999999939
 31
0
  0
LINE
  5
81C
330
1A
100
AcDbEntity
  8
F.Paste
  6
CONTINUOUS
100
AcDbLine
 10
103.5883999999999929
 20
-62.5879999999999939
 30
0
 11
103.5998179999999991
 21
-62.5305970000000002
 31
0
  0
LINE
  5
81D
330
1A
100
AcDbEntity
  8
F.Paste
  6
CONTINUOUS
100
AcDbLine
 10
103.5998179999999991
 20
-62.5305970000000002
 30
0
 11
103.6323340000000002
 21
-62.4819339999999954
 31
0
  0
LINE
  5
81E
330
1A
100
AcDbEntity
  8
F.Paste
  6
CONTINUOUS
100
AcDbLine
 10
103.6323340000000002
 20
-62.4819339999999954
 30
0
 11
103.6809969999999907
 21
-62.4494179999999943
 31
0
  0
LINE
  5
81F
330
1A
100
AcDbEntity
  8
F.Paste
  6
CONTINUOUS
100
AcDbLine
 10
103.6809969999999907
 20
-62.4494179999999943
 30
0
 11
103.7383999999999986
 21
-62.4379999999999953
 31
0
  0
LINE
  5
820
330
1A
100
AcDbEntity
  8
F.Paste
  6
CONTINUOUS
100
AcDbLine
 10
103.7383999999999986
 20
-62.4379999999999953
 30
0
 11
104.3383999999999929
 21
-62.4379999999999953
 31
0
  0
LINE
  5
821
330
1A
100
AcDbEntity
  8
F.Paste
  6
CONTINUOUS
100
AcDbLine
 10
104.3383999999999929
 20
-62.4379999999999953
 30
0
 11
104.3958030000000008
 21
-62.4494179999999943
 31
0
  0
LINE
  5
822
330
1A
100
AcDbEntity
  8
F.Paste
  6
CONTINUOUS
100
AcDbLine
 10
107.8432029999999884
 20
-62.4494179999999943
 30
0
 11
107.8918659999999932
 21
-62.4819339999999954
 31
0
  0
LINE
  5
823
330
1A
100
AcDbEntity
  8
F.Paste
  6
CONTINUOUS
100
AcDbLine
 10
107.8918659999999932
 20
-62.4819339999999954
 30
0
 11
107.9243819999999943
 21
-62.5305970000000002
 31
0
  0
LINE
  5
824
330
1A
100
AcDbEntity
  8
F.Paste
  6
CONTINUOUS
100
AcDbLine
 10
107.9243819999999943
 20
-62.5305970000000002
 30
0
 11
107.9358000000000004
 21
-62.5879999999999939
 31
0
  0
LINE
  5
825
330
1A
100
AcDbEntity
  8
F.Paste
  6
CONTINUOUS
100
AcDbLine
 10
107.9358000000000004
 20
-62.5879999999999939
 30
0
 11
107.9358000000000004
 21
-62.8879999999999981
 31
0
  0
LINE
  5
826
330
1A
100
AcDbEntity
  8
F.Paste
  6
CONTINUOUS
100
AcDbLine
 10
107.9358000000000004
 20
-62.8879999999999981
 30
0
 11
107.9243819999999943
 21
-62.9454029999999989
 31
0
  0
LINE
  5
827
330
1A
100
AcDbEntity
  8
F.Paste
  6
CONTINUOUS
100
AcDbLine
 10
107.9243819999999943
 20
-62.9454029999999989
 30
0
 11
107.8918659999999932
 21
-62.9940659999999966
 31
0
  0
LINE
  5
828
330
1A
100
AcDbEntity
  8
F.Paste
  6
CONTINUOUS
100
AcDbLine
 10
107.8918659999999932
 20
-62.9940659999999966
 30
0
 11
107.8432029999999884
 21
-63.0265819999999977
 31
0
  0
LINE
  5
829
330
1A
100
AcDbEntity
  8
F.Paste
  6
CONTINUOUS
100
AcDbLine
 10
107.8432029999999884
 20
-63.0265819999999977
 30
0
 11
107.7857999999999947
 21
-63.0379999999999967
 31
0
  0
LINE
  5
82A
330
1A
100
AcDbEntity
  8
F.Paste
  6
CONTINUOUS
100
AcDbLine
 10
107.7857999999999947
 20
-63.0379999999999967
 30
0
 11
107.1858000000000004
 21
-63.0379999999999967
 31
0
  0
LINE
  5
82B
330
1A
100
AcDbEntity
  8
F.Paste
  6
CONTINUOUS
100
AcDbLine
 10
107.1858000000000004
 20
-63.0379999999999967
 30
0
 11
107.1283969999999925
 21
-63.0265819999999977
 31
0
  0
LINE
  5
82C
330
1A
100
AcDbEntity
  8
F.Paste
  6
CONTINUOUS
100
AcDbLine
 10
107.1283969999999925
 20
-63.0265819999999977
 30
0
 11
107.079734000000002
 21
-62.9940659999999966
 31
0
  0
LINE
  5
82D
330
1A
100
AcDbEntity
  8
F.Paste
  6
CONTINUOUS
100
AcDbLine
 10
107.079734000000002
 20
-62.9940659999999966
 30
0
 11
107.0472180000000009
 21
-62.9454029999999989
 31
0
  0
LINE
  5
82E
330
1A
100
AcDbEntity
  8
F.Paste
  6
CONTINUOUS
100
AcDbLine
 10
107.0472180000000009
 20
-62.9454029999999989
 30
0
 11
107.0357999999999947
 21
-62.8879999999999981
 31
0
  0
LINE
  5
82F
330
1A
100
AcDbEntity
  8
F.Paste
  6
CONTINUOUS
100
AcDbLine
 10
107.0357999999999947
 20
-62.8879999999999981
 30
0
 11
107.0357999999999947
 21
-62.5879999999999939
 31
0
  0
LINE
  5
830
330
1A
100
AcDbEntity
  8
F.Paste
  6
CONTINUOUS
100
AcDbLine
 10
107.0357999999999947
 20
-62.5879999999999939
 30
0
 11
107.0472180000000009
 21
-62.5305970000000002
 31
0
  0
LINE
  5
831
330
1A
100
AcDbEntity
  8
F.Paste
  6
CONTINUOUS
100
AcDbLine
 10
107.0472180000000009
 20
-62.5305970000000002
 30
0
 11
107.079734000000002
 21
-62.4819339999999954
 31
0
  0
LINE
  5
832
330
1A
100
AcDbEntity
  8
F.Paste
  6
CONTINUOUS
100
AcDbLine
 10
107.079734000000002
 20
-62.4819339999999954
 30
0
 11
107.1283969999999925
 21
-62.4494179999999943
 31
0
  0
LINE
  5
833
330
1A
100
AcDbEntity
  8
F.Paste
  6
CONTINUOUS
100
AcDbLine
 10
107.1283969999999925
 20
-62.4494179999999943
 30
0
 11
107.1858000000000004
 21
-62.4379999999999953
 31
0
  0
LINE
  5
834
330
1A
100
AcDbEntity
  8
F.Paste
  6
CONTINUOUS
100
AcDbLine
 10
107.1858000000000004
 20
-62.4379999999999953
 30
0
 11
107.7857999999999947
 21
-62.4379999999999953
 31
0
  0
LINE
  5
835
330
1A
100
AcDbEntity
  8
F.Paste
  6
CONTINUOUS
100
AcDbLine
 10
107.7857999999999947
 20
-62.4379999999999953
 30
0
 11
107.8432029999999884
 21
-62.4494179999999943
 31
0
  0
LINE
  5
836
330
1A
100
AcDbEntity
  8
F.Paste
  6
CONTINUOUS
100
AcDbLine
 10
108.9932029999999941
 20
-62.4494179999999943
 30
0
 11
109.0418659999999988
 21
-62.4819339999999954
 31
0
  0
LINE
  5
837
330
1A
100
AcDbEntity
  8
F.Paste
  6
CONTINUOUS
100
AcDbLine
 10
109.0418659999999988
 20
-62.4819339999999954
 30
0
 11
109.0743819999999999
 21
-62.5305970000000002
 31
0
  0
LINE
  5
838
330
1A
100
AcDbEntity
  8
F.Paste
  6
CONTINUOUS
100
AcDbLine
 10
109.0743819999999999
 20
-62.5305970000000002
 30
0
 11
109.0857999999999919
 21
-62.5879999999999939
 31
0
  0
LINE
  5
839
330
1A
100
AcDbEntity
  8
F.Paste
  6
CONTINUOUS
100
AcDbLine
 10
109.0857999999999919
 20
-62.5879999999999939
 30
0
 11
109.0857999999999919
 21
-62.8879999999999981
 31
0
  0
LINE
  5
83A
330
1A
100
AcDbEntity
  8
F.Paste
  6
CONTINUOUS
100
AcDbLine
 10
109.0857999999999919
 20
-62.8879999999999981
 30
0
 11
109.0743819999999999
 21
-62.9454029999999989
 31
0
  0
LINE
  5
83B
330
1A
100
AcDbEntity
  8
F.Paste
  6
CONTINUOUS
100
AcDbLine
 10
109.0743819999999999
 20
-62.9454029999999989
 30
0
 11
109.0418659999999988
 21
-62.9940659999999966
 31
0
  0
LINE
  5
83C
330
1A
100
AcDbEntity
  8
F.Paste
  6
CONTINUOUS
100
AcDbLine
 10
109.0418659999999988
 20
-62.9940659999999966
 30
0
 11
108.9932029999999941
 21
-63.0265819999999977
 31
0
  0
LINE
  5
83D
330
1A
100
AcDbEntity
  8
F.Paste
  6
CONTINUOUS
100
AcDbLine
 10
108.9932029999999941
 20
-63.0265819999999977
 30
0
 11
108.9358000000000004
 21
-63.0379999999999967
 31
0
  0
LINE
  5
83E
330
1A
100
AcDbEntity
  8
F.Paste
  6
CONTINUOUS
100
AcDbLine
 10
108.9358000000000004
 20
-63.0379999999999967
 30
0
 11
108.3357999999999919
 21
-63.0379999999999967
 31
0
  0
LINE
  5
83F
330
1A
100
AcDbEntity
  8
F.Paste
  6
CONTINUOUS
100
AcDbLine
 10
108.3357999999999919
 20
-63.0379999999999967
 30
0
 11
108.2783969999999982
 21
-63.0265819999999977
 31
0
  0
LINE
  5
840
330
1A
100
AcDbEntity
  8
F.Paste
  6
CONTINUOUS
100
AcDbLine
 10
108.2783969999999982
 20
-63.0265819999999977
 30
0
 11
108.2297339999999934
 21
-62.9940659999999966
 31
0
  0
LINE
  5
841
330
1A
100
AcDbEntity
  8
F.Paste
  6
CONTINUOUS
100
AcDbLine
 10
108.2297339999999934
 20
-62.9940659999999966
 30
0
 11
108.1972179999999923
 21
-62.9454029999999989
 31
0
  0
LINE
  5
842
330
1A
100
AcDbEntity
  8
F.Paste
  6
CONTINUOUS
100
AcDbLine
 10
108.1972179999999923
 20
-62.9454029999999989
 30
0
 11
108.1858000000000004
 21
-62.8879999999999981
 31
0
  0
LINE
  5
843
330
1A
100
AcDbEntity
  8
F.Paste
  6
CONTINUOUS
100
AcDbLine
 10
108.1858000000000004
 20
-62.8879999999999981
 30
0
 11
108.1858000000000004
 21
-62.5879999999999939
 31
0
  0
LINE
  5
844
330
1A
100
AcDbEntity
  8
F.Paste
  6
CONTINUOUS
100
AcDbLine
 10
108.1858000000000004
 20
-62.5879999999999939
 30
0
 11
108.1972179999999923
 21
-62.5305970000000002
 31
0
  0
LINE
  5
845
330
1A
100
AcDbEntity
  8
F.Paste
  6
CONTINUOUS
100
AcDbLine
 10
108.1972179999999923
 20
-62.5305970000000002
 30
0
 11
108.2297339999999934
 21
-62.4819339999999954
 31
0
  0
LINE
  5
846
330
1A
100
AcDbEntity
  8
F.Paste
  6
CONTINUOUS
100
AcDbLine
 10
108.2297339999999934
 20
-62.4819339999999954
 30
0
 11
108.2783969999999982
 21
-62.4494179999999943
 31
0
  0
LINE
  5
847
330
1A
100
AcDbEntity
  8
F.Paste
  6
CONTINUOUS
100
AcDbLine
 10
108.2783969999999982
 20
-62.4494179999999943
 30
0
 11
108.3357999999999919
 21
-62.4379999999999953
 31
0
  0
LINE
  5
848
330
1A
100
AcDbEntity
  8
F.Paste
  6
CONTINUOUS
100
AcDbLine
 10
108.3357999999999919
 20
-62.4379999999999953
 30
0
 11
108.9358000000000004
 21
-62.4379999999999953
 31
0
  0
LINE
  5
849
330
1A
100
AcDbEntity
  8
F.Paste
  6
CONTINUOUS
100
AcDbLine
 10
108.9358000000000004
 20
-62.4379999999999953
 30
0
 11
108.9932029999999941
 21
-62.4494179999999943
 31
0
  0
LINE
  5
84A
330
1A
100
AcDbEntity
  8
F.Paste
  6
CONTINUOUS
100
AcDbLine
 10
110.1432029999999997
 20
-62.4494179999999943
 30
0
 11
110.1918659999999903
 21
-62.4819339999999954
 31
0
  0
LINE
  5
84B
330
1A
100
AcDbEntity
  8
F.Paste
  6
CONTINUOUS
100
AcDbLine
 10
110.1918659999999903
 20
-62.4819339999999954
 30
0
 11
110.2243819999999914
 21
-62.5305970000000002
 31
0
  0
LINE
  5
84C
330
1A
100
AcDbEntity
  8
F.Paste
  6
CONTINUOUS
100
AcDbLine
 10
110.2243819999999914
 20
-62.5305970000000002
 30
0
 11
110.2357999999999976
 21
-62.5879999999999939
 31
0
  0
LINE
  5
84D
330
1A
100
AcDbEntity
  8
F.Paste
  6
CONTINUOUS
100
AcDbLine
 10
110.2357999999999976
 20
-62.5879999999999939
 30
0
 11
110.2357999999999976
 21
-62.8879999999999981
 31
0
  0
LINE
  5
84E
330
1A
100
AcDbEntity
  8
F.Paste
  6
CONTINUOUS
100
AcDbLine
 10
110.2357999999999976
 20
-62.8879999999999981
 30
0
 11
110.2243819999999914
 21
-62.9454029999999989
 31
0
  0
LINE
  5
84F
330
1A
100
AcDbEntity
  8
F.Paste
  6
CONTINUOUS
100
AcDbLine
 10
110.2243819999999914
 20
-62.9454029999999989
 30
0
 11
110.1918659999999903
 21
-62.9940659999999966
 31
0
  0
LINE
  5
850
330
1A
100
AcDbEntity
  8
F.Paste
  6
CONTINUOUS
100
AcDbLine
 10
110.1918659999999903
 20
-62.9940659999999966
 30
0
 11
110.1432029999999997
 21
-63.0265819999999977
 31
0
  0
LINE
  5
851
330
1A
100
AcDbEntity
  8
F.Paste
  6
CONTINUOUS
100
AcDbLine
 10
110.1432029999999997
 20
-63.0265819999999977
 30
0
 11
110.0857999999999919
 21
-63.0379999999999967
 31
0
  0
LINE
  5
852
330
1A
100
AcDbEntity
  8
F.Paste
  6
CONTINUOUS
100
AcDbLine
 10
110.0857999999999919
 20
-63.0379999999999967
 30
0
 11
109.4857999999999976
 21
-63.0379999999999967
 31
0
  0
LINE
  5
853
330
1A
100
AcDbEntity
  8
F.Paste
  6
CONTINUOUS
100
AcDbLine
 10
109.4857999999999976
 20
-63.0379999999999967
 30
0
 11
109.4283969999999897
 21
-63.0265819999999977
 31
0
  0
LINE
  5
854
330
1A
100
AcDbEntity
  8
F.Paste
  6
CONTINUOUS
100
AcDbLine
 10
109.4283969999999897
 20
-63.0265819999999977
 30
0
 11
109.3797339999999991
 21
-62.9940659999999966
 31
0
  0
LINE
  5
855
330
1A
100
AcDbEntity
  8
F.Paste
  6
CONTINUOUS
100
AcDbLine
 10
109.3797339999999991
 20
-62.9940659999999966
 30
0
 11
109.347217999999998
 21
-62.9454029999999989
 31
0
  0
LINE
  5
856
330
1A
100
AcDbEntity
  8
F.Paste
  6
CONTINUOUS
100
AcDbLine
 10
109.347217999999998
 20
-62.9454029999999989
 30
0
 11
109.3357999999999919
 21
-62.8879999999999981
 31
0
  0
LINE
  5
857
330
1A
100
AcDbEntity
  8
F.Paste
  6
CONTINUOUS
100
AcDbLine
 10
109.3357999999999919
 20
-62.8879999999999981
 30
0
 11
109.3357999999999919
 21
-62.5879999999999939
 31
0
  0
LINE
  5
858
330
1A
100
AcDbEntity
  8
F.Paste
  6
CONTINUOUS
100
AcDbLine
 10
109.3357999999999919
 20
-62.5879999999999939
 30
0
 11
109.347217999999998
 21
-62.5305970000000002
 31
0
  0
LINE
  5
859
330
1A
100
AcDbEntity
  8
F.Paste
  6
CONTINUOUS
100
AcDbLine
 10
109.347217999999998
 20
-62.5305970000000002
 30
0
 11
109.3797339999999991
 21
-62.4819339999999954
 31
0
  0
LINE
  5
85A
330
1A
100
AcDbEntity
  8
F.Paste
  6
CONTINUOUS
100
AcDbLine
 10
109.3797339999999991
 20
-62.4819339999999954
 30
0
 11
109.4283969999999897
 21
-62.4494179999999943
 31
0
  0
LINE
  5
85B
330
1A
100
AcDbEntity
  8
F.Paste
  6
CONTINUOUS
100
AcDbLine
 10
109.4283969999999897
 20
-62.4494179999999943
 30
0
 11
109.4857999999999976
 21
-62.4379999999999953
 31
0
  0
LINE
  5
85C
330
1A
100
AcDbEntity
  8
F.Paste
  6
CONTINUOUS
100
AcDbLine
 10
109.4857999999999976
 20
-62.4379999999999953
 30
0
 11
110.0857999999999919
 21
-62.4379999999999953
 31
0
  0
LINE
  5
85D
330
1A
100
AcDbEntity
  8
F.Paste
  6
CONTINUOUS
100
AcDbLine
 10
110.0857999999999919
 20
-62.4379999999999953
 30
0
 11
110.1432029999999997
 21
-62.4494179999999943
 31
0
  0
LINE
  5
85E
330
1A
100
AcDbEntity
  8
F.Paste
  6
CONTINUOUS
100
AcDbLine
 10
94.6721709999999916
 20
-61.5490299999999948
 30
0
 11
94.7532769999999971
 21
-61.6032229999999998
 31
0
  0
LINE
  5
85F
330
1A
100
AcDbEntity
  8
F.Paste
  6
CONTINUOUS
100
AcDbLine
 10
94.7532769999999971
 20
-61.6032229999999998
 30
0
 11
94.807469999999995
 21
-61.6843289999999982
 31
0
  0
LINE
  5
860
330
1A
100
AcDbEntity
  8
F.Paste
  6
CONTINUOUS
100
AcDbLine
 10
94.807469999999995
 20
-61.6843289999999982
 30
0
 11
94.8264999999999958
 21
-61.779999999999994
 31
0
  0
LINE
  5
861
330
1A
100
AcDbEntity
  8
F.Paste
  6
CONTINUOUS
100
AcDbLine
 10
94.8264999999999958
 20
-61.779999999999994
 30
0
 11
94.8264999999999958
 21
-62.6799999999999997
 31
0
  0
LINE
  5
862
330
1A
100
AcDbEntity
  8
F.Paste
  6
CONTINUOUS
100
AcDbLine
 10
94.8264999999999958
 20
-62.6799999999999997
 30
0
 11
94.807469999999995
 21
-62.7756709999999956
 31
0
  0
LINE
  5
863
330
1A
100
AcDbEntity
  8
F.Paste
  6
CONTINUOUS
100
AcDbLine
 10
94.807469999999995
 20
-62.7756709999999956
 30
0
 11
94.7532769999999971
 21
-62.8567769999999939
 31
0
  0
LINE
  5
864
330
1A
100
AcDbEntity
  8
F.Paste
  6
CONTINUOUS
100
AcDbLine
 10
94.7532769999999971
 20
-62.8567769999999939
 30
0
 11
94.6721709999999916
 21
-62.9109699999999989
 31
0
  0
LINE
  5
865
330
1A
100
AcDbEntity
  8
F.Paste
  6
CONTINUOUS
100
AcDbLine
 10
94.6721709999999916
 20
-62.9109699999999989
 30
0
 11
94.5764999999999958
 21
-62.9299999999999997
 31
0
  0
LINE
  5
866
330
1A
100
AcDbEntity
  8
F.Paste
  6
CONTINUOUS
100
AcDbLine
 10
94.5764999999999958
 20
-62.9299999999999997
 30
0
 11
94.0514999999999901
 21
-62.9299999999999997
 31
0
  0
LINE
  5
867
330
1A
100
AcDbEntity
  8
F.Paste
  6
CONTINUOUS
100
AcDbLine
 10
94.0514999999999901
 20
-62.9299999999999997
 30
0
 11
93.9558289999999943
 21
-62.9109699999999989
 31
0
  0
LINE
  5
868
330
1A
100
AcDbEntity
  8
F.Paste
  6
CONTINUOUS
100
AcDbLine
 10
93.9558289999999943
 20
-62.9109699999999989
 30
0
 11
93.8747229999999888
 21
-62.8567769999999939
 31
0
  0
LINE
  5
869
330
1A
100
AcDbEntity
  8
F.Paste
  6
CONTINUOUS
100
AcDbLine
 10
93.8747229999999888
 20
-62.8567769999999939
 30
0
 11
93.8205299999999909
 21
-62.7756709999999956
 31
0
  0
LINE
  5
86A
330
1A
100
AcDbEntity
  8
F.Paste
  6
CONTINUOUS
100
AcDbLine
 10
93.8205299999999909
 20
-62.7756709999999956
 30
0
 11
93.8014999999999901
 21
-62.6799999999999997
 31
0
  0
LINE
  5
86B
330
1A
100
AcDbEntity
  8
F.Paste
  6
CONTINUOUS
100
AcDbLine
 10
93.8014999999999901
 20
-62.6799999999999997
 30
0
 11
93.8014999999999901
 21
-61.779999999999994
 31
0
  0
LINE
  5
86C
330
1A
100
AcDbEntity
  8
F.Paste
  6
CONTINUOUS
100
AcDbLine
 10
93.8014999999999901
 20
-61.779999999999994
 30
0
 11
93.8205299999999909
 21
-61.6843289999999982
 31
0
  0
LINE
  5
86D
330
1A
100
AcDbEntity
  8
F.Paste
  6
CONTINUOUS
100
AcDbLine
 10
93.8205299999999909
 20
-61.6843289999999982
 30
0
 11
93.8747229999999888
 21
-61.6032229999999998
 31
0
  0
LINE
  5
86E
330
1A
100
AcDbEntity
  8
F.Paste
  6
CONTINUOUS
100
AcDbLine
 10
93.8747229999999888
 20
-61.6032229999999998
 30
0
 11
93.9558289999999943
 21
-61.5490299999999948
 31
0
  0
LINE
  5
86F
330
1A
100
AcDbEntity
  8
F.Paste
  6
CONTINUOUS
100
AcDbLine
 10
93.9558289999999943
 20
-61.5490299999999948
 30
0
 11
94.0514999999999901
 21
-61.529999999999994
 31
0
  0
LINE
  5
870
330
1A
100
AcDbEntity
  8
F.Paste
  6
CONTINUOUS
100
AcDbLine
 10
94.0514999999999901
 20
-61.529999999999994
 30
0
 11
94.5764999999999958
 21
-61.529999999999994
 31
0
  0
LINE
  5
871
330
1A
100
AcDbEntity
  8
F.Paste
  6
CONTINUOUS
100
AcDbLine
 10
94.5764999999999958
 20
-61.529999999999994
 30
0
 11
94.6721709999999916
 21
-61.5490299999999948
 31
0
  0
LINE
  5
872
330
1A
100
AcDbEntity
  8
F.Paste
  6
CONTINUOUS
100
AcDbLine
 10
96.4971709999999945
 20
-61.5490299999999948
 30
0
 11
96.5782769999999999
 21
-61.6032229999999998
 31
0
  0
LINE
  5
873
330
1A
100
AcDbEntity
  8
F.Paste
  6
CONTINUOUS
100
AcDbLine
 10
96.5782769999999999
 20
-61.6032229999999998
 30
0
 11
96.6324699999999979
 21
-61.6843289999999982
 31
0
  0
LINE
  5
874
330
1A
100
AcDbEntity
  8
F.Paste
  6
CONTINUOUS
100
AcDbLine
 10
96.6324699999999979
 20
-61.6843289999999982
 30
0
 11
96.6514999999999986
 21
-61.779999999999994
 31
0
  0
LINE
  5
875
330
1A
100
AcDbEntity
  8
F.Paste
  6
CONTINUOUS
100
AcDbLine
 10
96.6514999999999986
 20
-61.779999999999994
 30
0
 11
96.6514999999999986
 21
-62.6799999999999997
 31
0
  0
LINE
  5
876
330
1A
100
AcDbEntity
  8
F.Paste
  6
CONTINUOUS
100
AcDbLine
 10
96.6514999999999986
 20
-62.6799999999999997
 30
0
 11
96.6324699999999979
 21
-62.7756709999999956
 31
0
  0
LINE
  5
877
330
1A
100
AcDbEntity
  8
F.Paste
  6
CONTINUOUS
100
AcDbLine
 10
96.6324699999999979
 20
-62.7756709999999956
 30
0
 11
96.5782769999999999
 21
-62.8567769999999939
 31
0
  0
LINE
  5
878
330
1A
100
AcDbEntity
  8
F.Paste
  6
CONTINUOUS
100
AcDbLine
 10
96.5782769999999999
 20
-62.8567769999999939
 30
0
 11
96.4971709999999945
 21
-62.9109699999999989
 31
0
  0
LINE
  5
879
330
1A
100
AcDbEntity
  8
F.Paste
  6
CONTINUOUS
100
AcDbLine
 10
96.4971709999999945
 20
-62.9109699999999989
 30
0
 11
96.4014999999999986
 21
-62.9299999999999997
 31
0
  0
LINE
  5
87A
330
1A
100
AcDbEntity
  8
F.Paste
  6
CONTINUOUS
100
AcDbLine
 10
96.4014999999999986
 20
-62.9299999999999997
 30
0
 11
95.876499999999993
 21
-62.9299999999999997
 31
0
  0
LINE
  5
87B
330
1A
100
AcDbEntity
  8
F.Paste
  6
CONTINUOUS
100
AcDbLine
 10
95.876499999999993
 20
-62.9299999999999997
 30
0
 11
95.7808289999999971
 21
-62.9109699999999989
 31
0
  0
LINE
  5
87C
330
1A
100
AcDbEntity
  8
F.Paste
  6
CONTINUOUS
100
AcDbLine
 10
95.7808289999999971
 20
-62.9109699999999989
 30
0
 11
95.6997229999999917
 21
-62.8567769999999939
 31
0
  0
LINE
  5
87D
330
1A
100
AcDbEntity
  8
F.Paste
  6
CONTINUOUS
100
AcDbLine
 10
95.6997229999999917
 20
-62.8567769999999939
 30
0
 11
95.6455299999999937
 21
-62.7756709999999956
 31
0
  0
LINE
  5
87E
330
1A
100
AcDbEntity
  8
F.Paste
  6
CONTINUOUS
100
AcDbLine
 10
95.6455299999999937
 20
-62.7756709999999956
 30
0
 11
95.626499999999993
 21
-62.6799999999999997
 31
0
  0
LINE
  5
87F
330
1A
100
AcDbEntity
  8
F.Paste
  6
CONTINUOUS
100
AcDbLine
 10
95.626499999999993
 20
-62.6799999999999997
 30
0
 11
95.626499999999993
 21
-61.779999999999994
 31
0
  0
LINE
  5
880
330
1A
100
AcDbEntity
  8
F.Paste
  6
CONTINUOUS
100
AcDbLine
 10
95.626499999999993
 20
-61.779999999999994
 30
0
 11
95.6455299999999937
 21
-61.6843289999999982
 31
0
  0
LINE
  5
881
330
1A
100
AcDbEntity
  8
F.Paste
  6
CONTINUOUS
100
AcDbLine
 10
95.6455299999999937
 20
-61.6843289999999982
 30
0
 11
95.6997229999999917
 21
-61.6032229999999998
 31
0
  0
LINE
  5
882
330
1A
100
AcDbEntity
  8
F.Paste
  6
CONTINUOUS
100
AcDbLine
 10
95.6997229999999917
 20
-61.6032229999999998
 30
0
 11
95.7808289999999971
 21
-61.5490299999999948
 31
0
  0
LINE
  5
883
330
1A
100
AcDbEntity
  8
F.Paste
  6
CONTINUOUS
100
AcDbLine
 10
95.7808289999999971
 20
-61.5490299999999948
 30
0
 11
95.876499999999993
 21
-61.529999999999994
 31
0
  0
LINE
  5
884
330
1A
100
AcDbEntity
  8
F.Paste
  6
CONTINUOUS
100
AcDbLine
 10
95.876499999999993
 20
-61.529999999999994
 30
0
 11
96.4014999999999986
 21
-61.529999999999994
 31
0
  0
LINE
  5
885
330
1A
100
AcDbEntity
  8
F.Paste
  6
CONTINUOUS
100
AcDbLine
 10
96.4014999999999986
 20
-61.529999999999994
 30
0
 11
96.4971709999999945
 21
-61.5490299999999948
 31
0
  0
LINE
  5
886
330
1A
100
AcDbEntity
  8
F.Paste
  6
CONTINUOUS
100
AcDbLine
 10
98.9241710000000012
 20
-61.7020300000000006
 30
0
 11
99.0052769999999924
 21
-61.7562229999999985
 31
0
  0
LINE
  5
887
330
1A
100
AcDbEntity
  8
F.Paste
  6
CONTINUOUS
100
AcDbLine
 10
99.0052769999999924
 20
-61.7562229999999985
 30
0
 11
99.0594699999999904
 21
-61.8373289999999969
 31
0
  0
LINE
  5
888
330
1A
100
AcDbEntity
  8
F.Paste
  6
CONTINUOUS
100
AcDbLine
 10
99.0594699999999904
 20
-61.8373289999999969
 30
0
 11
99.0784999999999911
 21
-61.9329999999999998
 31
0
  0
LINE
  5
889
330
1A
100
AcDbEntity
  8
F.Paste
  6
CONTINUOUS
100
AcDbLine
 10
99.0784999999999911
 20
-61.9329999999999998
 30
0
 11
99.0784999999999911
 21
-62.5329999999999941
 31
0
  0
LINE
  5
88A
330
1A
100
AcDbEntity
  8
F.Paste
  6
CONTINUOUS
100
AcDbLine
 10
99.0784999999999911
 20
-62.5329999999999941
 30
0
 11
99.0594699999999904
 21
-62.6286709999999971
 31
0
  0
LINE
  5
88B
330
1A
100
AcDbEntity
  8
F.Paste
  6
CONTINUOUS
100
AcDbLine
 10
99.0594699999999904
 20
-62.6286709999999971
 30
0
 11
99.0052769999999924
 21
-62.7097769999999954
 31
0
  0
LINE
  5
88C
330
1A
100
AcDbEntity
  8
F.Paste
  6
CONTINUOUS
100
AcDbLine
 10
99.0052769999999924
 20
-62.7097769999999954
 30
0
 11
98.9241710000000012
 21
-62.7639700000000005
 31
0
  0
LINE
  5
88D
330
1A
100
AcDbEntity
  8
F.Paste
  6
CONTINUOUS
100
AcDbLine
 10
98.9241710000000012
 20
-62.7639700000000005
 30
0
 11
98.8284999999999911
 21
-62.7829999999999941
 31
0
  0
LINE
  5
88E
330
1A
100
AcDbEntity
  8
F.Paste
  6
CONTINUOUS
100
AcDbLine
 10
98.8284999999999911
 20
-62.7829999999999941
 30
0
 11
98.2284999999999968
 21
-62.7829999999999941
 31
0
  0
LINE
  5
88F
330
1A
100
AcDbEntity
  8
F.Paste
  6
CONTINUOUS
100
AcDbLine
 10
98.2284999999999968
 20
-62.7829999999999941
 30
0
 11
98.132829000000001
 21
-62.7639700000000005
 31
0
  0
LINE
  5
890
330
1A
100
AcDbEntity
  8
F.Paste
  6
CONTINUOUS
100
AcDbLine
 10
98.132829000000001
 20
-62.7639700000000005
 30
0
 11
98.0517229999999955
 21
-62.7097769999999954
 31
0
  0
LINE
  5
891
330
1A
100
AcDbEntity
  8
F.Paste
  6
CONTINUOUS
100
AcDbLine
 10
98.0517229999999955
 20
-62.7097769999999954
 30
0
 11
97.9975299999999976
 21
-62.6286709999999971
 31
0
  0
LINE
  5
892
330
1A
100
AcDbEntity
  8
F.Paste
  6
CONTINUOUS
100
AcDbLine
 10
97.9975299999999976
 20
-62.6286709999999971
 30
0
 11
97.9784999999999968
 21
-62.5329999999999941
 31
0
  0
LINE
  5
893
330
1A
100
AcDbEntity
  8
F.Paste
  6
CONTINUOUS
100
AcDbLine
 10
97.9784999999999968
 20
-62.5329999999999941
 30
0
 11
97.9784999999999968
 21
-61.9329999999999998
 31
0
  0
LINE
  5
894
330
1A
100
AcDbEntity
  8
F.Paste
  6
CONTINUOUS
100
AcDbLine
 10
97.9784999999999968
 20
-61.9329999999999998
 30
0
 11
97.9975299999999976
 21
-61.8373289999999969
 31
0
  0
LINE
  5
895
330
1A
100
AcDbEntity
  8
F.Paste
  6
CONTINUOUS
100
AcDbLine
 10
97.9975299999999976
 20
-61.8373289999999969
 30
0
 11
98.0517229999999955
 21
-61.7562229999999985
 31
0
  0
LINE
  5
896
330
1A
100
AcDbEntity
  8
F.Paste
  6
CONTINUOUS
100
AcDbLine
 10
98.0517229999999955
 20
-61.7562229999999985
 30
0
 11
98.132829000000001
 21
-61.7020300000000006
 31
0
  0
LINE
  5
897
330
1A
100
AcDbEntity
  8
F.Paste
  6
CONTINUOUS
100
AcDbLine
 10
98.132829000000001
 20
-61.7020300000000006
 30
0
 11
98.2284999999999968
 21
-61.6829999999999998
 31
0
  0
LINE
  5
898
330
1A
100
AcDbEntity
  8
F.Paste
  6
CONTINUOUS
100
AcDbLine
 10
98.2284999999999968
 20
-61.6829999999999998
 30
0
 11
98.8284999999999911
 21
-61.6829999999999998
 31
0
  0
LINE
  5
899
330
1A
100
AcDbEntity
  8
F.Paste
  6
CONTINUOUS
100
AcDbLine
 10
98.8284999999999911
 20
-61.6829999999999998
 30
0
 11
98.9241710000000012
 21
-61.7020300000000006
 31
0
  0
LINE
  5
89A
330
1A
100
AcDbEntity
  8
F.Paste
  6
CONTINUOUS
100
AcDbLine
 10
88.1756709999999941
 20
-60.8456299999999999
 30
0
 11
88.2567769999999996
 21
-60.8998229999999978
 31
0
  0
LINE
  5
89B
330
1A
100
AcDbEntity
  8
F.Paste
  6
CONTINUOUS
100
AcDbLine
 10
88.2567769999999996
 20
-60.8998229999999978
 30
0
 11
88.3109699999999975
 21
-60.9809289999999962
 31
0
  0
LINE
  5
89C
330
1A
100
AcDbEntity
  8
F.Paste
  6
CONTINUOUS
100
AcDbLine
 10
88.3109699999999975
 20
-60.9809289999999962
 30
0
 11
88.3299999999999983
 21
-61.0765999999999991
 31
0
  0
LINE
  5
89D
330
1A
100
AcDbEntity
  8
F.Paste
  6
CONTINUOUS
100
AcDbLine
 10
88.3299999999999983
 20
-61.0765999999999991
 30
0
 11
88.3299999999999983
 21
-61.6015999999999977
 31
0
  0
LINE
  5
89E
330
1A
100
AcDbEntity
  8
F.Paste
  6
CONTINUOUS
100
AcDbLine
 10
88.3299999999999983
 20
-61.6015999999999977
 30
0
 11
88.3109699999999975
 21
-61.6972710000000006
 31
0
  0
LINE
  5
89F
330
1A
100
AcDbEntity
  8
F.Paste
  6
CONTINUOUS
100
AcDbLine
 10
88.3109699999999975
 20
-61.6972710000000006
 30
0
 11
88.2567769999999996
 21
-61.778376999999999
 31
0
  0
LINE
  5
8A0
330
1A
100
AcDbEntity
  8
F.Paste
  6
CONTINUOUS
100
AcDbLine
 10
88.2567769999999996
 20
-61.778376999999999
 30
0
 11
88.1756709999999941
 21
-61.8325699999999969
 31
0
  0
LINE
  5
8A1
330
1A
100
AcDbEntity
  8
F.Paste
  6
CONTINUOUS
100
AcDbLine
 10
88.1756709999999941
 20
-61.8325699999999969
 30
0
 11
88.0799999999999983
 21
-61.8515999999999977
 31
0
  0
LINE
  5
8A2
330
1A
100
AcDbEntity
  8
F.Paste
  6
CONTINUOUS
100
AcDbLine
 10
88.0799999999999983
 20
-61.8515999999999977
 30
0
 11
87.1799999999999926
 21
-61.8515999999999977
 31
0
  0
LINE
  5
8A3
330
1A
100
AcDbEntity
  8
F.Paste
  6
CONTINUOUS
100
AcDbLine
 10
87.1799999999999926
 20
-61.8515999999999977
 30
0
 11
87.0843289999999968
 21
-61.8325699999999969
 31
0
  0
LINE
  5
8A4
330
1A
100
AcDbEntity
  8
F.Paste
  6
CONTINUOUS
100
AcDbLine
 10
87.0843289999999968
 20
-61.8325699999999969
 30
0
 11
87.0032229999999913
 21
-61.778376999999999
 31
0
  0
LINE
  5
8A5
330
1A
100
AcDbEntity
  8
F.Paste
  6
CONTINUOUS
100
AcDbLine
 10
87.0032229999999913
 20
-61.778376999999999
 30
0
 11
86.9490299999999934
 21
-61.6972710000000006
 31
0
  0
LINE
  5
8A6
330
1A
100
AcDbEntity
  8
F.Paste
  6
CONTINUOUS
100
AcDbLine
 10
86.9490299999999934
 20
-61.6972710000000006
 30
0
 11
86.9299999999999926
 21
-61.6015999999999977
 31
0
  0
LINE
  5
8A7
330
1A
100
AcDbEntity
  8
F.Paste
  6
CONTINUOUS
100
AcDbLine
 10
86.9299999999999926
 20
-61.6015999999999977
 30
0
 11
86.9299999999999926
 21
-61.0765999999999991
 31
0
  0
LINE
  5
8A8
330
1A
100
AcDbEntity
  8
F.Paste
  6
CONTINUOUS
100
AcDbLine
 10
86.9299999999999926
 20
-61.0765999999999991
 30
0
 11
86.9490299999999934
 21
-60.9809289999999962
 31
0
  0
LINE
  5
8A9
330
1A
100
AcDbEntity
  8
F.Paste
  6
CONTINUOUS
100
AcDbLine
 10
86.9490299999999934
 20
-60.9809289999999962
 30
0
 11
87.0032229999999913
 21
-60.8998229999999978
 31
0
  0
LINE
  5
8AA
330
1A
100
AcDbEntity
  8
F.Paste
  6
CONTINUOUS
100
AcDbLine
 10
87.0032229999999913
 20
-60.8998229999999978
 30
0
 11
87.0843289999999968
 21
-60.8456299999999999
 31
0
  0
LINE
  5
8AB
330
1A
100
AcDbEntity
  8
F.Paste
  6
CONTINUOUS
100
AcDbLine
 10
87.0843289999999968
 20
-60.8456299999999999
 30
0
 11
87.1799999999999926
 21
-60.8265999999999991
 31
0
  0
LINE
  5
8AC
330
1A
100
AcDbEntity
  8
F.Paste
  6
CONTINUOUS
100
AcDbLine
 10
87.1799999999999926
 20
-60.8265999999999991
 30
0
 11
88.0799999999999983
 21
-60.8265999999999991
 31
0
  0
LINE
  5
8AD
330
1A
100
AcDbEntity
  8
F.Paste
  6
CONTINUOUS
100
AcDbLine
 10
88.0799999999999983
 20
-60.8265999999999991
 30
0
 11
88.1756709999999941
 21
-60.8456299999999999
 31
0
  0
LINE
  5
8AE
330
1A
100
AcDbEntity
  8
F.Paste
  6
CONTINUOUS
100
AcDbLine
 10
101.1858029999999928
 20
-60.0544179999999983
 30
0
 11
101.2344659999999976
 21
-60.0869339999999994
 31
0
  0
LINE
  5
8AF
330
1A
100
AcDbEntity
  8
F.Paste
  6
CONTINUOUS
100
AcDbLine
 10
101.2344659999999976
 20
-60.0869339999999994
 30
0
 11
101.2669819999999987
 21
-60.1355969999999971
 31
0
  0
LINE
  5
8B0
330
1A
100
AcDbEntity
  8
F.Paste
  6
CONTINUOUS
100
AcDbLine
 10
101.2669819999999987
 20
-60.1355969999999971
 30
0
 11
101.2783999999999907
 21
-60.1929999999999978
 31
0
  0
LINE
  5
8B1
330
1A
100
AcDbEntity
  8
F.Paste
  6
CONTINUOUS
100
AcDbLine
 10
101.2783999999999907
 20
-60.1929999999999978
 30
0
 11
101.2783999999999907
 21
-60.9429999999999978
 31
0
  0
LINE
  5
8B2
330
1A
100
AcDbEntity
  8
F.Paste
  6
CONTINUOUS
100
AcDbLine
 10
101.2783999999999907
 20
-60.9429999999999978
 30
0
 11
101.2669819999999987
 21
-61.0004029999999986
 31
0
  0
LINE
  5
8B3
330
1A
100
AcDbEntity
  8
F.Paste
  6
CONTINUOUS
100
AcDbLine
 10
101.2669819999999987
 20
-61.0004029999999986
 30
0
 11
101.2344659999999976
 21
-61.0490659999999963
 31
0
  0
LINE
  5
8B4
330
1A
100
AcDbEntity
  8
F.Paste
  6
CONTINUOUS
100
AcDbLine
 10
101.2344659999999976
 20
-61.0490659999999963
 30
0
 11
101.1858029999999928
 21
-61.0815819999999974
 31
0
  0
LINE
  5
8B5
330
1A
100
AcDbEntity
  8
F.Paste
  6
CONTINUOUS
100
AcDbLine
 10
101.1858029999999928
 20
-61.0815819999999974
 30
0
 11
101.1283999999999992
 21
-61.0929999999999964
 31
0
  0
LINE
  5
8B6
330
1A
100
AcDbEntity
  8
F.Paste
  6
CONTINUOUS
100
AcDbLine
 10
101.1283999999999992
 20
-61.0929999999999964
 30
0
 11
100.828400000000002
 21
-61.0929999999999964
 31
0
  0
LINE
  5
8B7
330
1A
100
AcDbEntity
  8
F.Paste
  6
CONTINUOUS
100
AcDbLine
 10
100.828400000000002
 20
-61.0929999999999964
 30
0
 11
100.7709969999999942
 21
-61.0815819999999974
 31
0
  0
LINE
  5
8B8
330
1A
100
AcDbEntity
  8
F.Paste
  6
CONTINUOUS
100
AcDbLine
 10
100.7709969999999942
 20
-61.0815819999999974
 30
0
 11
100.7223339999999894
 21
-61.0490659999999963
 31
0
  0
LINE
  5
8B9
330
1A
100
AcDbEntity
  8
F.Paste
  6
CONTINUOUS
100
AcDbLine
 10
100.7223339999999894
 20
-61.0490659999999963
 30
0
 11
100.6898180000000025
 21
-61.0004029999999986
 31
0
  0
LINE
  5
8BA
330
1A
100
AcDbEntity
  8
F.Paste
  6
CONTINUOUS
100
AcDbLine
 10
100.6898180000000025
 20
-61.0004029999999986
 30
0
 11
100.6783999999999963
 21
-60.9429999999999978
 31
0
  0
LINE
  5
8BB
330
1A
100
AcDbEntity
  8
F.Paste
  6
CONTINUOUS
100
AcDbLine
 10
100.6783999999999963
 20
-60.9429999999999978
 30
0
 11
100.6783999999999963
 21
-60.1929999999999978
 31
0
  0
LINE
  5
8BC
330
1A
100
AcDbEntity
  8
F.Paste
  6
CONTINUOUS
100
AcDbLine
 10
100.6783999999999963
 20
-60.1929999999999978
 30
0
 11
100.6898180000000025
 21
-60.1355969999999971
 31
0
  0
LINE
  5
8BD
330
1A
100
AcDbEntity
  8
F.Paste
  6
CONTINUOUS
100
AcDbLine
 10
100.6898180000000025
 20
-60.1355969999999971
 30
0
 11
100.7223339999999894
 21
-60.0869339999999994
 31
0
  0
LINE
  5
8BE
330
1A
100
AcDbEntity
  8
F.Paste
  6
CONTINUOUS
100
AcDbLine
 10
100.7223339999999894
 20
-60.0869339999999994
 30
0
 11
100.7709969999999942
 21
-60.0544179999999983
 31
0
  0
LINE
  5
8BF
330
1A
100
AcDbEntity
  8
F.Paste
  6
CONTINUOUS
100
AcDbLine
 10
100.7709969999999942
 20
-60.0544179999999983
 30
0
 11
100.828400000000002
 21
-60.0429999999999993
 31
0
  0
LINE
  5
8C0
330
1A
100
AcDbEntity
  8
F.Paste
  6
CONTINUOUS
100
AcDbLine
 10
100.828400000000002
 20
-60.0429999999999993
 30
0
 11
101.1283999999999992
 21
-60.0429999999999993
 31
0
  0
LINE
  5
8C1
330
1A
100
AcDbEntity
  8
F.Paste
  6
CONTINUOUS
100
AcDbLine
 10
101.1283999999999992
 20
-60.0429999999999993
 30
0
 11
101.1858029999999928
 21
-60.0544179999999983
 31
0
  0
LINE
  5
8C2
330
1A
100
AcDbEntity
  8
F.Paste
  6
CONTINUOUS
100
AcDbLine
 10
102.4558029999999889
 20
-60.0544179999999983
 30
0
 11
102.5044659999999936
 21
-60.0869339999999994
 31
0
  0
LINE
  5
8C3
330
1A
100
AcDbEntity
  8
F.Paste
  6
CONTINUOUS
100
AcDbLine
 10
102.5044659999999936
 20
-60.0869339999999994
 30
0
 11
102.5369819999999947
 21
-60.1355969999999971
 31
0
  0
LINE
  5
8C4
330
1A
100
AcDbEntity
  8
F.Paste
  6
CONTINUOUS
100
AcDbLine
 10
102.5369819999999947
 20
-60.1355969999999971
 30
0
 11
102.5484000000000009
 21
-60.1929999999999978
 31
0
  0
LINE
  5
8C5
330
1A
100
AcDbEntity
  8
F.Paste
  6
CONTINUOUS
100
AcDbLine
 10
102.5484000000000009
 20
-60.1929999999999978
 30
0
 11
102.5484000000000009
 21
-60.9429999999999978
 31
0
  0
LINE
  5
8C6
330
1A
100
AcDbEntity
  8
F.Paste
  6
CONTINUOUS
100
AcDbLine
 10
102.5484000000000009
 20
-60.9429999999999978
 30
0
 11
102.5369819999999947
 21
-61.0004029999999986
 31
0
  0
LINE
  5
8C7
330
1A
100
AcDbEntity
  8
F.Paste
  6
CONTINUOUS
100
AcDbLine
 10
102.5369819999999947
 20
-61.0004029999999986
 30
0
 11
102.5044659999999936
 21
-61.0490659999999963
 31
0
  0
LINE
  5
8C8
330
1A
100
AcDbEntity
  8
F.Paste
  6
CONTINUOUS
100
AcDbLine
 10
102.5044659999999936
 20
-61.0490659999999963
 30
0
 11
102.4558029999999889
 21
-61.0815819999999974
 31
0
  0
LINE
  5
8C9
330
1A
100
AcDbEntity
  8
F.Paste
  6
CONTINUOUS
100
AcDbLine
 10
102.4558029999999889
 20
-61.0815819999999974
 30
0
 11
102.3983999999999952
 21
-61.0929999999999964
 31
0
  0
LINE
  5
8CA
330
1A
100
AcDbEntity
  8
F.Paste
  6
CONTINUOUS
100
AcDbLine
 10
102.3983999999999952
 20
-61.0929999999999964
 30
0
 11
102.098399999999998
 21
-61.0929999999999964
 31
0
  0
LINE
  5
8CB
330
1A
100
AcDbEntity
  8
F.Paste
  6
CONTINUOUS
100
AcDbLine
 10
102.098399999999998
 20
-61.0929999999999964
 30
0
 11
102.0409969999999902
 21
-61.0815819999999974
 31
0
  0
LINE
  5
8CC
330
1A
100
AcDbEntity
  8
F.Paste
  6
CONTINUOUS
100
AcDbLine
 10
102.0409969999999902
 20
-61.0815819999999974
 30
0
 11
101.9923339999999996
 21
-61.0490659999999963
 31
0
  0
LINE
  5
8CD
330
1A
100
AcDbEntity
  8
F.Paste
  6
CONTINUOUS
100
AcDbLine
 10
101.9923339999999996
 20
-61.0490659999999963
 30
0
 11
101.9598179999999985
 21
-61.0004029999999986
 31
0
  0
LINE
  5
8CE
330
1A
100
AcDbEntity
  8
F.Paste
  6
CONTINUOUS
100
AcDbLine
 10
101.9598179999999985
 20
-61.0004029999999986
 30
0
 11
101.9483999999999924
 21
-60.9429999999999978
 31
0
  0
LINE
  5
8CF
330
1A
100
AcDbEntity
  8
F.Paste
  6
CONTINUOUS
100
AcDbLine
 10
101.9483999999999924
 20
-60.9429999999999978
 30
0
 11
101.9483999999999924
 21
-60.1929999999999978
 31
0
  0
LINE
  5
8D0
330
1A
100
AcDbEntity
  8
F.Paste
  6
CONTINUOUS
100
AcDbLine
 10
101.9483999999999924
 20
-60.1929999999999978
 30
0
 11
101.9598179999999985
 21
-60.1355969999999971
 31
0
  0
LINE
  5
8D1
330
1A
100
AcDbEntity
  8
F.Paste
  6
CONTINUOUS
100
AcDbLine
 10
101.9598179999999985
 20
-60.1355969999999971
 30
0
 11
101.9923339999999996
 21
-60.0869339999999994
 31
0
  0
LINE
  5
8D2
330
1A
100
AcDbEntity
  8
F.Paste
  6
CONTINUOUS
100
AcDbLine
 10
101.9923339999999996
 20
-60.0869339999999994
 30
0
 11
102.0409969999999902
 21
-60.0544179999999983
 31
0
  0
LINE
  5
8D3
330
1A
100
AcDbEntity
  8
F.Paste
  6
CONTINUOUS
100
AcDbLine
 10
102.0409969999999902
 20
-60.0544179999999983
 30
0
 11
102.098399999999998
 21
-60.0429999999999993
 31
0
  0
LINE
  5
8D4
330
1A
100
AcDbEntity
  8
F.Paste
  6
CONTINUOUS
100
AcDbLine
 10
102.098399999999998
 20
-60.0429999999999993
 30
0
 11
102.3983999999999952
 21
-60.0429999999999993
 31
0
  0
LINE
  5
8D5
330
1A
100
AcDbEntity
  8
F.Paste
  6
CONTINUOUS
100
AcDbLine
 10
102.3983999999999952
 20
-60.0429999999999993
 30
0
 11
102.4558029999999889
 21
-60.0544179999999983
 31
0
  0
LINE
  5
8D6
330
1A
100
AcDbEntity
  8
F.Paste
  6
CONTINUOUS
100
AcDbLine
 10
103.73580299999999
 20
-60.0544179999999983
 30
0
 11
103.7844659999999948
 21
-60.0869339999999994
 31
0
  0
LINE
  5
8D7
330
1A
100
AcDbEntity
  8
F.Paste
  6
CONTINUOUS
100
AcDbLine
 10
103.7844659999999948
 20
-60.0869339999999994
 30
0
 11
103.8169819999999959
 21
-60.1355969999999971
 31
0
  0
LINE
  5
8D8
330
1A
100
AcDbEntity
  8
F.Paste
  6
CONTINUOUS
100
AcDbLine
 10
103.8169819999999959
 20
-60.1355969999999971
 30
0
 11
103.828400000000002
 21
-60.1929999999999978
 31
0
  0
LINE
  5
8D9
330
1A
100
AcDbEntity
  8
F.Paste
  6
CONTINUOUS
100
AcDbLine
 10
103.828400000000002
 20
-60.1929999999999978
 30
0
 11
103.828400000000002
 21
-60.9429999999999978
 31
0
  0
LINE
  5
8DA
330
1A
100
AcDbEntity
  8
F.Paste
  6
CONTINUOUS
100
AcDbLine
 10
103.828400000000002
 20
-60.9429999999999978
 30
0
 11
103.8169819999999959
 21
-61.0004029999999986
 31
0
  0
LINE
  5
8DB
330
1A
100
AcDbEntity
  8
F.Paste
  6
CONTINUOUS
100
AcDbLine
 10
103.8169819999999959
 20
-61.0004029999999986
 30
0
 11
103.7844659999999948
 21
-61.0490659999999963
 31
0
  0
LINE
  5
8DC
330
1A
100
AcDbEntity
  8
F.Paste
  6
CONTINUOUS
100
AcDbLine
 10
103.7844659999999948
 20
-61.0490659999999963
 30
0
 11
103.73580299999999
 21
-61.0815819999999974
 31
0
  0
LINE
  5
8DD
330
1A
100
AcDbEntity
  8
F.Paste
  6
CONTINUOUS
100
AcDbLine
 10
103.73580299999999
 20
-61.0815819999999974
 30
0
 11
103.6783999999999963
 21
-61.0929999999999964
 31
0
  0
LINE
  5
8DE
330
1A
100
AcDbEntity
  8
F.Paste
  6
CONTINUOUS
100
AcDbLine
 10
103.6783999999999963
 20
-61.0929999999999964
 30
0
 11
103.3783999999999992
 21
-61.0929999999999964
 31
0
  0
LINE
  5
8DF
330
1A
100
AcDbEntity
  8
F.Paste
  6
CONTINUOUS
100
AcDbLine
 10
103.3783999999999992
 20
-61.0929999999999964
 30
0
 11
103.3209969999999913
 21
-61.0815819999999974
 31
0
  0
LINE
  5
8E0
330
1A
100
AcDbEntity
  8
F.Paste
  6
CONTINUOUS
100
AcDbLine
 10
103.3209969999999913
 20
-61.0815819999999974
 30
0
 11
103.2723340000000007
 21
-61.0490659999999963
 31
0
  0
LINE
  5
8E1
330
1A
100
AcDbEntity
  8
F.Paste
  6
CONTINUOUS
100
AcDbLine
 10
103.2723340000000007
 20
-61.0490659999999963
 30
0
 11
103.2398179999999996
 21
-61.0004029999999986
 31
0
  0
LINE
  5
8E2
330
1A
100
AcDbEntity
  8
F.Paste
  6
CONTINUOUS
100
AcDbLine
 10
103.2398179999999996
 20
-61.0004029999999986
 30
0
 11
103.2283999999999935
 21
-60.9429999999999978
 31
0
  0
LINE
  5
8E3
330
1A
100
AcDbEntity
  8
F.Paste
  6
CONTINUOUS
100
AcDbLine
 10
103.2283999999999935
 20
-60.9429999999999978
 30
0
 11
103.2283999999999935
 21
-60.1929999999999978
 31
0
  0
LINE
  5
8E4
330
1A
100
AcDbEntity
  8
F.Paste
  6
CONTINUOUS
100
AcDbLine
 10
103.2283999999999935
 20
-60.1929999999999978
 30
0
 11
103.2398179999999996
 21
-60.1355969999999971
 31
0
  0
LINE
  5
8E5
330
1A
100
AcDbEntity
  8
F.Paste
  6
CONTINUOUS
100
AcDbLine
 10
103.2398179999999996
 20
-60.1355969999999971
 30
0
 11
103.2723340000000007
 21
-60.0869339999999994
 31
0
  0
LINE
  5
8E6
330
1A
100
AcDbEntity
  8
F.Paste
  6
CONTINUOUS
100
AcDbLine
 10
103.2723340000000007
 20
-60.0869339999999994
 30
0
 11
103.3209969999999913
 21
-60.0544179999999983
 31
0
  0
LINE
  5
8E7
330
1A
100
AcDbEntity
  8
F.Paste
  6
CONTINUOUS
100
AcDbLine
 10
103.3209969999999913
 20
-60.0544179999999983
 30
0
 11
103.3783999999999992
 21
-60.0429999999999993
 31
0
  0
LINE
  5
8E8
330
1A
100
AcDbEntity
  8
F.Paste
  6
CONTINUOUS
100
AcDbLine
 10
103.3783999999999992
 20
-60.0429999999999993
 30
0
 11
103.6783999999999963
 21
-60.0429999999999993
 31
0
  0
LINE
  5
8E9
330
1A
100
AcDbEntity
  8
F.Paste
  6
CONTINUOUS
100
AcDbLine
 10
103.6783999999999963
 20
-60.0429999999999993
 30
0
 11
103.73580299999999
 21
-60.0544179999999983
 31
0
  0
LINE
  5
8EA
330
1A
100
AcDbEntity
  8
F.Paste
  6
CONTINUOUS
100
AcDbLine
 10
105.0058030000000002
 20
-60.0544179999999983
 30
0
 11
105.0544659999999908
 21
-60.0869339999999994
 31
0
  0
LINE
  5
8EB
330
1A
100
AcDbEntity
  8
F.Paste
  6
CONTINUOUS
100
AcDbLine
 10
105.0544659999999908
 20
-60.0869339999999994
 30
0
 11
105.0869819999999919
 21
-60.1355969999999971
 31
0
  0
LINE
  5
8EC
330
1A
100
AcDbEntity
  8
F.Paste
  6
CONTINUOUS
100
AcDbLine
 10
105.0869819999999919
 20
-60.1355969999999971
 30
0
 11
105.098399999999998
 21
-60.1929999999999978
 31
0
  0
LINE
  5
8ED
330
1A
100
AcDbEntity
  8
F.Paste
  6
CONTINUOUS
100
AcDbLine
 10
105.098399999999998
 20
-60.1929999999999978
 30
0
 11
105.098399999999998
 21
-60.9429999999999978
 31
0
  0
LINE
  5
8EE
330
1A
100
AcDbEntity
  8
F.Paste
  6
CONTINUOUS
100
AcDbLine
 10
105.098399999999998
 20
-60.9429999999999978
 30
0
 11
105.0869819999999919
 21
-61.0004029999999986
 31
0
  0
LINE
  5
8EF
330
1A
100
AcDbEntity
  8
F.Paste
  6
CONTINUOUS
100
AcDbLine
 10
105.0869819999999919
 20
-61.0004029999999986
 30
0
 11
105.0544659999999908
 21
-61.0490659999999963
 31
0
  0
LINE
  5
8F0
330
1A
100
AcDbEntity
  8
F.Paste
  6
CONTINUOUS
100
AcDbLine
 10
105.0544659999999908
 20
-61.0490659999999963
 30
0
 11
105.0058030000000002
 21
-61.0815819999999974
 31
0
  0
LINE
  5
8F1
330
1A
100
AcDbEntity
  8
F.Paste
  6
CONTINUOUS
100
AcDbLine
 10
105.0058030000000002
 20
-61.0815819999999974
 30
0
 11
104.9483999999999924
 21
-61.0929999999999964
 31
0
  0
LINE
  5
8F2
330
1A
100
AcDbEntity
  8
F.Paste
  6
CONTINUOUS
100
AcDbLine
 10
104.9483999999999924
 20
-61.0929999999999964
 30
0
 11
104.6483999999999952
 21
-61.0929999999999964
 31
0
  0
LINE
  5
8F3
330
1A
100
AcDbEntity
  8
F.Paste
  6
CONTINUOUS
100
AcDbLine
 10
104.6483999999999952
 20
-61.0929999999999964
 30
0
 11
104.5909970000000015
 21
-61.0815819999999974
 31
0
  0
LINE
  5
8F4
330
1A
100
AcDbEntity
  8
F.Paste
  6
CONTINUOUS
100
AcDbLine
 10
104.5909970000000015
 20
-61.0815819999999974
 30
0
 11
104.5423339999999968
 21
-61.0490659999999963
 31
0
  0
LINE
  5
8F5
330
1A
100
AcDbEntity
  8
F.Paste
  6
CONTINUOUS
100
AcDbLine
 10
104.5423339999999968
 20
-61.0490659999999963
 30
0
 11
104.5098179999999957
 21
-61.0004029999999986
 31
0
  0
LINE
  5
8F6
330
1A
100
AcDbEntity
  8
F.Paste
  6
CONTINUOUS
100
AcDbLine
 10
104.5098179999999957
 20
-61.0004029999999986
 30
0
 11
104.4983999999999895
 21
-60.9429999999999978
 31
0
  0
LINE
  5
8F7
330
1A
100
AcDbEntity
  8
F.Paste
  6
CONTINUOUS
100
AcDbLine
 10
104.4983999999999895
 20
-60.9429999999999978
 30
0
 11
104.4983999999999895
 21
-60.1929999999999978
 31
0
  0
LINE
  5
8F8
330
1A
100
AcDbEntity
  8
F.Paste
  6
CONTINUOUS
100
AcDbLine
 10
104.4983999999999895
 20
-60.1929999999999978
 30
0
 11
104.5098179999999957
 21
-60.1355969999999971
 31
0
  0
LINE
  5
8F9
330
1A
100
AcDbEntity
  8
F.Paste
  6
CONTINUOUS
100
AcDbLine
 10
104.5098179999999957
 20
-60.1355969999999971
 30
0
 11
104.5423339999999968
 21
-60.0869339999999994
 31
0
  0
LINE
  5
8FA
330
1A
100
AcDbEntity
  8
F.Paste
  6
CONTINUOUS
100
AcDbLine
 10
104.5423339999999968
 20
-60.0869339999999994
 30
0
 11
104.5909970000000015
 21
-60.0544179999999983
 31
0
  0
LINE
  5
8FB
330
1A
100
AcDbEntity
  8
F.Paste
  6
CONTINUOUS
100
AcDbLine
 10
104.5909970000000015
 20
-60.0544179999999983
 30
0
 11
104.6483999999999952
 21
-60.0429999999999993
 31
0
  0
LINE
  5
8FC
330
1A
100
AcDbEntity
  8
F.Paste
  6
CONTINUOUS
100
AcDbLine
 10
104.6483999999999952
 20
-60.0429999999999993
 30
0
 11
104.9483999999999924
 21
-60.0429999999999993
 31
0
  0
LINE
  5
8FD
330
1A
100
AcDbEntity
  8
F.Paste
  6
CONTINUOUS
100
AcDbLine
 10
104.9483999999999924
 20
-60.0429999999999993
 30
0
 11
105.0058030000000002
 21
-60.0544179999999983
 31
0
  0
LINE
  5
8FE
330
1A
100
AcDbEntity
  8
F.Paste
  6
CONTINUOUS
100
AcDbLine
 10
106.9332029999999918
 20
-60.0544179999999983
 30
0
 11
106.9818659999999966
 21
-60.0869339999999994
 31
0
  0
LINE
  5
8FF
330
1A
100
AcDbEntity
  8
F.Paste
  6
CONTINUOUS
100
AcDbLine
 10
106.9818659999999966
 20
-60.0869339999999994
 30
0
 11
107.0143819999999977
 21
-60.1355969999999971
 31
0
  0
LINE
  5
900
330
1A
100
AcDbEntity
  8
F.Paste
  6
CONTINUOUS
100
AcDbLine
 10
107.0143819999999977
 20
-60.1355969999999971
 30
0
 11
107.0257999999999896
 21
-60.1929999999999978
 31
0
  0
LINE
  5
901
330
1A
100
AcDbEntity
  8
F.Paste
  6
CONTINUOUS
100
AcDbLine
 10
107.0257999999999896
 20
-60.1929999999999978
 30
0
 11
107.0257999999999896
 21
-60.9429999999999978
 31
0
  0
LINE
  5
902
330
1A
100
AcDbEntity
  8
F.Paste
  6
CONTINUOUS
100
AcDbLine
 10
107.0257999999999896
 20
-60.9429999999999978
 30
0
 11
107.0143819999999977
 21
-61.0004029999999986
 31
0
  0
LINE
  5
903
330
1A
100
AcDbEntity
  8
F.Paste
  6
CONTINUOUS
100
AcDbLine
 10
107.0143819999999977
 20
-61.0004029999999986
 30
0
 11
106.9818659999999966
 21
-61.0490659999999963
 31
0
  0
LINE
  5
904
330
1A
100
AcDbEntity
  8
F.Paste
  6
CONTINUOUS
100
AcDbLine
 10
106.9818659999999966
 20
-61.0490659999999963
 30
0
 11
106.9332029999999918
 21
-61.0815819999999974
 31
0
  0
LINE
  5
905
330
1A
100
AcDbEntity
  8
F.Paste
  6
CONTINUOUS
100
AcDbLine
 10
106.9332029999999918
 20
-61.0815819999999974
 30
0
 11
106.8757999999999981
 21
-61.0929999999999964
 31
0
  0
LINE
  5
906
330
1A
100
AcDbEntity
  8
F.Paste
  6
CONTINUOUS
100
AcDbLine
 10
106.8757999999999981
 20
-61.0929999999999964
 30
0
 11
106.575800000000001
 21
-61.0929999999999964
 31
0
  0
LINE
  5
907
330
1A
100
AcDbEntity
  8
F.Paste
  6
CONTINUOUS
100
AcDbLine
 10
106.575800000000001
 20
-61.0929999999999964
 30
0
 11
106.5183969999999931
 21
-61.0815819999999974
 31
0
  0
LINE
  5
908
330
1A
100
AcDbEntity
  8
F.Paste
  6
CONTINUOUS
100
AcDbLine
 10
106.5183969999999931
 20
-61.0815819999999974
 30
0
 11
106.4697339999999883
 21
-61.0490659999999963
 31
0
  0
LINE
  5
909
330
1A
100
AcDbEntity
  8
F.Paste
  6
CONTINUOUS
100
AcDbLine
 10
106.4697339999999883
 20
-61.0490659999999963
 30
0
 11
106.4372180000000014
 21
-61.0004029999999986
 31
0
  0
LINE
  5
90A
330
1A
100
AcDbEntity
  8
F.Paste
  6
CONTINUOUS
100
AcDbLine
 10
106.4372180000000014
 20
-61.0004029999999986
 30
0
 11
106.4257999999999953
 21
-60.9429999999999978
 31
0
  0
LINE
  5
90B
330
1A
100
AcDbEntity
  8
F.Paste
  6
CONTINUOUS
100
AcDbLine
 10
106.4257999999999953
 20
-60.9429999999999978
 30
0
 11
106.4257999999999953
 21
-60.1929999999999978
 31
0
  0
LINE
  5
90C
330
1A
100
AcDbEntity
  8
F.Paste
  6
CONTINUOUS
100
AcDbLine
 10
106.4257999999999953
 20
-60.1929999999999978
 30
0
 11
106.4372180000000014
 21
-60.1355969999999971
 31
0
  0
LINE
  5
90D
330
1A
100
AcDbEntity
  8
F.Paste
  6
CONTINUOUS
100
AcDbLine
 10
106.4372180000000014
 20
-60.1355969999999971
 30
0
 11
106.4697339999999883
 21
-60.0869339999999994
 31
0
  0
LINE
  5
90E
330
1A
100
AcDbEntity
  8
F.Paste
  6
CONTINUOUS
100
AcDbLine
 10
106.4697339999999883
 20
-60.0869339999999994
 30
0
 11
106.5183969999999931
 21
-60.0544179999999983
 31
0
  0
LINE
  5
90F
330
1A
100
AcDbEntity
  8
F.Paste
  6
CONTINUOUS
100
AcDbLine
 10
106.5183969999999931
 20
-60.0544179999999983
 30
0
 11
106.575800000000001
 21
-60.0429999999999993
 31
0
  0
LINE
  5
910
330
1A
100
AcDbEntity
  8
F.Paste
  6
CONTINUOUS
100
AcDbLine
 10
106.575800000000001
 20
-60.0429999999999993
 30
0
 11
106.8757999999999981
 21
-60.0429999999999993
 31
0
  0
LINE
  5
911
330
1A
100
AcDbEntity
  8
F.Paste
  6
CONTINUOUS
100
AcDbLine
 10
106.8757999999999981
 20
-60.0429999999999993
 30
0
 11
106.9332029999999918
 21
-60.0544179999999983
 31
0
  0
LINE
  5
912
330
1A
100
AcDbEntity
  8
F.Paste
  6
CONTINUOUS
100
AcDbLine
 10
108.203203000000002
 20
-60.0544179999999983
 30
0
 11
108.2518659999999926
 21
-60.0869339999999994
 31
0
  0
LINE
  5
913
330
1A
100
AcDbEntity
  8
F.Paste
  6
CONTINUOUS
100
AcDbLine
 10
108.2518659999999926
 20
-60.0869339999999994
 30
0
 11
108.2843819999999937
 21
-60.1355969999999971
 31
0
  0
LINE
  5
914
330
1A
100
AcDbEntity
  8
F.Paste
  6
CONTINUOUS
100
AcDbLine
 10
108.2843819999999937
 20
-60.1355969999999971
 30
0
 11
108.2957999999999998
 21
-60.1929999999999978
 31
0
  0
LINE
  5
915
330
1A
100
AcDbEntity
  8
F.Paste
  6
CONTINUOUS
100
AcDbLine
 10
108.2957999999999998
 20
-60.1929999999999978
 30
0
 11
108.2957999999999998
 21
-60.9429999999999978
 31
0
  0
LINE
  5
916
330
1A
100
AcDbEntity
  8
F.Paste
  6
CONTINUOUS
100
AcDbLine
 10
108.2957999999999998
 20
-60.9429999999999978
 30
0
 11
108.2843819999999937
 21
-61.0004029999999986
 31
0
  0
LINE
  5
917
330
1A
100
AcDbEntity
  8
F.Paste
  6
CONTINUOUS
100
AcDbLine
 10
108.2843819999999937
 20
-61.0004029999999986
 30
0
 11
108.2518659999999926
 21
-61.0490659999999963
 31
0
  0
LINE
  5
918
330
1A
100
AcDbEntity
  8
F.Paste
  6
CONTINUOUS
100
AcDbLine
 10
108.2518659999999926
 20
-61.0490659999999963
 30
0
 11
108.203203000000002
 21
-61.0815819999999974
 31
0
  0
LINE
  5
919
330
1A
100
AcDbEntity
  8
F.Paste
  6
CONTINUOUS
100
AcDbLine
 10
108.203203000000002
 20
-61.0815819999999974
 30
0
 11
108.1457999999999942
 21
-61.0929999999999964
 31
0
  0
LINE
  5
91A
330
1A
100
AcDbEntity
  8
F.Paste
  6
CONTINUOUS
100
AcDbLine
 10
108.1457999999999942
 20
-61.0929999999999964
 30
0
 11
107.845799999999997
 21
-61.0929999999999964
 31
0
  0
LINE
  5
91B
330
1A
100
AcDbEntity
  8
F.Paste
  6
CONTINUOUS
100
AcDbLine
 10
107.845799999999997
 20
-61.0929999999999964
 30
0
 11
107.7883969999999891
 21
-61.0815819999999974
 31
0
  0
LINE
  5
91C
330
1A
100
AcDbEntity
  8
F.Paste
  6
CONTINUOUS
100
AcDbLine
 10
107.7883969999999891
 20
-61.0815819999999974
 30
0
 11
107.7397339999999986
 21
-61.0490659999999963
 31
0
  0
LINE
  5
91D
330
1A
100
AcDbEntity
  8
F.Paste
  6
CONTINUOUS
100
AcDbLine
 10
107.7397339999999986
 20
-61.0490659999999963
 30
0
 11
107.7072179999999975
 21
-61.0004029999999986
 31
0
  0
LINE
  5
91E
330
1A
100
AcDbEntity
  8
F.Paste
  6
CONTINUOUS
100
AcDbLine
 10
107.7072179999999975
 20
-61.0004029999999986
 30
0
 11
107.6957999999999913
 21
-60.9429999999999978
 31
0
  0
LINE
  5
91F
330
1A
100
AcDbEntity
  8
F.Paste
  6
CONTINUOUS
100
AcDbLine
 10
107.6957999999999913
 20
-60.9429999999999978
 30
0
 11
107.6957999999999913
 21
-60.1929999999999978
 31
0
  0
LINE
  5
920
330
1A
100
AcDbEntity
  8
F.Paste
  6
CONTINUOUS
100
AcDbLine
 10
107.6957999999999913
 20
-60.1929999999999978
 30
0
 11
107.7072179999999975
 21
-60.1355969999999971
 31
0
  0
LINE
  5
921
330
1A
100
AcDbEntity
  8
F.Paste
  6
CONTINUOUS
100
AcDbLine
 10
107.7072179999999975
 20
-60.1355969999999971
 30
0
 11
107.7397339999999986
 21
-60.0869339999999994
 31
0
  0
LINE
  5
922
330
1A
100
AcDbEntity
  8
F.Paste
  6
CONTINUOUS
100
AcDbLine
 10
107.7397339999999986
 20
-60.0869339999999994
 30
0
 11
107.7883969999999891
 21
-60.0544179999999983
 31
0
  0
LINE
  5
923
330
1A
100
AcDbEntity
  8
F.Paste
  6
CONTINUOUS
100
AcDbLine
 10
107.7883969999999891
 20
-60.0544179999999983
 30
0
 11
107.845799999999997
 21
-60.0429999999999993
 31
0
  0
LINE
  5
924
330
1A
100
AcDbEntity
  8
F.Paste
  6
CONTINUOUS
100
AcDbLine
 10
107.845799999999997
 20
-60.0429999999999993
 30
0
 11
108.1457999999999942
 21
-60.0429999999999993
 31
0
  0
LINE
  5
925
330
1A
100
AcDbEntity
  8
F.Paste
  6
CONTINUOUS
100
AcDbLine
 10
108.1457999999999942
 20
-60.0429999999999993
 30
0
 11
108.203203000000002
 21
-60.0544179999999983
 31
0
  0
LINE
  5
926
330
1A
100
AcDbEntity
  8
F.Paste
  6
CONTINUOUS
100
AcDbLine
 10
109.4832029999999889
 20
-60.0544179999999983
 30
0
 11
109.5318659999999937
 21
-60.0869339999999994
 31
0
  0
LINE
  5
927
330
1A
100
AcDbEntity
  8
F.Paste
  6
CONTINUOUS
100
AcDbLine
 10
109.5318659999999937
 20
-60.0869339999999994
 30
0
 11
109.5643819999999948
 21
-60.1355969999999971
 31
0
  0
LINE
  5
928
330
1A
100
AcDbEntity
  8
F.Paste
  6
CONTINUOUS
100
AcDbLine
 10
109.5643819999999948
 20
-60.1355969999999971
 30
0
 11
109.575800000000001
 21
-60.1929999999999978
 31
0
  0
LINE
  5
929
330
1A
100
AcDbEntity
  8
F.Paste
  6
CONTINUOUS
100
AcDbLine
 10
109.575800000000001
 20
-60.1929999999999978
 30
0
 11
109.575800000000001
 21
-60.9429999999999978
 31
0
  0
LINE
  5
92A
330
1A
100
AcDbEntity
  8
F.Paste
  6
CONTINUOUS
100
AcDbLine
 10
109.575800000000001
 20
-60.9429999999999978
 30
0
 11
109.5643819999999948
 21
-61.0004029999999986
 31
0
  0
LINE
  5
92B
330
1A
100
AcDbEntity
  8
F.Paste
  6
CONTINUOUS
100
AcDbLine
 10
109.5643819999999948
 20
-61.0004029999999986
 30
0
 11
109.5318659999999937
 21
-61.0490659999999963
 31
0
  0
LINE
  5
92C
330
1A
100
AcDbEntity
  8
F.Paste
  6
CONTINUOUS
100
AcDbLine
 10
109.5318659999999937
 20
-61.0490659999999963
 30
0
 11
109.4832029999999889
 21
-61.0815819999999974
 31
0
  0
LINE
  5
92D
330
1A
100
AcDbEntity
  8
F.Paste
  6
CONTINUOUS
100
AcDbLine
 10
109.4832029999999889
 20
-61.0815819999999974
 30
0
 11
109.4257999999999953
 21
-61.0929999999999964
 31
0
  0
LINE
  5
92E
330
1A
100
AcDbEntity
  8
F.Paste
  6
CONTINUOUS
100
AcDbLine
 10
109.4257999999999953
 20
-61.0929999999999964
 30
0
 11
109.1257999999999981
 21
-61.0929999999999964
 31
0
  0
LINE
  5
92F
330
1A
100
AcDbEntity
  8
F.Paste
  6
CONTINUOUS
100
AcDbLine
 10
109.1257999999999981
 20
-61.0929999999999964
 30
0
 11
109.0683969999999903
 21
-61.0815819999999974
 31
0
  0
LINE
  5
930
330
1A
100
AcDbEntity
  8
F.Paste
  6
CONTINUOUS
100
AcDbLine
 10
109.0683969999999903
 20
-61.0815819999999974
 30
0
 11
109.0197339999999997
 21
-61.0490659999999963
 31
0
  0
LINE
  5
931
330
1A
100
AcDbEntity
  8
F.Paste
  6
CONTINUOUS
100
AcDbLine
 10
109.0197339999999997
 20
-61.0490659999999963
 30
0
 11
108.9872179999999986
 21
-61.0004029999999986
 31
0
  0
LINE
  5
932
330
1A
100
AcDbEntity
  8
F.Paste
  6
CONTINUOUS
100
AcDbLine
 10
108.9872179999999986
 20
-61.0004029999999986
 30
0
 11
108.9757999999999925
 21
-60.9429999999999978
 31
0
  0
LINE
  5
933
330
1A
100
AcDbEntity
  8
F.Paste
  6
CONTINUOUS
100
AcDbLine
 10
108.9757999999999925
 20
-60.9429999999999978
 30
0
 11
108.9757999999999925
 21
-60.1929999999999978
 31
0
  0
LINE
  5
934
330
1A
100
AcDbEntity
  8
F.Paste
  6
CONTINUOUS
100
AcDbLine
 10
108.9757999999999925
 20
-60.1929999999999978
 30
0
 11
108.9872179999999986
 21
-60.1355969999999971
 31
0
  0
LINE
  5
935
330
1A
100
AcDbEntity
  8
F.Paste
  6
CONTINUOUS
100
AcDbLine
 10
108.9872179999999986
 20
-60.1355969999999971
 30
0
 11
109.0197339999999997
 21
-60.0869339999999994
 31
0
  0
LINE
  5
936
330
1A
100
AcDbEntity
  8
F.Paste
  6
CONTINUOUS
100
AcDbLine
 10
109.0197339999999997
 20
-60.0869339999999994
 30
0
 11
109.0683969999999903
 21
-60.0544179999999983
 31
0
  0
LINE
  5
937
330
1A
100
AcDbEntity
  8
F.Paste
  6
CONTINUOUS
100
AcDbLine
 10
109.0683969999999903
 20
-60.0544179999999983
 30
0
 11
109.1257999999999981
 21
-60.0429999999999993
 31
0
  0
LINE
  5
938
330
1A
100
AcDbEntity
  8
F.Paste
  6
CONTINUOUS
100
AcDbLine
 10
109.1257999999999981
 20
-60.0429999999999993
 30
0
 11
109.4257999999999953
 21
-60.0429999999999993
 31
0
  0
LINE
  5
939
330
1A
100
AcDbEntity
  8
F.Paste
  6
CONTINUOUS
100
AcDbLine
 10
109.4257999999999953
 20
-60.0429999999999993
 30
0
 11
109.4832029999999889
 21
-60.0544179999999983
 31
0
  0
LINE
  5
93A
330
1A
100
AcDbEntity
  8
F.Paste
  6
CONTINUOUS
100
AcDbLine
 10
110.7532029999999992
 20
-60.0544179999999983
 30
0
 11
110.8018659999999898
 21
-60.0869339999999994
 31
0
  0
LINE
  5
93B
330
1A
100
AcDbEntity
  8
F.Paste
  6
CONTINUOUS
100
AcDbLine
 10
110.8018659999999898
 20
-60.0869339999999994
 30
0
 11
110.8343819999999909
 21
-60.1355969999999971
 31
0
  0
LINE
  5
93C
330
1A
100
AcDbEntity
  8
F.Paste
  6
CONTINUOUS
100
AcDbLine
 10
110.8343819999999909
 20
-60.1355969999999971
 30
0
 11
110.845799999999997
 21
-60.1929999999999978
 31
0
  0
LINE
  5
93D
330
1A
100
AcDbEntity
  8
F.Paste
  6
CONTINUOUS
100
AcDbLine
 10
110.845799999999997
 20
-60.1929999999999978
 30
0
 11
110.845799999999997
 21
-60.9429999999999978
 31
0
  0
LINE
  5
93E
330
1A
100
AcDbEntity
  8
F.Paste
  6
CONTINUOUS
100
AcDbLine
 10
110.845799999999997
 20
-60.9429999999999978
 30
0
 11
110.8343819999999909
 21
-61.0004029999999986
 31
0
  0
LINE
  5
93F
330
1A
100
AcDbEntity
  8
F.Paste
  6
CONTINUOUS
100
AcDbLine
 10
110.8343819999999909
 20
-61.0004029999999986
 30
0
 11
110.8018659999999898
 21
-61.0490659999999963
 31
0
  0
LINE
  5
940
330
1A
100
AcDbEntity
  8
F.Paste
  6
CONTINUOUS
100
AcDbLine
 10
110.8018659999999898
 20
-61.0490659999999963
 30
0
 11
110.7532029999999992
 21
-61.0815819999999974
 31
0
  0
LINE
  5
941
330
1A
100
AcDbEntity
  8
F.Paste
  6
CONTINUOUS
100
AcDbLine
 10
110.7532029999999992
 20
-61.0815819999999974
 30
0
 11
110.6957999999999913
 21
-61.0929999999999964
 31
0
  0
LINE
  5
942
330
1A
100
AcDbEntity
  8
F.Paste
  6
CONTINUOUS
100
AcDbLine
 10
110.6957999999999913
 20
-61.0929999999999964
 30
0
 11
110.3957999999999942
 21
-61.0929999999999964
 31
0
  0
LINE
  5
943
330
1A
100
AcDbEntity
  8
F.Paste
  6
CONTINUOUS
100
AcDbLine
 10
110.3957999999999942
 20
-61.0929999999999964
 30
0
 11
110.3383970000000005
 21
-61.0815819999999974
 31
0
  0
LINE
  5
944
330
1A
100
AcDbEntity
  8
F.Paste
  6
CONTINUOUS
100
AcDbLine
 10
110.3383970000000005
 20
-61.0815819999999974
 30
0
 11
110.2897339999999957
 21
-61.0490659999999963
 31
0
  0
LINE
  5
945
330
1A
100
AcDbEntity
  8
F.Paste
  6
CONTINUOUS
100
AcDbLine
 10
110.2897339999999957
 20
-61.0490659999999963
 30
0
 11
110.2572179999999946
 21
-61.0004029999999986
 31
0
  0
LINE
  5
946
330
1A
100
AcDbEntity
  8
F.Paste
  6
CONTINUOUS
100
AcDbLine
 10
110.2572179999999946
 20
-61.0004029999999986
 30
0
 11
110.2457999999999885
 21
-60.9429999999999978
 31
0
  0
LINE
  5
947
330
1A
100
AcDbEntity
  8
F.Paste
  6
CONTINUOUS
100
AcDbLine
 10
110.2457999999999885
 20
-60.9429999999999978
 30
0
 11
110.2457999999999885
 21
-60.1929999999999978
 31
0
  0
LINE
  5
948
330
1A
100
AcDbEntity
  8
F.Paste
  6
CONTINUOUS
100
AcDbLine
 10
110.2457999999999885
 20
-60.1929999999999978
 30
0
 11
110.2572179999999946
 21
-60.1355969999999971
 31
0
  0
LINE
  5
949
330
1A
100
AcDbEntity
  8
F.Paste
  6
CONTINUOUS
100
AcDbLine
 10
110.2572179999999946
 20
-60.1355969999999971
 30
0
 11
110.2897339999999957
 21
-60.0869339999999994
 31
0
  0
LINE
  5
94A
330
1A
100
AcDbEntity
  8
F.Paste
  6
CONTINUOUS
100
AcDbLine
 10
110.2897339999999957
 20
-60.0869339999999994
 30
0
 11
110.3383970000000005
 21
-60.0544179999999983
 31
0
  0
LINE
  5
94B
330
1A
100
AcDbEntity
  8
F.Paste
  6
CONTINUOUS
100
AcDbLine
 10
110.3383970000000005
 20
-60.0544179999999983
 30
0
 11
110.3957999999999942
 21
-60.0429999999999993
 31
0
  0
LINE
  5
94C
330
1A
100
AcDbEntity
  8
F.Paste
  6
CONTINUOUS
100
AcDbLine
 10
110.3957999999999942
 20
-60.0429999999999993
 30
0
 11
110.6957999999999913
 21
-60.0429999999999993
 31
0
  0
LINE
  5
94D
330
1A
100
AcDbEntity
  8
F.Paste
  6
CONTINUOUS
100
AcDbLine
 10
110.6957999999999913
 20
-60.0429999999999993
 30
0
 11
110.7532029999999992
 21
-60.0544179999999983
 31
0
  0
LINE
  5
94E
330
1A
100
AcDbEntity
  8
F.Paste
  6
CONTINUOUS
100
AcDbLine
 10
94.6721709999999916
 20
-59.2630300000000005
 30
0
 11
94.7532769999999971
 21
-59.3172229999999985
 31
0
  0
LINE
  5
94F
330
1A
100
AcDbEntity
  8
F.Paste
  6
CONTINUOUS
100
AcDbLine
 10
94.7532769999999971
 20
-59.3172229999999985
 30
0
 11
94.807469999999995
 21
-59.3983289999999968
 31
0
  0
LINE
  5
950
330
1A
100
AcDbEntity
  8
F.Paste
  6
CONTINUOUS
100
AcDbLine
 10
94.807469999999995
 20
-59.3983289999999968
 30
0
 11
94.8264999999999958
 21
-59.4939999999999998
 31
0
  0
LINE
  5
951
330
1A
100
AcDbEntity
  8
F.Paste
  6
CONTINUOUS
100
AcDbLine
 10
94.8264999999999958
 20
-59.4939999999999998
 30
0
 11
94.8264999999999958
 21
-60.3939999999999984
 31
0
  0
LINE
  5
952
330
1A
100
AcDbEntity
  8
F.Paste
  6
CONTINUOUS
100
AcDbLine
 10
94.8264999999999958
 20
-60.3939999999999984
 30
0
 11
94.807469999999995
 21
-60.4896709999999942
 31
0
  0
LINE
  5
953
330
1A
100
AcDbEntity
  8
F.Paste
  6
CONTINUOUS
100
AcDbLine
 10
94.807469999999995
 20
-60.4896709999999942
 30
0
 11
94.7532769999999971
 21
-60.5707769999999996
 31
0
  0
LINE
  5
954
330
1A
100
AcDbEntity
  8
F.Paste
  6
CONTINUOUS
100
AcDbLine
 10
94.7532769999999971
 20
-60.5707769999999996
 30
0
 11
94.6721709999999916
 21
-60.6249699999999976
 31
0
  0
LINE
  5
955
330
1A
100
AcDbEntity
  8
F.Paste
  6
CONTINUOUS
100
AcDbLine
 10
94.6721709999999916
 20
-60.6249699999999976
 30
0
 11
94.5764999999999958
 21
-60.6439999999999984
 31
0
  0
LINE
  5
956
330
1A
100
AcDbEntity
  8
F.Paste
  6
CONTINUOUS
100
AcDbLine
 10
94.5764999999999958
 20
-60.6439999999999984
 30
0
 11
94.0514999999999901
 21
-60.6439999999999984
 31
0
  0
LINE
  5
957
330
1A
100
AcDbEntity
  8
F.Paste
  6
CONTINUOUS
100
AcDbLine
 10
94.0514999999999901
 20
-60.6439999999999984
 30
0
 11
93.9558289999999943
 21
-60.6249699999999976
 31
0
  0
LINE
  5
958
330
1A
100
AcDbEntity
  8
F.Paste
  6
CONTINUOUS
100
AcDbLine
 10
93.9558289999999943
 20
-60.6249699999999976
 30
0
 11
93.8747229999999888
 21
-60.5707769999999996
 31
0
  0
LINE
  5
959
330
1A
100
AcDbEntity
  8
F.Paste
  6
CONTINUOUS
100
AcDbLine
 10
93.8747229999999888
 20
-60.5707769999999996
 30
0
 11
93.8205299999999909
 21
-60.4896709999999942
 31
0
  0
LINE
  5
95A
330
1A
100
AcDbEntity
  8
F.Paste
  6
CONTINUOUS
100
AcDbLine
 10
93.8205299999999909
 20
-60.4896709999999942
 30
0
 11
93.8014999999999901
 21
-60.3939999999999984
 31
0
  0
LINE
  5
95B
330
1A
100
AcDbEntity
  8
F.Paste
  6
CONTINUOUS
100
AcDbLine
 10
93.8014999999999901
 20
-60.3939999999999984
 30
0
 11
93.8014999999999901
 21
-59.4939999999999998
 31
0
  0
LINE
  5
95C
330
1A
100
AcDbEntity
  8
F.Paste
  6
CONTINUOUS
100
AcDbLine
 10
93.8014999999999901
 20
-59.4939999999999998
 30
0
 11
93.8205299999999909
 21
-59.3983289999999968
 31
0
  0
LINE
  5
95D
330
1A
100
AcDbEntity
  8
F.Paste
  6
CONTINUOUS
100
AcDbLine
 10
93.8205299999999909
 20
-59.3983289999999968
 30
0
 11
93.8747229999999888
 21
-59.3172229999999985
 31
0
  0
LINE
  5
95E
330
1A
100
AcDbEntity
  8
F.Paste
  6
CONTINUOUS
100
AcDbLine
 10
93.8747229999999888
 20
-59.3172229999999985
 30
0
 11
93.9558289999999943
 21
-59.2630300000000005
 31
0
  0
LINE
  5
95F
330
1A
100
AcDbEntity
  8
F.Paste
  6
CONTINUOUS
100
AcDbLine
 10
93.9558289999999943
 20
-59.2630300000000005
 30
0
 11
94.0514999999999901
 21
-59.2439999999999998
 31
0
  0
LINE
  5
960
330
1A
100
AcDbEntity
  8
F.Paste
  6
CONTINUOUS
100
AcDbLine
 10
94.0514999999999901
 20
-59.2439999999999998
 30
0
 11
94.5764999999999958
 21
-59.2439999999999998
 31
0
  0
LINE
  5
961
330
1A
100
AcDbEntity
  8
F.Paste
  6
CONTINUOUS
100
AcDbLine
 10
94.5764999999999958
 20
-59.2439999999999998
 30
0
 11
94.6721709999999916
 21
-59.2630300000000005
 31
0
  0
LINE
  5
962
330
1A
100
AcDbEntity
  8
F.Paste
  6
CONTINUOUS
100
AcDbLine
 10
96.4971709999999945
 20
-59.2630300000000005
 30
0
 11
96.5782769999999999
 21
-59.3172229999999985
 31
0
  0
LINE
  5
963
330
1A
100
AcDbEntity
  8
F.Paste
  6
CONTINUOUS
100
AcDbLine
 10
96.5782769999999999
 20
-59.3172229999999985
 30
0
 11
96.6324699999999979
 21
-59.3983289999999968
 31
0
  0
LINE
  5
964
330
1A
100
AcDbEntity
  8
F.Paste
  6
CONTINUOUS
100
AcDbLine
 10
96.6324699999999979
 20
-59.3983289999999968
 30
0
 11
96.6514999999999986
 21
-59.4939999999999998
 31
0
  0
LINE
  5
965
330
1A
100
AcDbEntity
  8
F.Paste
  6
CONTINUOUS
100
AcDbLine
 10
96.6514999999999986
 20
-59.4939999999999998
 30
0
 11
96.6514999999999986
 21
-60.3939999999999984
 31
0
  0
LINE
  5
966
330
1A
100
AcDbEntity
  8
F.Paste
  6
CONTINUOUS
100
AcDbLine
 10
96.6514999999999986
 20
-60.3939999999999984
 30
0
 11
96.6324699999999979
 21
-60.4896709999999942
 31
0
  0
LINE
  5
967
330
1A
100
AcDbEntity
  8
F.Paste
  6
CONTINUOUS
100
AcDbLine
 10
96.6324699999999979
 20
-60.4896709999999942
 30
0
 11
96.5782769999999999
 21
-60.5707769999999996
 31
0
  0
LINE
  5
968
330
1A
100
AcDbEntity
  8
F.Paste
  6
CONTINUOUS
100
AcDbLine
 10
96.5782769999999999
 20
-60.5707769999999996
 30
0
 11
96.4971709999999945
 21
-60.6249699999999976
 31
0
  0
LINE
  5
969
330
1A
100
AcDbEntity
  8
F.Paste
  6
CONTINUOUS
100
AcDbLine
 10
96.4971709999999945
 20
-60.6249699999999976
 30
0
 11
96.4014999999999986
 21
-60.6439999999999984
 31
0
  0
LINE
  5
96A
330
1A
100
AcDbEntity
  8
F.Paste
  6
CONTINUOUS
100
AcDbLine
 10
96.4014999999999986
 20
-60.6439999999999984
 30
0
 11
95.876499999999993
 21
-60.6439999999999984
 31
0
  0
LINE
  5
96B
330
1A
100
AcDbEntity
  8
F.Paste
  6
CONTINUOUS
100
AcDbLine
 10
95.876499999999993
 20
-60.6439999999999984
 30
0
 11
95.7808289999999971
 21
-60.6249699999999976
 31
0
  0
LINE
  5
96C
330
1A
100
AcDbEntity
  8
F.Paste
  6
CONTINUOUS
100
AcDbLine
 10
95.7808289999999971
 20
-60.6249699999999976
 30
0
 11
95.6997229999999917
 21
-60.5707769999999996
 31
0
  0
LINE
  5
96D
330
1A
100
AcDbEntity
  8
F.Paste
  6
CONTINUOUS
100
AcDbLine
 10
95.6997229999999917
 20
-60.5707769999999996
 30
0
 11
95.6455299999999937
 21
-60.4896709999999942
 31
0
  0
LINE
  5
96E
330
1A
100
AcDbEntity
  8
F.Paste
  6
CONTINUOUS
100
AcDbLine
 10
95.6455299999999937
 20
-60.4896709999999942
 30
0
 11
95.626499999999993
 21
-60.3939999999999984
 31
0
  0
LINE
  5
96F
330
1A
100
AcDbEntity
  8
F.Paste
  6
CONTINUOUS
100
AcDbLine
 10
95.626499999999993
 20
-60.3939999999999984
 30
0
 11
95.626499999999993
 21
-59.4939999999999998
 31
0
  0
LINE
  5
970
330
1A
100
AcDbEntity
  8
F.Paste
  6
CONTINUOUS
100
AcDbLine
 10
95.626499999999993
 20
-59.4939999999999998
 30
0
 11
95.6455299999999937
 21
-59.3983289999999968
 31
0
  0
LINE
  5
971
330
1A
100
AcDbEntity
  8
F.Paste
  6
CONTINUOUS
100
AcDbLine
 10
95.6455299999999937
 20
-59.3983289999999968
 30
0
 11
95.6997229999999917
 21
-59.3172229999999985
 31
0
  0
LINE
  5
972
330
1A
100
AcDbEntity
  8
F.Paste
  6
CONTINUOUS
100
AcDbLine
 10
95.6997229999999917
 20
-59.3172229999999985
 30
0
 11
95.7808289999999971
 21
-59.2630300000000005
 31
0
  0
LINE
  5
973
330
1A
100
AcDbEntity
  8
F.Paste
  6
CONTINUOUS
100
AcDbLine
 10
95.7808289999999971
 20
-59.2630300000000005
 30
0
 11
95.876499999999993
 21
-59.2439999999999998
 31
0
  0
LINE
  5
974
330
1A
100
AcDbEntity
  8
F.Paste
  6
CONTINUOUS
100
AcDbLine
 10
95.876499999999993
 20
-59.2439999999999998
 30
0
 11
96.4014999999999986
 21
-59.2439999999999998
 31
0
  0
LINE
  5
975
330
1A
100
AcDbEntity
  8
F.Paste
  6
CONTINUOUS
100
AcDbLine
 10
96.4014999999999986
 20
-59.2439999999999998
 30
0
 11
96.4971709999999945
 21
-59.2630300000000005
 31
0
  0
LINE
  5
976
330
1A
100
AcDbEntity
  8
F.Paste
  6
CONTINUOUS
100
AcDbLine
 10
88.1756709999999941
 20
-59.020629999999997
 30
0
 11
88.2567769999999996
 21
-59.074822999999995
 31
0
  0
LINE
  5
977
330
1A
100
AcDbEntity
  8
F.Paste
  6
CONTINUOUS
100
AcDbLine
 10
88.2567769999999996
 20
-59.074822999999995
 30
0
 11
88.3109699999999975
 21
-59.1559290000000004
 31
0
  0
LINE
  5
978
330
1A
100
AcDbEntity
  8
F.Paste
  6
CONTINUOUS
100
AcDbLine
 10
88.3109699999999975
 20
-59.1559290000000004
 30
0
 11
88.3299999999999983
 21
-59.2515999999999963
 31
0
  0
LINE
  5
979
330
1A
100
AcDbEntity
  8
F.Paste
  6
CONTINUOUS
100
AcDbLine
 10
88.3299999999999983
 20
-59.2515999999999963
 30
0
 11
88.3299999999999983
 21
-59.7765999999999948
 31
0
  0
LINE
  5
97A
330
1A
100
AcDbEntity
  8
F.Paste
  6
CONTINUOUS
100
AcDbLine
 10
88.3299999999999983
 20
-59.7765999999999948
 30
0
 11
88.3109699999999975
 21
-59.8722709999999978
 31
0
  0
LINE
  5
97B
330
1A
100
AcDbEntity
  8
F.Paste
  6
CONTINUOUS
100
AcDbLine
 10
88.3109699999999975
 20
-59.8722709999999978
 30
0
 11
88.2567769999999996
 21
-59.9533769999999961
 31
0
  0
LINE
  5
97C
330
1A
100
AcDbEntity
  8
F.Paste
  6
CONTINUOUS
100
AcDbLine
 10
88.2567769999999996
 20
-59.9533769999999961
 30
0
 11
88.1756709999999941
 21
-60.0075699999999941
 31
0
  0
LINE
  5
97D
330
1A
100
AcDbEntity
  8
F.Paste
  6
CONTINUOUS
100
AcDbLine
 10
88.1756709999999941
 20
-60.0075699999999941
 30
0
 11
88.0799999999999983
 21
-60.0265999999999948
 31
0
  0
LINE
  5
97E
330
1A
100
AcDbEntity
  8
F.Paste
  6
CONTINUOUS
100
AcDbLine
 10
88.0799999999999983
 20
-60.0265999999999948
 30
0
 11
87.1799999999999926
 21
-60.0265999999999948
 31
0
  0
LINE
  5
97F
330
1A
100
AcDbEntity
  8
F.Paste
  6
CONTINUOUS
100
AcDbLine
 10
87.1799999999999926
 20
-60.0265999999999948
 30
0
 11
87.0843289999999968
 21
-60.0075699999999941
 31
0
  0
LINE
  5
980
330
1A
100
AcDbEntity
  8
F.Paste
  6
CONTINUOUS
100
AcDbLine
 10
87.0843289999999968
 20
-60.0075699999999941
 30
0
 11
87.0032229999999913
 21
-59.9533769999999961
 31
0
  0
LINE
  5
981
330
1A
100
AcDbEntity
  8
F.Paste
  6
CONTINUOUS
100
AcDbLine
 10
87.0032229999999913
 20
-59.9533769999999961
 30
0
 11
86.9490299999999934
 21
-59.8722709999999978
 31
0
  0
LINE
  5
982
330
1A
100
AcDbEntity
  8
F.Paste
  6
CONTINUOUS
100
AcDbLine
 10
86.9490299999999934
 20
-59.8722709999999978
 30
0
 11
86.9299999999999926
 21
-59.7765999999999948
 31
0
  0
LINE
  5
983
330
1A
100
AcDbEntity
  8
F.Paste
  6
CONTINUOUS
100
AcDbLine
 10
86.9299999999999926
 20
-59.7765999999999948
 30
0
 11
86.9299999999999926
 21
-59.2515999999999963
 31
0
  0
LINE
  5
984
330
1A
100
AcDbEntity
  8
F.Paste
  6
CONTINUOUS
100
AcDbLine
 10
86.9299999999999926
 20
-59.2515999999999963
 30
0
 11
86.9490299999999934
 21
-59.1559290000000004
 31
0
  0
LINE
  5
985
330
1A
100
AcDbEntity
  8
F.Paste
  6
CONTINUOUS
100
AcDbLine
 10
86.9490299999999934
 20
-59.1559290000000004
 30
0
 11
87.0032229999999913
 21
-59.074822999999995
 31
0
  0
LINE
  5
986
330
1A
100
AcDbEntity
  8
F.Paste
  6
CONTINUOUS
100
AcDbLine
 10
87.0032229999999913
 20
-59.074822999999995
 30
0
 11
87.0843289999999968
 21
-59.020629999999997
 31
0
  0
LINE
  5
987
330
1A
100
AcDbEntity
  8
F.Paste
  6
CONTINUOUS
100
AcDbLine
 10
87.0843289999999968
 20
-59.020629999999997
 30
0
 11
87.1799999999999926
 21
-59.0015999999999963
 31
0
  0
LINE
  5
988
330
1A
100
AcDbEntity
  8
F.Paste
  6
CONTINUOUS
100
AcDbLine
 10
87.1799999999999926
 20
-59.0015999999999963
 30
0
 11
88.0799999999999983
 21
-59.0015999999999963
 31
0
  0
LINE
  5
989
330
1A
100
AcDbEntity
  8
F.Paste
  6
CONTINUOUS
100
AcDbLine
 10
88.0799999999999983
 20
-59.0015999999999963
 30
0
 11
88.1756709999999941
 21
-59.020629999999997
 31
0
  0
LINE
  5
98A
330
1A
100
AcDbEntity
  8
F.Paste
  6
CONTINUOUS
100
AcDbLine
 10
98.9241710000000012
 20
-58.9020299999999963
 30
0
 11
99.0052769999999924
 21
-58.9562229999999943
 31
0
  0
LINE
  5
98B
330
1A
100
AcDbEntity
  8
F.Paste
  6
CONTINUOUS
100
AcDbLine
 10
99.0052769999999924
 20
-58.9562229999999943
 30
0
 11
99.0594699999999904
 21
-59.0373289999999997
 31
0
  0
LINE
  5
98C
330
1A
100
AcDbEntity
  8
F.Paste
  6
CONTINUOUS
100
AcDbLine
 10
99.0594699999999904
 20
-59.0373289999999997
 30
0
 11
99.0784999999999911
 21
-59.1329999999999956
 31
0
  0
LINE
  5
98D
330
1A
100
AcDbEntity
  8
F.Paste
  6
CONTINUOUS
100
AcDbLine
 10
99.0784999999999911
 20
-59.1329999999999956
 30
0
 11
99.0784999999999911
 21
-59.732999999999997
 31
0
  0
LINE
  5
98E
330
1A
100
AcDbEntity
  8
F.Paste
  6
CONTINUOUS
100
AcDbLine
 10
99.0784999999999911
 20
-59.732999999999997
 30
0
 11
99.0594699999999904
 21
-59.8286709999999999
 31
0
  0
LINE
  5
98F
330
1A
100
AcDbEntity
  8
F.Paste
  6
CONTINUOUS
100
AcDbLine
 10
99.0594699999999904
 20
-59.8286709999999999
 30
0
 11
99.0052769999999924
 21
-59.9097769999999983
 31
0
  0
LINE
  5
990
330
1A
100
AcDbEntity
  8
F.Paste
  6
CONTINUOUS
100
AcDbLine
 10
99.0052769999999924
 20
-59.9097769999999983
 30
0
 11
98.9241710000000012
 21
-59.9639699999999962
 31
0
  0
LINE
  5
991
330
1A
100
AcDbEntity
  8
F.Paste
  6
CONTINUOUS
100
AcDbLine
 10
98.9241710000000012
 20
-59.9639699999999962
 30
0
 11
98.8284999999999911
 21
-59.982999999999997
 31
0
  0
LINE
  5
992
330
1A
100
AcDbEntity
  8
F.Paste
  6
CONTINUOUS
100
AcDbLine
 10
98.8284999999999911
 20
-59.982999999999997
 30
0
 11
98.2284999999999968
 21
-59.982999999999997
 31
0
  0
LINE
  5
993
330
1A
100
AcDbEntity
  8
F.Paste
  6
CONTINUOUS
100
AcDbLine
 10
98.2284999999999968
 20
-59.982999999999997
 30
0
 11
98.132829000000001
 21
-59.9639699999999962
 31
0
  0
LINE
  5
994
330
1A
100
AcDbEntity
  8
F.Paste
  6
CONTINUOUS
100
AcDbLine
 10
98.132829000000001
 20
-59.9639699999999962
 30
0
 11
98.0517229999999955
 21
-59.9097769999999983
 31
0
  0
LINE
  5
995
330
1A
100
AcDbEntity
  8
F.Paste
  6
CONTINUOUS
100
AcDbLine
 10
98.0517229999999955
 20
-59.9097769999999983
 30
0
 11
97.9975299999999976
 21
-59.8286709999999999
 31
0
  0
LINE
  5
996
330
1A
100
AcDbEntity
  8
F.Paste
  6
CONTINUOUS
100
AcDbLine
 10
97.9975299999999976
 20
-59.8286709999999999
 30
0
 11
97.9784999999999968
 21
-59.732999999999997
 31
0
  0
LINE
  5
997
330
1A
100
AcDbEntity
  8
F.Paste
  6
CONTINUOUS
100
AcDbLine
 10
97.9784999999999968
 20
-59.732999999999997
 30
0
 11
97.9784999999999968
 21
-59.1329999999999956
 31
0
  0
LINE
  5
998
330
1A
100
AcDbEntity
  8
F.Paste
  6
CONTINUOUS
100
AcDbLine
 10
97.9784999999999968
 20
-59.1329999999999956
 30
0
 11
97.9975299999999976
 21
-59.0373289999999997
 31
0
  0
LINE
  5
999
330
1A
100
AcDbEntity
  8
F.Paste
  6
CONTINUOUS
100
AcDbLine
 10
97.9975299999999976
 20
-59.0373289999999997
 30
0
 11
98.0517229999999955
 21
-58.9562229999999943
 31
0
  0
LINE
  5
99A
330
1A
100
AcDbEntity
  8
F.Paste
  6
CONTINUOUS
100
AcDbLine
 10
98.0517229999999955
 20
-58.9562229999999943
 30
0
 11
98.132829000000001
 21
-58.9020299999999963
 31
0
  0
LINE
  5
99B
330
1A
100
AcDbEntity
  8
F.Paste
  6
CONTINUOUS
100
AcDbLine
 10
98.132829000000001
 20
-58.9020299999999963
 30
0
 11
98.2284999999999968
 21
-58.8829999999999956
 31
0
  0
LINE
  5
99C
330
1A
100
AcDbEntity
  8
F.Paste
  6
CONTINUOUS
100
AcDbLine
 10
98.2284999999999968
 20
-58.8829999999999956
 30
0
 11
98.8284999999999911
 21
-58.8829999999999956
 31
0
  0
LINE
  5
99D
330
1A
100
AcDbEntity
  8
F.Paste
  6
CONTINUOUS
100
AcDbLine
 10
98.8284999999999911
 20
-58.8829999999999956
 30
0
 11
98.9241710000000012
 21
-58.9020299999999963
 31
0
  0
LINE
  5
99E
330
1A
100
AcDbEntity
  8
F.Paste
  6
CONTINUOUS
100
AcDbLine
 10
77.5788909999999987
 20
-59.3755999999999986
 30
0
 11
77.2932909999999964
 21
-59.3755999999999986
 31
0
  0
LINE
  5
99F
330
1A
100
AcDbEntity
  8
F.Paste
  6
CONTINUOUS
100
AcDbLine
 10
77.2932909999999964
 20
-59.3755999999999986
 30
0
 11
77.2932909999999964
 21
-58.035899999999998
 31
0
  0
LINE
  5
9A0
330
1A
100
AcDbEntity
  8
F.Paste
  6
CONTINUOUS
100
AcDbLine
 10
77.2932909999999964
 20
-58.035899999999998
 30
0
 11
77.5788909999999987
 21
-58.035899999999998
 31
0
  0
LINE
  5
9A1
330
1A
100
AcDbEntity
  8
F.Paste
  6
CONTINUOUS
100
AcDbLine
 10
77.5788909999999987
 20
-58.035899999999998
 30
0
 11
77.5788909999999987
 21
-59.3755999999999986
 31
0
  0
LINE
  5
9A2
330
1A
100
AcDbEntity
  8
F.Paste
  6
CONTINUOUS
100
AcDbLine
 10
78.2288769999999971
 20
-59.3755999999999986
 30
0
 11
77.9432769999999948
 21
-59.3755999999999986
 31
0
  0
LINE
  5
9A3
330
1A
100
AcDbEntity
  8
F.Paste
  6
CONTINUOUS
100
AcDbLine
 10
77.9432769999999948
 20
-59.3755999999999986
 30
0
 11
77.9432769999999948
 21
-58.035899999999998
 31
0
  0
LINE
  5
9A4
330
1A
100
AcDbEntity
  8
F.Paste
  6
CONTINUOUS
100
AcDbLine
 10
77.9432769999999948
 20
-58.035899999999998
 30
0
 11
78.2288769999999971
 21
-58.035899999999998
 31
0
  0
LINE
  5
9A5
330
1A
100
AcDbEntity
  8
F.Paste
  6
CONTINUOUS
100
AcDbLine
 10
78.2288769999999971
 20
-58.035899999999998
 30
0
 11
78.2288769999999971
 21
-59.3755999999999986
 31
0
  0
LINE
  5
9A6
330
1A
100
AcDbEntity
  8
F.Paste
  6
CONTINUOUS
100
AcDbLine
 10
78.8788629999999955
 20
-59.3755999999999986
 30
0
 11
78.5932629999999932
 21
-59.3755999999999986
 31
0
  0
LINE
  5
9A7
330
1A
100
AcDbEntity
  8
F.Paste
  6
CONTINUOUS
100
AcDbLine
 10
78.5932629999999932
 20
-59.3755999999999986
 30
0
 11
78.5932629999999932
 21
-58.035899999999998
 31
0
  0
LINE
  5
9A8
330
1A
100
AcDbEntity
  8
F.Paste
  6
CONTINUOUS
100
AcDbLine
 10
78.5932629999999932
 20
-58.035899999999998
 30
0
 11
78.8788629999999955
 21
-58.035899999999998
 31
0
  0
LINE
  5
9A9
330
1A
100
AcDbEntity
  8
F.Paste
  6
CONTINUOUS
100
AcDbLine
 10
78.8788629999999955
 20
-58.035899999999998
 30
0
 11
78.8788629999999955
 21
-59.3755999999999986
 31
0
  0
LINE
  5
9AA
330
1A
100
AcDbEntity
  8
F.Paste
  6
CONTINUOUS
100
AcDbLine
 10
79.5288489999999939
 20
-59.3755999999999986
 30
0
 11
79.2432489999999916
 21
-59.3755999999999986
 31
0
  0
LINE
  5
9AB
330
1A
100
AcDbEntity
  8
F.Paste
  6
CONTINUOUS
100
AcDbLine
 10
79.2432489999999916
 20
-59.3755999999999986
 30
0
 11
79.2432489999999916
 21
-58.035899999999998
 31
0
  0
LINE
  5
9AC
330
1A
100
AcDbEntity
  8
F.Paste
  6
CONTINUOUS
100
AcDbLine
 10
79.2432489999999916
 20
-58.035899999999998
 30
0
 11
79.5288489999999939
 21
-58.035899999999998
 31
0
  0
LINE
  5
9AD
330
1A
100
AcDbEntity
  8
F.Paste
  6
CONTINUOUS
100
AcDbLine
 10
79.5288489999999939
 20
-58.035899999999998
 30
0
 11
79.5288489999999939
 21
-59.3755999999999986
 31
0
  0
LINE
  5
9AE
330
1A
100
AcDbEntity
  8
F.Paste
  6
CONTINUOUS
100
AcDbLine
 10
80.1788349999999923
 20
-59.3755999999999986
 30
0
 11
79.89323499999999
 21
-59.3755999999999986
 31
0
  0
LINE
  5
9AF
330
1A
100
AcDbEntity
  8
F.Paste
  6
CONTINUOUS
100
AcDbLine
 10
79.89323499999999
 20
-59.3755999999999986
 30
0
 11
79.89323499999999
 21
-58.035899999999998
 31
0
  0
LINE
  5
9B0
330
1A
100
AcDbEntity
  8
F.Paste
  6
CONTINUOUS
100
AcDbLine
 10
79.89323499999999
 20
-58.035899999999998
 30
0
 11
80.1788349999999923
 21
-58.035899999999998
 31
0
  0
LINE
  5
9B1
330
1A
100
AcDbEntity
  8
F.Paste
  6
CONTINUOUS
100
AcDbLine
 10
80.1788349999999923
 20
-58.035899999999998
 30
0
 11
80.1788349999999923
 21
-59.3755999999999986
 31
0
  0
LINE
  5
9B2
330
1A
100
AcDbEntity
  8
F.Paste
  6
CONTINUOUS
100
AcDbLine
 10
80.8288209999999907
 20
-59.3755999999999986
 30
0
 11
80.5432210000000026
 21
-59.3755999999999986
 31
0
  0
LINE
  5
9B3
330
1A
100
AcDbEntity
  8
F.Paste
  6
CONTINUOUS
100
AcDbLine
 10
80.5432210000000026
 20
-59.3755999999999986
 30
0
 11
80.5432210000000026
 21
-58.035899999999998
 31
0
  0
LINE
  5
9B4
330
1A
100
AcDbEntity
  8
F.Paste
  6
CONTINUOUS
100
AcDbLine
 10
80.5432210000000026
 20
-58.035899999999998
 30
0
 11
80.8288209999999907
 21
-58.035899999999998
 31
0
  0
LINE
  5
9B5
330
1A
100
AcDbEntity
  8
F.Paste
  6
CONTINUOUS
100
AcDbLine
 10
80.8288209999999907
 20
-58.035899999999998
 30
0
 11
80.8288209999999907
 21
-59.3755999999999986
 31
0
  0
LINE
  5
9B6
330
1A
100
AcDbEntity
  8
F.Paste
  6
CONTINUOUS
100
AcDbLine
 10
81.4788070000000033
 20
-59.3755999999999986
 30
0
 11
81.193207000000001
 21
-59.3755999999999986
 31
0
  0
LINE
  5
9B7
330
1A
100
AcDbEntity
  8
F.Paste
  6
CONTINUOUS
100
AcDbLine
 10
81.193207000000001
 20
-59.3755999999999986
 30
0
 11
81.193207000000001
 21
-58.035899999999998
 31
0
  0
LINE
  5
9B8
330
1A
100
AcDbEntity
  8
F.Paste
  6
CONTINUOUS
100
AcDbLine
 10
81.193207000000001
 20
-58.035899999999998
 30
0
 11
81.4788070000000033
 21
-58.035899999999998
 31
0
  0
LINE
  5
9B9
330
1A
100
AcDbEntity
  8
F.Paste
  6
CONTINUOUS
100
AcDbLine
 10
81.4788070000000033
 20
-58.035899999999998
 30
0
 11
81.4788070000000033
 21
-59.3755999999999986
 31
0
  0
LINE
  5
9BA
330
1A
100
AcDbEntity
  8
F.Paste
  6
CONTINUOUS
100
AcDbLine
 10
82.1287930000000017
 20
-59.3755999999999986
 30
0
 11
81.8431929999999994
 21
-59.3755999999999986
 31
0
  0
LINE
  5
9BB
330
1A
100
AcDbEntity
  8
F.Paste
  6
CONTINUOUS
100
AcDbLine
 10
81.8431929999999994
 20
-59.3755999999999986
 30
0
 11
81.8431929999999994
 21
-58.035899999999998
 31
0
  0
LINE
  5
9BC
330
1A
100
AcDbEntity
  8
F.Paste
  6
CONTINUOUS
100
AcDbLine
 10
81.8431929999999994
 20
-58.035899999999998
 30
0
 11
82.1287930000000017
 21
-58.035899999999998
 31
0
  0
LINE
  5
9BD
330
1A
100
AcDbEntity
  8
F.Paste
  6
CONTINUOUS
100
AcDbLine
 10
82.1287930000000017
 20
-58.035899999999998
 30
0
 11
82.1287930000000017
 21
-59.3755999999999986
 31
0
  0
LINE
  5
9BE
330
1A
100
AcDbEntity
  8
F.Paste
  6
CONTINUOUS
100
AcDbLine
 10
82.7787790000000001
 20
-59.3755999999999986
 30
0
 11
82.4931789999999978
 21
-59.3755999999999986
 31
0
  0
LINE
  5
9BF
330
1A
100
AcDbEntity
  8
F.Paste
  6
CONTINUOUS
100
AcDbLine
 10
82.4931789999999978
 20
-59.3755999999999986
 30
0
 11
82.4931789999999978
 21
-58.035899999999998
 31
0
  0
LINE
  5
9C0
330
1A
100
AcDbEntity
  8
F.Paste
  6
CONTINUOUS
100
AcDbLine
 10
82.4931789999999978
 20
-58.035899999999998
 30
0
 11
82.7787790000000001
 21
-58.035899999999998
 31
0
  0
LINE
  5
9C1
330
1A
100
AcDbEntity
  8
F.Paste
  6
CONTINUOUS
100
AcDbLine
 10
82.7787790000000001
 20
-58.035899999999998
 30
0
 11
82.7787790000000001
 21
-59.3755999999999986
 31
0
  0
LINE
  5
9C2
330
1A
100
AcDbEntity
  8
F.Paste
  6
CONTINUOUS
100
AcDbLine
 10
83.4287649999999985
 20
-59.3755999999999986
 30
0
 11
83.1431649999999962
 21
-59.3755999999999986
 31
0
  0
LINE
  5
9C3
330
1A
100
AcDbEntity
  8
F.Paste
  6
CONTINUOUS
100
AcDbLine
 10
83.1431649999999962
 20
-59.3755999999999986
 30
0
 11
83.1431649999999962
 21
-58.035899999999998
 31
0
  0
LINE
  5
9C4
330
1A
100
AcDbEntity
  8
F.Paste
  6
CONTINUOUS
100
AcDbLine
 10
83.1431649999999962
 20
-58.035899999999998
 30
0
 11
83.4287649999999985
 21
-58.035899999999998
 31
0
  0
LINE
  5
9C5
330
1A
100
AcDbEntity
  8
F.Paste
  6
CONTINUOUS
100
AcDbLine
 10
83.4287649999999985
 20
-58.035899999999998
 30
0
 11
83.4287649999999985
 21
-59.3755999999999986
 31
0
  0
LINE
  5
9C6
330
1A
100
AcDbEntity
  8
F.Paste
  6
CONTINUOUS
100
AcDbLine
 10
84.0787509999999969
 20
-59.3755999999999986
 30
0
 11
83.7931509999999946
 21
-59.3755999999999986
 31
0
  0
LINE
  5
9C7
330
1A
100
AcDbEntity
  8
F.Paste
  6
CONTINUOUS
100
AcDbLine
 10
83.7931509999999946
 20
-59.3755999999999986
 30
0
 11
83.7931509999999946
 21
-58.035899999999998
 31
0
  0
LINE
  5
9C8
330
1A
100
AcDbEntity
  8
F.Paste
  6
CONTINUOUS
100
AcDbLine
 10
83.7931509999999946
 20
-58.035899999999998
 30
0
 11
84.0787509999999969
 21
-58.035899999999998
 31
0
  0
LINE
  5
9C9
330
1A
100
AcDbEntity
  8
F.Paste
  6
CONTINUOUS
100
AcDbLine
 10
84.0787509999999969
 20
-58.035899999999998
 30
0
 11
84.0787509999999969
 21
-59.3755999999999986
 31
0
  0
LINE
  5
9CA
330
1A
100
AcDbEntity
  8
F.Paste
  6
CONTINUOUS
100
AcDbLine
 10
84.7287369999999953
 20
-59.3755999999999986
 30
0
 11
84.443136999999993
 21
-59.3755999999999986
 31
0
  0
LINE
  5
9CB
330
1A
100
AcDbEntity
  8
F.Paste
  6
CONTINUOUS
100
AcDbLine
 10
84.443136999999993
 20
-59.3755999999999986
 30
0
 11
84.443136999999993
 21
-58.035899999999998
 31
0
  0
LINE
  5
9CC
330
1A
100
AcDbEntity
  8
F.Paste
  6
CONTINUOUS
100
AcDbLine
 10
84.443136999999993
 20
-58.035899999999998
 30
0
 11
84.7287369999999953
 21
-58.035899999999998
 31
0
  0
LINE
  5
9CD
330
1A
100
AcDbEntity
  8
F.Paste
  6
CONTINUOUS
100
AcDbLine
 10
84.7287369999999953
 20
-58.035899999999998
 30
0
 11
84.7287369999999953
 21
-59.3755999999999986
 31
0
  0
LINE
  5
9CE
330
1A
100
AcDbEntity
  8
F.Paste
  6
CONTINUOUS
100
AcDbLine
 10
85.3787229999999937
 20
-59.3755999999999986
 30
0
 11
85.0931229999999914
 21
-59.3755999999999986
 31
0
  0
LINE
  5
9CF
330
1A
100
AcDbEntity
  8
F.Paste
  6
CONTINUOUS
100
AcDbLine
 10
85.0931229999999914
 20
-59.3755999999999986
 30
0
 11
85.0931229999999914
 21
-58.035899999999998
 31
0
  0
LINE
  5
9D0
330
1A
100
AcDbEntity
  8
F.Paste
  6
CONTINUOUS
100
AcDbLine
 10
85.0931229999999914
 20
-58.035899999999998
 30
0
 11
85.3787229999999937
 21
-58.035899999999998
 31
0
  0
LINE
  5
9D1
330
1A
100
AcDbEntity
  8
F.Paste
  6
CONTINUOUS
100
AcDbLine
 10
85.3787229999999937
 20
-58.035899999999998
 30
0
 11
85.3787229999999937
 21
-59.3755999999999986
 31
0
  0
LINE
  5
9D2
330
1A
100
AcDbEntity
  8
F.Paste
  6
CONTINUOUS
100
AcDbLine
 10
86.0287089999999921
 20
-59.3755999999999986
 30
0
 11
85.7431089999999898
 21
-59.3755999999999986
 31
0
  0
LINE
  5
9D3
330
1A
100
AcDbEntity
  8
F.Paste
  6
CONTINUOUS
100
AcDbLine
 10
85.7431089999999898
 20
-59.3755999999999986
 30
0
 11
85.7431089999999898
 21
-58.035899999999998
 31
0
  0
LINE
  5
9D4
330
1A
100
AcDbEntity
  8
F.Paste
  6
CONTINUOUS
100
AcDbLine
 10
85.7431089999999898
 20
-58.035899999999998
 30
0
 11
86.0287089999999921
 21
-58.035899999999998
 31
0
  0
LINE
  5
9D5
330
1A
100
AcDbEntity
  8
F.Paste
  6
CONTINUOUS
100
AcDbLine
 10
86.0287089999999921
 20
-58.035899999999998
 30
0
 11
86.0287089999999921
 21
-59.3755999999999986
 31
0
  0
LINE
  5
9D6
330
1A
100
AcDbEntity
  8
F.Paste
  6
CONTINUOUS
100
AcDbLine
 10
120.7588909999999913
 20
-59.3755999999999986
 30
0
 11
120.473290999999989
 21
-59.3755999999999986
 31
0
  0
LINE
  5
9D7
330
1A
100
AcDbEntity
  8
F.Paste
  6
CONTINUOUS
100
AcDbLine
 10
120.473290999999989
 20
-59.3755999999999986
 30
0
 11
120.473290999999989
 21
-58.035899999999998
 31
0
  0
LINE
  5
9D8
330
1A
100
AcDbEntity
  8
F.Paste
  6
CONTINUOUS
100
AcDbLine
 10
120.473290999999989
 20
-58.035899999999998
 30
0
 11
120.7588909999999913
 21
-58.035899999999998
 31
0
  0
LINE
  5
9D9
330
1A
100
AcDbEntity
  8
F.Paste
  6
CONTINUOUS
100
AcDbLine
 10
120.7588909999999913
 20
-58.035899999999998
 30
0
 11
120.7588909999999913
 21
-59.3755999999999986
 31
0
  0
LINE
  5
9DA
330
1A
100
AcDbEntity
  8
F.Paste
  6
CONTINUOUS
100
AcDbLine
 10
121.4088769999999897
 20
-59.3755999999999986
 30
0
 11
121.1232769999999874
 21
-59.3755999999999986
 31
0
  0
LINE
  5
9DB
330
1A
100
AcDbEntity
  8
F.Paste
  6
CONTINUOUS
100
AcDbLine
 10
121.1232769999999874
 20
-59.3755999999999986
 30
0
 11
121.1232769999999874
 21
-58.035899999999998
 31
0
  0
LINE
  5
9DC
330
1A
100
AcDbEntity
  8
F.Paste
  6
CONTINUOUS
100
AcDbLine
 10
121.1232769999999874
 20
-58.035899999999998
 30
0
 11
121.4088769999999897
 21
-58.035899999999998
 31
0
  0
LINE
  5
9DD
330
1A
100
AcDbEntity
  8
F.Paste
  6
CONTINUOUS
100
AcDbLine
 10
121.4088769999999897
 20
-58.035899999999998
 30
0
 11
121.4088769999999897
 21
-59.3755999999999986
 31
0
  0
LINE
  5
9DE
330
1A
100
AcDbEntity
  8
F.Paste
  6
CONTINUOUS
100
AcDbLine
 10
122.0588629999999881
 20
-59.3755999999999986
 30
0
 11
121.773263
 21
-59.3755999999999986
 31
0
  0
LINE
  5
9DF
330
1A
100
AcDbEntity
  8
F.Paste
  6
CONTINUOUS
100
AcDbLine
 10
121.773263
 20
-59.3755999999999986
 30
0
 11
121.773263
 21
-58.035899999999998
 31
0
  0
LINE
  5
9E0
330
1A
100
AcDbEntity
  8
F.Paste
  6
CONTINUOUS
100
AcDbLine
 10
121.773263
 20
-58.035899999999998
 30
0
 11
122.0588629999999881
 21
-58.035899999999998
 31
0
  0
LINE
  5
9E1
330
1A
100
AcDbEntity
  8
F.Paste
  6
CONTINUOUS
100
AcDbLine
 10
122.0588629999999881
 20
-58.035899999999998
 30
0
 11
122.0588629999999881
 21
-59.3755999999999986
 31
0
  0
LINE
  5
9E2
330
1A
100
AcDbEntity
  8
F.Paste
  6
CONTINUOUS
100
AcDbLine
 10
122.7088490000000007
 20
-59.3755999999999986
 30
0
 11
122.4232489999999984
 21
-59.3755999999999986
 31
0
  0
LINE
  5
9E3
330
1A
100
AcDbEntity
  8
F.Paste
  6
CONTINUOUS
100
AcDbLine
 10
122.4232489999999984
 20
-59.3755999999999986
 30
0
 11
122.4232489999999984
 21
-58.035899999999998
 31
0
  0
LINE
  5
9E4
330
1A
100
AcDbEntity
  8
F.Paste
  6
CONTINUOUS
100
AcDbLine
 10
122.4232489999999984
 20
-58.035899999999998
 30
0
 11
122.7088490000000007
 21
-58.035899999999998
 31
0
  0
LINE
  5
9E5
330
1A
100
AcDbEntity
  8
F.Paste
  6
CONTINUOUS
100
AcDbLine
 10
122.7088490000000007
 20
-58.035899999999998
 30
0
 11
122.7088490000000007
 21
-59.3755999999999986
 31
0
  0
LINE
  5
9E6
330
1A
100
AcDbEntity
  8
F.Paste
  6
CONTINUOUS
100
AcDbLine
 10
123.3588349999999991
 20
-59.3755999999999986
 30
0
 11
123.0732349999999968
 21
-59.3755999999999986
 31
0
  0
LINE
  5
9E7
330
1A
100
AcDbEntity
  8
F.Paste
  6
CONTINUOUS
100
AcDbLine
 10
123.0732349999999968
 20
-59.3755999999999986
 30
0
 11
123.0732349999999968
 21
-58.035899999999998
 31
0
  0
LINE
  5
9E8
330
1A
100
AcDbEntity
  8
F.Paste
  6
CONTINUOUS
100
AcDbLine
 10
123.0732349999999968
 20
-58.035899999999998
 30
0
 11
123.3588349999999991
 21
-58.035899999999998
 31
0
  0
LINE
  5
9E9
330
1A
100
AcDbEntity
  8
F.Paste
  6
CONTINUOUS
100
AcDbLine
 10
123.3588349999999991
 20
-58.035899999999998
 30
0
 11
123.3588349999999991
 21
-59.3755999999999986
 31
0
  0
LINE
  5
9EA
330
1A
100
AcDbEntity
  8
F.Paste
  6
CONTINUOUS
100
AcDbLine
 10
124.0088209999999975
 20
-59.3755999999999986
 30
0
 11
123.7232209999999952
 21
-59.3755999999999986
 31
0
  0
LINE
  5
9EB
330
1A
100
AcDbEntity
  8
F.Paste
  6
CONTINUOUS
100
AcDbLine
 10
123.7232209999999952
 20
-59.3755999999999986
 30
0
 11
123.7232209999999952
 21
-58.035899999999998
 31
0
  0
LINE
  5
9EC
330
1A
100
AcDbEntity
  8
F.Paste
  6
CONTINUOUS
100
AcDbLine
 10
123.7232209999999952
 20
-58.035899999999998
 30
0
 11
124.0088209999999975
 21
-58.035899999999998
 31
0
  0
LINE
  5
9ED
330
1A
100
AcDbEntity
  8
F.Paste
  6
CONTINUOUS
100
AcDbLine
 10
124.0088209999999975
 20
-58.035899999999998
 30
0
 11
124.0088209999999975
 21
-59.3755999999999986
 31
0
  0
LINE
  5
9EE
330
1A
100
AcDbEntity
  8
F.Paste
  6
CONTINUOUS
100
AcDbLine
 10
124.6588069999999959
 20
-59.3755999999999986
 30
0
 11
124.3732069999999936
 21
-59.3755999999999986
 31
0
  0
LINE
  5
9EF
330
1A
100
AcDbEntity
  8
F.Paste
  6
CONTINUOUS
100
AcDbLine
 10
124.3732069999999936
 20
-59.3755999999999986
 30
0
 11
124.3732069999999936
 21
-58.035899999999998
 31
0
  0
LINE
  5
9F0
330
1A
100
AcDbEntity
  8
F.Paste
  6
CONTINUOUS
100
AcDbLine
 10
124.3732069999999936
 20
-58.035899999999998
 30
0
 11
124.6588069999999959
 21
-58.035899999999998
 31
0
  0
LINE
  5
9F1
330
1A
100
AcDbEntity
  8
F.Paste
  6
CONTINUOUS
100
AcDbLine
 10
124.6588069999999959
 20
-58.035899999999998
 30
0
 11
124.6588069999999959
 21
-59.3755999999999986
 31
0
  0
LINE
  5
9F2
330
1A
100
AcDbEntity
  8
F.Paste
  6
CONTINUOUS
100
AcDbLine
 10
125.3087929999999943
 20
-59.3755999999999986
 30
0
 11
125.023192999999992
 21
-59.3755999999999986
 31
0
  0
LINE
  5
9F3
330
1A
100
AcDbEntity
  8
F.Paste
  6
CONTINUOUS
100
AcDbLine
 10
125.023192999999992
 20
-59.3755999999999986
 30
0
 11
125.023192999999992
 21
-58.035899999999998
 31
0
  0
LINE
  5
9F4
330
1A
100
AcDbEntity
  8
F.Paste
  6
CONTINUOUS
100
AcDbLine
 10
125.023192999999992
 20
-58.035899999999998
 30
0
 11
125.3087929999999943
 21
-58.035899999999998
 31
0
  0
LINE
  5
9F5
330
1A
100
AcDbEntity
  8
F.Paste
  6
CONTINUOUS
100
AcDbLine
 10
125.3087929999999943
 20
-58.035899999999998
 30
0
 11
125.3087929999999943
 21
-59.3755999999999986
 31
0
  0
LINE
  5
9F6
330
1A
100
AcDbEntity
  8
F.Paste
  6
CONTINUOUS
100
AcDbLine
 10
125.9587789999999927
 20
-59.3755999999999986
 30
0
 11
125.6731789999999904
 21
-59.3755999999999986
 31
0
  0
LINE
  5
9F7
330
1A
100
AcDbEntity
  8
F.Paste
  6
CONTINUOUS
100
AcDbLine
 10
125.6731789999999904
 20
-59.3755999999999986
 30
0
 11
125.6731789999999904
 21
-58.035899999999998
 31
0
  0
LINE
  5
9F8
330
1A
100
AcDbEntity
  8
F.Paste
  6
CONTINUOUS
100
AcDbLine
 10
125.6731789999999904
 20
-58.035899999999998
 30
0
 11
125.9587789999999927
 21
-58.035899999999998
 31
0
  0
LINE
  5
9F9
330
1A
100
AcDbEntity
  8
F.Paste
  6
CONTINUOUS
100
AcDbLine
 10
125.9587789999999927
 20
-58.035899999999998
 30
0
 11
125.9587789999999927
 21
-59.3755999999999986
 31
0
  0
LINE
  5
9FA
330
1A
100
AcDbEntity
  8
F.Paste
  6
CONTINUOUS
100
AcDbLine
 10
126.6087649999999911
 20
-59.3755999999999986
 30
0
 11
126.3231649999999888
 21
-59.3755999999999986
 31
0
  0
LINE
  5
9FB
330
1A
100
AcDbEntity
  8
F.Paste
  6
CONTINUOUS
100
AcDbLine
 10
126.3231649999999888
 20
-59.3755999999999986
 30
0
 11
126.3231649999999888
 21
-58.035899999999998
 31
0
  0
LINE
  5
9FC
330
1A
100
AcDbEntity
  8
F.Paste
  6
CONTINUOUS
100
AcDbLine
 10
126.3231649999999888
 20
-58.035899999999998
 30
0
 11
126.6087649999999911
 21
-58.035899999999998
 31
0
  0
LINE
  5
9FD
330
1A
100
AcDbEntity
  8
F.Paste
  6
CONTINUOUS
100
AcDbLine
 10
126.6087649999999911
 20
-58.035899999999998
 30
0
 11
126.6087649999999911
 21
-59.3755999999999986
 31
0
  0
LINE
  5
9FE
330
1A
100
AcDbEntity
  8
F.Paste
  6
CONTINUOUS
100
AcDbLine
 10
127.2587509999999895
 20
-59.3755999999999986
 30
0
 11
126.9731509999999872
 21
-59.3755999999999986
 31
0
  0
LINE
  5
9FF
330
1A
100
AcDbEntity
  8
F.Paste
  6
CONTINUOUS
100
AcDbLine
 10
126.9731509999999872
 20
-59.3755999999999986
 30
0
 11
126.9731509999999872
 21
-58.035899999999998
 31
0
  0
LINE
  5
A00
330
1A
100
AcDbEntity
  8
F.Paste
  6
CONTINUOUS
100
AcDbLine
 10
126.9731509999999872
 20
-58.035899999999998
 30
0
 11
127.2587509999999895
 21
-58.035899999999998
 31
0
  0
LINE
  5
A01
330
1A
100
AcDbEntity
  8
F.Paste
  6
CONTINUOUS
100
AcDbLine
 10
127.2587509999999895
 20
-58.035899999999998
 30
0
 11
127.2587509999999895
 21
-59.3755999999999986
 31
0
  0
LINE
  5
A02
330
1A
100
AcDbEntity
  8
F.Paste
  6
CONTINUOUS
100
AcDbLine
 10
127.9087369999999879
 20
-59.3755999999999986
 30
0
 11
127.6231369999999998
 21
-59.3755999999999986
 31
0
  0
LINE
  5
A03
330
1A
100
AcDbEntity
  8
F.Paste
  6
CONTINUOUS
100
AcDbLine
 10
127.6231369999999998
 20
-59.3755999999999986
 30
0
 11
127.6231369999999998
 21
-58.035899999999998
 31
0
  0
LINE
  5
A04
330
1A
100
AcDbEntity
  8
F.Paste
  6
CONTINUOUS
100
AcDbLine
 10
127.6231369999999998
 20
-58.035899999999998
 30
0
 11
127.9087369999999879
 21
-58.035899999999998
 31
0
  0
LINE
  5
A05
330
1A
100
AcDbEntity
  8
F.Paste
  6
CONTINUOUS
100
AcDbLine
 10
127.9087369999999879
 20
-58.035899999999998
 30
0
 11
127.9087369999999879
 21
-59.3755999999999986
 31
0
  0
LINE
  5
A06
330
1A
100
AcDbEntity
  8
F.Paste
  6
CONTINUOUS
100
AcDbLine
 10
128.5587229999999863
 20
-59.3755999999999986
 30
0
 11
128.2731229999999982
 21
-59.3755999999999986
 31
0
  0
LINE
  5
A07
330
1A
100
AcDbEntity
  8
F.Paste
  6
CONTINUOUS
100
AcDbLine
 10
128.2731229999999982
 20
-59.3755999999999986
 30
0
 11
128.2731229999999982
 21
-58.035899999999998
 31
0
  0
LINE
  5
A08
330
1A
100
AcDbEntity
  8
F.Paste
  6
CONTINUOUS
100
AcDbLine
 10
128.2731229999999982
 20
-58.035899999999998
 30
0
 11
128.5587229999999863
 21
-58.035899999999998
 31
0
  0
LINE
  5
A09
330
1A
100
AcDbEntity
  8
F.Paste
  6
CONTINUOUS
100
AcDbLine
 10
128.5587229999999863
 20
-58.035899999999998
 30
0
 11
128.5587229999999863
 21
-59.3755999999999986
 31
0
  0
LINE
  5
A0A
330
1A
100
AcDbEntity
  8
F.Paste
  6
CONTINUOUS
100
AcDbLine
 10
129.2087089999999989
 20
-59.3755999999999986
 30
0
 11
128.9231089999999824
 21
-59.3755999999999986
 31
0
  0
LINE
  5
A0B
330
1A
100
AcDbEntity
  8
F.Paste
  6
CONTINUOUS
100
AcDbLine
 10
128.9231089999999824
 20
-59.3755999999999986
 30
0
 11
128.9231089999999824
 21
-58.035899999999998
 31
0
  0
LINE
  5
A0C
330
1A
100
AcDbEntity
  8
F.Paste
  6
CONTINUOUS
100
AcDbLine
 10
128.9231089999999824
 20
-58.035899999999998
 30
0
 11
129.2087089999999989
 21
-58.035899999999998
 31
0
  0
LINE
  5
A0D
330
1A
100
AcDbEntity
  8
F.Paste
  6
CONTINUOUS
100
AcDbLine
 10
129.2087089999999989
 20
-58.035899999999998
 30
0
 11
129.2087089999999989
 21
-59.3755999999999986
 31
0
  0
LINE
  5
A0E
330
1A
100
AcDbEntity
  8
F.Paste
  6
CONTINUOUS
100
AcDbLine
 10
96.4990710000000007
 20
-56.748429999999999
 30
0
 11
96.5801769999999919
 21
-56.802622999999997
 31
0
  0
LINE
  5
A0F
330
1A
100
AcDbEntity
  8
F.Paste
  6
CONTINUOUS
100
AcDbLine
 10
96.5801769999999919
 20
-56.802622999999997
 30
0
 11
96.6343699999999899
 21
-56.8837289999999953
 31
0
  0
LINE
  5
A10
330
1A
100
AcDbEntity
  8
F.Paste
  6
CONTINUOUS
100
AcDbLine
 10
96.6343699999999899
 20
-56.8837289999999953
 30
0
 11
96.6533999999999907
 21
-56.9793999999999983
 31
0
  0
LINE
  5
A11
330
1A
100
AcDbEntity
  8
F.Paste
  6
CONTINUOUS
100
AcDbLine
 10
96.6533999999999907
 20
-56.9793999999999983
 30
0
 11
96.6533999999999907
 21
-57.8793999999999969
 31
0
  0
LINE
  5
A12
330
1A
100
AcDbEntity
  8
F.Paste
  6
CONTINUOUS
100
AcDbLine
 10
96.6533999999999907
 20
-57.8793999999999969
 30
0
 11
96.6343699999999899
 21
-57.9750709999999998
 31
0
  0
LINE
  5
A13
330
1A
100
AcDbEntity
  8
F.Paste
  6
CONTINUOUS
100
AcDbLine
 10
96.6343699999999899
 20
-57.9750709999999998
 30
0
 11
96.5801769999999919
 21
-58.0561769999999981
 31
0
  0
LINE
  5
A14
330
1A
100
AcDbEntity
  8
F.Paste
  6
CONTINUOUS
100
AcDbLine
 10
96.5801769999999919
 20
-58.0561769999999981
 30
0
 11
96.4990710000000007
 21
-58.1103699999999961
 31
0
  0
LINE
  5
A15
330
1A
100
AcDbEntity
  8
F.Paste
  6
CONTINUOUS
100
AcDbLine
 10
96.4990710000000007
 20
-58.1103699999999961
 30
0
 11
96.4033999999999907
 21
-58.1293999999999969
 31
0
  0
LINE
  5
A16
330
1A
100
AcDbEntity
  8
F.Paste
  6
CONTINUOUS
100
AcDbLine
 10
96.4033999999999907
 20
-58.1293999999999969
 30
0
 11
95.8783999999999992
 21
-58.1293999999999969
 31
0
  0
LINE
  5
A17
330
1A
100
AcDbEntity
  8
F.Paste
  6
CONTINUOUS
100
AcDbLine
 10
95.8783999999999992
 20
-58.1293999999999969
 30
0
 11
95.7827289999999891
 21
-58.1103699999999961
 31
0
  0
LINE
  5
A18
330
1A
100
AcDbEntity
  8
F.Paste
  6
CONTINUOUS
100
AcDbLine
 10
95.7827289999999891
 20
-58.1103699999999961
 30
0
 11
95.7016229999999979
 21
-58.0561769999999981
 31
0
  0
LINE
  5
A19
330
1A
100
AcDbEntity
  8
F.Paste
  6
CONTINUOUS
100
AcDbLine
 10
95.7016229999999979
 20
-58.0561769999999981
 30
0
 11
95.6474299999999999
 21
-57.9750709999999998
 31
0
  0
LINE
  5
A1A
330
1A
100
AcDbEntity
  8
F.Paste
  6
CONTINUOUS
100
AcDbLine
 10
95.6474299999999999
 20
-57.9750709999999998
 30
0
 11
95.6283999999999992
 21
-57.8793999999999969
 31
0
  0
LINE
  5
A1B
330
1A
100
AcDbEntity
  8
F.Paste
  6
CONTINUOUS
100
AcDbLine
 10
95.6283999999999992
 20
-57.8793999999999969
 30
0
 11
95.6283999999999992
 21
-56.9793999999999983
 31
0
  0
LINE
  5
A1C
330
1A
100
AcDbEntity
  8
F.Paste
  6
CONTINUOUS
100
AcDbLine
 10
95.6283999999999992
 20
-56.9793999999999983
 30
0
 11
95.6474299999999999
 21
-56.8837289999999953
 31
0
  0
LINE
  5
A1D
330
1A
100
AcDbEntity
  8
F.Paste
  6
CONTINUOUS
100
AcDbLine
 10
95.6474299999999999
 20
-56.8837289999999953
 30
0
 11
95.7016229999999979
 21
-56.802622999999997
 31
0
  0
LINE
  5
A1E
330
1A
100
AcDbEntity
  8
F.Paste
  6
CONTINUOUS
100
AcDbLine
 10
95.7016229999999979
 20
-56.802622999999997
 30
0
 11
95.7827289999999891
 21
-56.748429999999999
 31
0
  0
LINE
  5
A1F
330
1A
100
AcDbEntity
  8
F.Paste
  6
CONTINUOUS
100
AcDbLine
 10
95.7827289999999891
 20
-56.748429999999999
 30
0
 11
95.8783999999999992
 21
-56.7293999999999983
 31
0
  0
LINE
  5
A20
330
1A
100
AcDbEntity
  8
F.Paste
  6
CONTINUOUS
100
AcDbLine
 10
95.8783999999999992
 20
-56.7293999999999983
 30
0
 11
96.4033999999999907
 21
-56.7293999999999983
 31
0
  0
LINE
  5
A21
330
1A
100
AcDbEntity
  8
F.Paste
  6
CONTINUOUS
100
AcDbLine
 10
96.4033999999999907
 20
-56.7293999999999983
 30
0
 11
96.4990710000000007
 21
-56.748429999999999
 31
0
  0
LINE
  5
A22
330
1A
100
AcDbEntity
  8
F.Paste
  6
CONTINUOUS
100
AcDbLine
 10
98.3240709999999893
 20
-56.748429999999999
 30
0
 11
98.4051769999999948
 21
-56.802622999999997
 31
0
  0
LINE
  5
A23
330
1A
100
AcDbEntity
  8
F.Paste
  6
CONTINUOUS
100
AcDbLine
 10
98.4051769999999948
 20
-56.802622999999997
 30
0
 11
98.4593699999999927
 21
-56.8837289999999953
 31
0
  0
LINE
  5
A24
330
1A
100
AcDbEntity
  8
F.Paste
  6
CONTINUOUS
100
AcDbLine
 10
98.4593699999999927
 20
-56.8837289999999953
 30
0
 11
98.4783999999999935
 21
-56.9793999999999983
 31
0
  0
LINE
  5
A25
330
1A
100
AcDbEntity
  8
F.Paste
  6
CONTINUOUS
100
AcDbLine
 10
98.4783999999999935
 20
-56.9793999999999983
 30
0
 11
98.4783999999999935
 21
-57.8793999999999969
 31
0
  0
LINE
  5
A26
330
1A
100
AcDbEntity
  8
F.Paste
  6
CONTINUOUS
100
AcDbLine
 10
98.4783999999999935
 20
-57.8793999999999969
 30
0
 11
98.4593699999999927
 21
-57.9750709999999998
 31
0
  0
LINE
  5
A27
330
1A
100
AcDbEntity
  8
F.Paste
  6
CONTINUOUS
100
AcDbLine
 10
98.4593699999999927
 20
-57.9750709999999998
 30
0
 11
98.4051769999999948
 21
-58.0561769999999981
 31
0
  0
LINE
  5
A28
330
1A
100
AcDbEntity
  8
F.Paste
  6
CONTINUOUS
100
AcDbLine
 10
98.4051769999999948
 20
-58.0561769999999981
 30
0
 11
98.3240709999999893
 21
-58.1103699999999961
 31
0
  0
LINE
  5
A29
330
1A
100
AcDbEntity
  8
F.Paste
  6
CONTINUOUS
100
AcDbLine
 10
98.3240709999999893
 20
-58.1103699999999961
 30
0
 11
98.2283999999999935
 21
-58.1293999999999969
 31
0
  0
LINE
  5
A2A
330
1A
100
AcDbEntity
  8
F.Paste
  6
CONTINUOUS
100
AcDbLine
 10
98.2283999999999935
 20
-58.1293999999999969
 30
0
 11
97.703400000000002
 21
-58.1293999999999969
 31
0
  0
LINE
  5
A2B
330
1A
100
AcDbEntity
  8
F.Paste
  6
CONTINUOUS
100
AcDbLine
 10
97.703400000000002
 20
-58.1293999999999969
 30
0
 11
97.607728999999992
 21
-58.1103699999999961
 31
0
  0
LINE
  5
A2C
330
1A
100
AcDbEntity
  8
F.Paste
  6
CONTINUOUS
100
AcDbLine
 10
97.607728999999992
 20
-58.1103699999999961
 30
0
 11
97.5266230000000007
 21
-58.0561769999999981
 31
0
  0
LINE
  5
A2D
330
1A
100
AcDbEntity
  8
F.Paste
  6
CONTINUOUS
100
AcDbLine
 10
97.5266230000000007
 20
-58.0561769999999981
 30
0
 11
97.4724299999999886
 21
-57.9750709999999998
 31
0
  0
LINE
  5
A2E
330
1A
100
AcDbEntity
  8
F.Paste
  6
CONTINUOUS
100
AcDbLine
 10
97.4724299999999886
 20
-57.9750709999999998
 30
0
 11
97.453400000000002
 21
-57.8793999999999969
 31
0
  0
LINE
  5
A2F
330
1A
100
AcDbEntity
  8
F.Paste
  6
CONTINUOUS
100
AcDbLine
 10
97.453400000000002
 20
-57.8793999999999969
 30
0
 11
97.453400000000002
 21
-56.9793999999999983
 31
0
  0
LINE
  5
A30
330
1A
100
AcDbEntity
  8
F.Paste
  6
CONTINUOUS
100
AcDbLine
 10
97.453400000000002
 20
-56.9793999999999983
 30
0
 11
97.4724299999999886
 21
-56.8837289999999953
 31
0
  0
LINE
  5
A31
330
1A
100
AcDbEntity
  8
F.Paste
  6
CONTINUOUS
100
AcDbLine
 10
97.4724299999999886
 20
-56.8837289999999953
 30
0
 11
97.5266230000000007
 21
-56.802622999999997
 31
0
  0
LINE
  5
A32
330
1A
100
AcDbEntity
  8
F.Paste
  6
CONTINUOUS
100
AcDbLine
 10
97.5266230000000007
 20
-56.802622999999997
 30
0
 11
97.607728999999992
 21
-56.748429999999999
 31
0
  0
LINE
  5
A33
330
1A
100
AcDbEntity
  8
F.Paste
  6
CONTINUOUS
100
AcDbLine
 10
97.607728999999992
 20
-56.748429999999999
 30
0
 11
97.703400000000002
 21
-56.7293999999999983
 31
0
  0
LINE
  5
A34
330
1A
100
AcDbEntity
  8
F.Paste
  6
CONTINUOUS
100
AcDbLine
 10
97.703400000000002
 20
-56.7293999999999983
 30
0
 11
98.2283999999999935
 21
-56.7293999999999983
 31
0
  0
LINE
  5
A35
330
1A
100
AcDbEntity
  8
F.Paste
  6
CONTINUOUS
100
AcDbLine
 10
98.2283999999999935
 20
-56.7293999999999983
 30
0
 11
98.3240709999999893
 21
-56.748429999999999
 31
0
  0
LINE
  5
A36
330
1A
100
AcDbEntity
  8
F.Paste
  6
CONTINUOUS
100
AcDbLine
 10
80.151299999999992
 20
-57.2277999999999949
 30
0
 11
78.941599999999994
 21
-57.2277999999999949
 31
0
  0
LINE
  5
A37
330
1A
100
AcDbEntity
  8
F.Paste
  6
CONTINUOUS
100
AcDbLine
 10
78.941599999999994
 20
-57.2277999999999949
 30
0
 11
78.941599999999994
 21
-55.8529999999999944
 31
0
  0
LINE
  5
A38
330
1A
100
AcDbEntity
  8
F.Paste
  6
CONTINUOUS
100
AcDbLine
 10
78.941599999999994
 20
-55.8529999999999944
 30
0
 11
80.151299999999992
 21
-55.8529999999999944
 31
0
  0
LINE
  5
A39
330
1A
100
AcDbEntity
  8
F.Paste
  6
CONTINUOUS
100
AcDbLine
 10
80.151299999999992
 20
-55.8529999999999944
 30
0
 11
80.151299999999992
 21
-57.2277999999999949
 31
0
  0
LINE
  5
A3A
330
1A
100
AcDbEntity
  8
F.Paste
  6
CONTINUOUS
100
AcDbLine
 10
81.5609999999999928
 20
-57.2277999999999949
 30
0
 11
80.3512999999999948
 21
-57.2277999999999949
 31
0
  0
LINE
  5
A3B
330
1A
100
AcDbEntity
  8
F.Paste
  6
CONTINUOUS
100
AcDbLine
 10
80.3512999999999948
 20
-57.2277999999999949
 30
0
 11
80.3512999999999948
 21
-55.8529999999999944
 31
0
  0
LINE
  5
A3C
330
1A
100
AcDbEntity
  8
F.Paste
  6
CONTINUOUS
100
AcDbLine
 10
80.3512999999999948
 20
-55.8529999999999944
 30
0
 11
81.5609999999999928
 21
-55.8529999999999944
 31
0
  0
LINE
  5
A3D
330
1A
100
AcDbEntity
  8
F.Paste
  6
CONTINUOUS
100
AcDbLine
 10
81.5609999999999928
 20
-55.8529999999999944
 30
0
 11
81.5609999999999928
 21
-57.2277999999999949
 31
0
  0
LINE
  5
A3E
330
1A
100
AcDbEntity
  8
F.Paste
  6
CONTINUOUS
100
AcDbLine
 10
82.9706999999999937
 20
-57.2277999999999949
 30
0
 11
81.7609999999999957
 21
-57.2277999999999949
 31
0
  0
LINE
  5
A3F
330
1A
100
AcDbEntity
  8
F.Paste
  6
CONTINUOUS
100
AcDbLine
 10
81.7609999999999957
 20
-57.2277999999999949
 30
0
 11
81.7609999999999957
 21
-55.8529999999999944
 31
0
  0
LINE
  5
A40
330
1A
100
AcDbEntity
  8
F.Paste
  6
CONTINUOUS
100
AcDbLine
 10
81.7609999999999957
 20
-55.8529999999999944
 30
0
 11
82.9706999999999937
 21
-55.8529999999999944
 31
0
  0
LINE
  5
A41
330
1A
100
AcDbEntity
  8
F.Paste
  6
CONTINUOUS
100
AcDbLine
 10
82.9706999999999937
 20
-55.8529999999999944
 30
0
 11
82.9706999999999937
 21
-57.2277999999999949
 31
0
  0
LINE
  5
A42
330
1A
100
AcDbEntity
  8
F.Paste
  6
CONTINUOUS
100
AcDbLine
 10
84.3803999999999945
 20
-57.2277999999999949
 30
0
 11
83.1706999999999965
 21
-57.2277999999999949
 31
0
  0
LINE
  5
A43
330
1A
100
AcDbEntity
  8
F.Paste
  6
CONTINUOUS
100
AcDbLine
 10
83.1706999999999965
 20
-57.2277999999999949
 30
0
 11
83.1706999999999965
 21
-55.8529999999999944
 31
0
  0
LINE
  5
A44
330
1A
100
AcDbEntity
  8
F.Paste
  6
CONTINUOUS
100
AcDbLine
 10
83.1706999999999965
 20
-55.8529999999999944
 30
0
 11
84.3803999999999945
 21
-55.8529999999999944
 31
0
  0
LINE
  5
A45
330
1A
100
AcDbEntity
  8
F.Paste
  6
CONTINUOUS
100
AcDbLine
 10
84.3803999999999945
 20
-55.8529999999999944
 30
0
 11
84.3803999999999945
 21
-57.2277999999999949
 31
0
  0
LINE
  5
A46
330
1A
100
AcDbEntity
  8
F.Paste
  6
CONTINUOUS
100
AcDbLine
 10
123.3312999999999988
 20
-57.2277999999999949
 30
0
 11
122.1216000000000008
 21
-57.2277999999999949
 31
0
  0
LINE
  5
A47
330
1A
100
AcDbEntity
  8
F.Paste
  6
CONTINUOUS
100
AcDbLine
 10
122.1216000000000008
 20
-57.2277999999999949
 30
0
 11
122.1216000000000008
 21
-55.8529999999999944
 31
0
  0
LINE
  5
A48
330
1A
100
AcDbEntity
  8
F.Paste
  6
CONTINUOUS
100
AcDbLine
 10
122.1216000000000008
 20
-55.8529999999999944
 30
0
 11
123.3312999999999988
 21
-55.8529999999999944
 31
0
  0
LINE
  5
A49
330
1A
100
AcDbEntity
  8
F.Paste
  6
CONTINUOUS
100
AcDbLine
 10
123.3312999999999988
 20
-55.8529999999999944
 30
0
 11
123.3312999999999988
 21
-57.2277999999999949
 31
0
  0
LINE
  5
A4A
330
1A
100
AcDbEntity
  8
F.Paste
  6
CONTINUOUS
100
AcDbLine
 10
124.7409999999999997
 20
-57.2277999999999949
 30
0
 11
123.5312999999999874
 21
-57.2277999999999949
 31
0
  0
LINE
  5
A4B
330
1A
100
AcDbEntity
  8
F.Paste
  6
CONTINUOUS
100
AcDbLine
 10
123.5312999999999874
 20
-57.2277999999999949
 30
0
 11
123.5312999999999874
 21
-55.8529999999999944
 31
0
  0
LINE
  5
A4C
330
1A
100
AcDbEntity
  8
F.Paste
  6
CONTINUOUS
100
AcDbLine
 10
123.5312999999999874
 20
-55.8529999999999944
 30
0
 11
124.7409999999999997
 21
-55.8529999999999944
 31
0
  0
LINE
  5
A4D
330
1A
100
AcDbEntity
  8
F.Paste
  6
CONTINUOUS
100
AcDbLine
 10
124.7409999999999997
 20
-55.8529999999999944
 30
0
 11
124.7409999999999997
 21
-57.2277999999999949
 31
0
  0
LINE
  5
A4E
330
1A
100
AcDbEntity
  8
F.Paste
  6
CONTINUOUS
100
AcDbLine
 10
126.1507000000000005
 20
-57.2277999999999949
 30
0
 11
124.9409999999999883
 21
-57.2277999999999949
 31
0
  0
LINE
  5
A4F
330
1A
100
AcDbEntity
  8
F.Paste
  6
CONTINUOUS
100
AcDbLine
 10
124.9409999999999883
 20
-57.2277999999999949
 30
0
 11
124.9409999999999883
 21
-55.8529999999999944
 31
0
  0
LINE
  5
A50
330
1A
100
AcDbEntity
  8
F.Paste
  6
CONTINUOUS
100
AcDbLine
 10
124.9409999999999883
 20
-55.8529999999999944
 30
0
 11
126.1507000000000005
 21
-55.8529999999999944
 31
0
  0
LINE
  5
A51
330
1A
100
AcDbEntity
  8
F.Paste
  6
CONTINUOUS
100
AcDbLine
 10
126.1507000000000005
 20
-55.8529999999999944
 30
0
 11
126.1507000000000005
 21
-57.2277999999999949
 31
0
  0
LINE
  5
A52
330
1A
100
AcDbEntity
  8
F.Paste
  6
CONTINUOUS
100
AcDbLine
 10
127.5603999999999871
 20
-57.2277999999999949
 30
0
 11
126.3506999999999891
 21
-57.2277999999999949
 31
0
  0
LINE
  5
A53
330
1A
100
AcDbEntity
  8
F.Paste
  6
CONTINUOUS
100
AcDbLine
 10
126.3506999999999891
 20
-57.2277999999999949
 30
0
 11
126.3506999999999891
 21
-55.8529999999999944
 31
0
  0
LINE
  5
A54
330
1A
100
AcDbEntity
  8
F.Paste
  6
CONTINUOUS
100
AcDbLine
 10
126.3506999999999891
 20
-55.8529999999999944
 30
0
 11
127.5603999999999871
 21
-55.8529999999999944
 31
0
  0
LINE
  5
A55
330
1A
100
AcDbEntity
  8
F.Paste
  6
CONTINUOUS
100
AcDbLine
 10
127.5603999999999871
 20
-55.8529999999999944
 30
0
 11
127.5603999999999871
 21
-57.2277999999999949
 31
0
  0
LINE
  5
A56
330
1A
100
AcDbEntity
  8
F.Paste
  6
CONTINUOUS
100
AcDbLine
 10
118.954104000000001
 20
-56.0894179999999949
 30
0
 11
119.0270989999999927
 21
-56.1381919999999965
 31
0
  0
LINE
  5
A57
330
1A
100
AcDbEntity
  8
F.Paste
  6
CONTINUOUS
100
AcDbLine
 10
119.0270989999999927
 20
-56.1381919999999965
 30
0
 11
119.0758730000000014
 21
-56.2111869999999954
 31
0
  0
LINE
  5
A58
330
1A
100
AcDbEntity
  8
F.Paste
  6
CONTINUOUS
100
AcDbLine
 10
119.0758730000000014
 20
-56.2111869999999954
 30
0
 11
119.0929999999999893
 21
-56.2972909999999942
 31
0
  0
LINE
  5
A59
330
1A
100
AcDbEntity
  8
F.Paste
  6
CONTINUOUS
100
AcDbLine
 10
119.0929999999999893
 20
-56.2972909999999942
 30
0
 11
119.0929999999999893
 21
-56.747290999999997
 31
0
  0
LINE
  5
A5A
330
1A
100
AcDbEntity
  8
F.Paste
  6
CONTINUOUS
100
AcDbLine
 10
119.0929999999999893
 20
-56.747290999999997
 30
0
 11
119.0758730000000014
 21
-56.8333949999999959
 31
0
  0
LINE
  5
A5B
330
1A
100
AcDbEntity
  8
F.Paste
  6
CONTINUOUS
100
AcDbLine
 10
119.0758730000000014
 20
-56.8333949999999959
 30
0
 11
119.0270989999999927
 21
-56.9063899999999947
 31
0
  0
LINE
  5
A5C
330
1A
100
AcDbEntity
  8
F.Paste
  6
CONTINUOUS
100
AcDbLine
 10
119.0270989999999927
 20
-56.9063899999999947
 30
0
 11
118.954104000000001
 21
-56.9551639999999963
 31
0
  0
LINE
  5
A5D
330
1A
100
AcDbEntity
  8
F.Paste
  6
CONTINUOUS
100
AcDbLine
 10
118.954104000000001
 20
-56.9551639999999963
 30
0
 11
118.867999999999995
 21
-56.9722909999999985
 31
0
  0
LINE
  5
A5E
330
1A
100
AcDbEntity
  8
F.Paste
  6
CONTINUOUS
100
AcDbLine
 10
118.867999999999995
 20
-56.9722909999999985
 30
0
 11
118.367999999999995
 21
-56.9722909999999985
 31
0
  0
LINE
  5
A5F
330
1A
100
AcDbEntity
  8
F.Paste
  6
CONTINUOUS
100
AcDbLine
 10
118.367999999999995
 20
-56.9722909999999985
 30
0
 11
118.281895999999989
 21
-56.9551639999999963
 31
0
  0
LINE
  5
A60
330
1A
100
AcDbEntity
  8
F.Paste
  6
CONTINUOUS
100
AcDbLine
 10
118.281895999999989
 20
-56.9551639999999963
 30
0
 11
118.2089009999999973
 21
-56.9063899999999947
 31
0
  0
LINE
  5
A61
330
1A
100
AcDbEntity
  8
F.Paste
  6
CONTINUOUS
100
AcDbLine
 10
118.2089009999999973
 20
-56.9063899999999947
 30
0
 11
118.1601269999999886
 21
-56.8333949999999959
 31
0
  0
LINE
  5
A62
330
1A
100
AcDbEntity
  8
F.Paste
  6
CONTINUOUS
100
AcDbLine
 10
118.1601269999999886
 20
-56.8333949999999959
 30
0
 11
118.1430000000000007
 21
-56.747290999999997
 31
0
  0
LINE
  5
A63
330
1A
100
AcDbEntity
  8
F.Paste
  6
CONTINUOUS
100
AcDbLine
 10
118.1430000000000007
 20
-56.747290999999997
 30
0
 11
118.1430000000000007
 21
-56.2972909999999942
 31
0
  0
LINE
  5
A64
330
1A
100
AcDbEntity
  8
F.Paste
  6
CONTINUOUS
100
AcDbLine
 10
118.1430000000000007
 20
-56.2972909999999942
 30
0
 11
118.1601269999999886
 21
-56.2111869999999954
 31
0
  0
LINE
  5
A65
330
1A
100
AcDbEntity
  8
F.Paste
  6
CONTINUOUS
100
AcDbLine
 10
118.1601269999999886
 20
-56.2111869999999954
 30
0
 11
118.2089009999999973
 21
-56.1381919999999965
 31
0
  0
LINE
  5
A66
330
1A
100
AcDbEntity
  8
F.Paste
  6
CONTINUOUS
100
AcDbLine
 10
118.2089009999999973
 20
-56.1381919999999965
 30
0
 11
118.281895999999989
 21
-56.0894179999999949
 31
0
  0
LINE
  5
A67
330
1A
100
AcDbEntity
  8
F.Paste
  6
CONTINUOUS
100
AcDbLine
 10
118.281895999999989
 20
-56.0894179999999949
 30
0
 11
118.367999999999995
 21
-56.0722909999999999
 31
0
  0
LINE
  5
A68
330
1A
100
AcDbEntity
  8
F.Paste
  6
CONTINUOUS
100
AcDbLine
 10
118.367999999999995
 20
-56.0722909999999999
 30
0
 11
118.867999999999995
 21
-56.0722909999999999
 31
0
  0
LINE
  5
A69
330
1A
100
AcDbEntity
  8
F.Paste
  6
CONTINUOUS
100
AcDbLine
 10
118.867999999999995
 20
-56.0722909999999999
 30
0
 11
118.954104000000001
 21
-56.0894179999999949
 31
0
  0
LINE
  5
A6A
330
1A
100
AcDbEntity
  8
F.Paste
  6
CONTINUOUS
100
AcDbLine
 10
88.3257720000000006
 20
-56.0783369999999977
 30
0
 11
88.3987669999999923
 21
-56.1271109999999993
 31
0
  0
LINE
  5
A6B
330
1A
100
AcDbEntity
  8
F.Paste
  6
CONTINUOUS
100
AcDbLine
 10
88.3987669999999923
 20
-56.1271109999999993
 30
0
 11
88.4475410000000011
 21
-56.2001059999999981
 31
0
  0
LINE
  5
A6C
330
1A
100
AcDbEntity
  8
F.Paste
  6
CONTINUOUS
100
AcDbLine
 10
88.4475410000000011
 20
-56.2001059999999981
 30
0
 11
88.464667999999989
 21
-56.286209999999997
 31
0
  0
LINE
  5
A6D
330
1A
100
AcDbEntity
  8
F.Paste
  6
CONTINUOUS
100
AcDbLine
 10
88.464667999999989
 20
-56.286209999999997
 30
0
 11
88.464667999999989
 21
-56.7362099999999998
 31
0
  0
LINE
  5
A6E
330
1A
100
AcDbEntity
  8
F.Paste
  6
CONTINUOUS
100
AcDbLine
 10
88.464667999999989
 20
-56.7362099999999998
 30
0
 11
88.4475410000000011
 21
-56.8223139999999987
 31
0
  0
LINE
  5
A6F
330
1A
100
AcDbEntity
  8
F.Paste
  6
CONTINUOUS
100
AcDbLine
 10
88.4475410000000011
 20
-56.8223139999999987
 30
0
 11
88.3987669999999923
 21
-56.8953089999999975
 31
0
  0
LINE
  5
A70
330
1A
100
AcDbEntity
  8
F.Paste
  6
CONTINUOUS
100
AcDbLine
 10
88.3987669999999923
 20
-56.8953089999999975
 30
0
 11
88.3257720000000006
 21
-56.9440829999999991
 31
0
  0
LINE
  5
A71
330
1A
100
AcDbEntity
  8
F.Paste
  6
CONTINUOUS
100
AcDbLine
 10
88.3257720000000006
 20
-56.9440829999999991
 30
0
 11
88.2396679999999947
 21
-56.9612099999999941
 31
0
  0
LINE
  5
A72
330
1A
100
AcDbEntity
  8
F.Paste
  6
CONTINUOUS
100
AcDbLine
 10
88.2396679999999947
 20
-56.9612099999999941
 30
0
 11
87.7396679999999947
 21
-56.9612099999999941
 31
0
  0
LINE
  5
A73
330
1A
100
AcDbEntity
  8
F.Paste
  6
CONTINUOUS
100
AcDbLine
 10
87.7396679999999947
 20
-56.9612099999999941
 30
0
 11
87.6535640000000029
 21
-56.9440829999999991
 31
0
  0
LINE
  5
A74
330
1A
100
AcDbEntity
  8
F.Paste
  6
CONTINUOUS
100
AcDbLine
 10
87.6535640000000029
 20
-56.9440829999999991
 30
0
 11
87.580568999999997
 21
-56.8953089999999975
 31
0
  0
LINE
  5
A75
330
1A
100
AcDbEntity
  8
F.Paste
  6
CONTINUOUS
100
AcDbLine
 10
87.580568999999997
 20
-56.8953089999999975
 30
0
 11
87.5317950000000025
 21
-56.8223139999999987
 31
0
  0
LINE
  5
A76
330
1A
100
AcDbEntity
  8
F.Paste
  6
CONTINUOUS
100
AcDbLine
 10
87.5317950000000025
 20
-56.8223139999999987
 30
0
 11
87.5146680000000003
 21
-56.7362099999999998
 31
0
  0
LINE
  5
A77
330
1A
100
AcDbEntity
  8
F.Paste
  6
CONTINUOUS
100
AcDbLine
 10
87.5146680000000003
 20
-56.7362099999999998
 30
0
 11
87.5146680000000003
 21
-56.286209999999997
 31
0
  0
LINE
  5
A78
330
1A
100
AcDbEntity
  8
F.Paste
  6
CONTINUOUS
100
AcDbLine
 10
87.5146680000000003
 20
-56.286209999999997
 30
0
 11
87.5317950000000025
 21
-56.2001059999999981
 31
0
  0
LINE
  5
A79
330
1A
100
AcDbEntity
  8
F.Paste
  6
CONTINUOUS
100
AcDbLine
 10
87.5317950000000025
 20
-56.2001059999999981
 30
0
 11
87.580568999999997
 21
-56.1271109999999993
 31
0
  0
LINE
  5
A7A
330
1A
100
AcDbEntity
  8
F.Paste
  6
CONTINUOUS
100
AcDbLine
 10
87.580568999999997
 20
-56.1271109999999993
 30
0
 11
87.6535640000000029
 21
-56.0783369999999977
 31
0
  0
LINE
  5
A7B
330
1A
100
AcDbEntity
  8
F.Paste
  6
CONTINUOUS
100
AcDbLine
 10
87.6535640000000029
 20
-56.0783369999999977
 30
0
 11
87.7396679999999947
 21
-56.0612099999999955
 31
0
  0
LINE
  5
A7C
330
1A
100
AcDbEntity
  8
F.Paste
  6
CONTINUOUS
100
AcDbLine
 10
87.7396679999999947
 20
-56.0612099999999955
 30
0
 11
88.2396679999999947
 21
-56.0612099999999955
 31
0
  0
LINE
  5
A7D
330
1A
100
AcDbEntity
  8
F.Paste
  6
CONTINUOUS
100
AcDbLine
 10
88.2396679999999947
 20
-56.0612099999999955
 30
0
 11
88.3257720000000006
 21
-56.0783369999999977
 31
0
  0
LINE
  5
A7E
330
1A
100
AcDbEntity
  8
F.Paste
  6
CONTINUOUS
100
AcDbLine
 10
80.151299999999992
 20
-55.6529999999999987
 30
0
 11
78.941599999999994
 21
-55.6529999999999987
 31
0
  0
LINE
  5
A7F
330
1A
100
AcDbEntity
  8
F.Paste
  6
CONTINUOUS
100
AcDbLine
 10
78.941599999999994
 20
-55.6529999999999987
 30
0
 11
78.941599999999994
 21
-54.2781999999999982
 31
0
  0
LINE
  5
A80
330
1A
100
AcDbEntity
  8
F.Paste
  6
CONTINUOUS
100
AcDbLine
 10
78.941599999999994
 20
-54.2781999999999982
 30
0
 11
80.151299999999992
 21
-54.2781999999999982
 31
0
  0
LINE
  5
A81
330
1A
100
AcDbEntity
  8
F.Paste
  6
CONTINUOUS
100
AcDbLine
 10
80.151299999999992
 20
-54.2781999999999982
 30
0
 11
80.151299999999992
 21
-55.6529999999999987
 31
0
  0
LINE
  5
A82
330
1A
100
AcDbEntity
  8
F.Paste
  6
CONTINUOUS
100
AcDbLine
 10
81.5609999999999928
 20
-55.6529999999999987
 30
0
 11
80.3512999999999948
 21
-55.6529999999999987
 31
0
  0
LINE
  5
A83
330
1A
100
AcDbEntity
  8
F.Paste
  6
CONTINUOUS
100
AcDbLine
 10
80.3512999999999948
 20
-55.6529999999999987
 30
0
 11
80.3512999999999948
 21
-54.2781999999999982
 31
0
  0
LINE
  5
A84
330
1A
100
AcDbEntity
  8
F.Paste
  6
CONTINUOUS
100
AcDbLine
 10
80.3512999999999948
 20
-54.2781999999999982
 30
0
 11
81.5609999999999928
 21
-54.2781999999999982
 31
0
  0
LINE
  5
A85
330
1A
100
AcDbEntity
  8
F.Paste
  6
CONTINUOUS
100
AcDbLine
 10
81.5609999999999928
 20
-54.2781999999999982
 30
0
 11
81.5609999999999928
 21
-55.6529999999999987
 31
0
  0
LINE
  5
A86
330
1A
100
AcDbEntity
  8
F.Paste
  6
CONTINUOUS
100
AcDbLine
 10
82.9706999999999937
 20
-55.6529999999999987
 30
0
 11
81.7609999999999957
 21
-55.6529999999999987
 31
0
  0
LINE
  5
A87
330
1A
100
AcDbEntity
  8
F.Paste
  6
CONTINUOUS
100
AcDbLine
 10
81.7609999999999957
 20
-55.6529999999999987
 30
0
 11
81.7609999999999957
 21
-54.2781999999999982
 31
0
  0
LINE
  5
A88
330
1A
100
AcDbEntity
  8
F.Paste
  6
CONTINUOUS
100
AcDbLine
 10
81.7609999999999957
 20
-54.2781999999999982
 30
0
 11
82.9706999999999937
 21
-54.2781999999999982
 31
0
  0
LINE
  5
A89
330
1A
100
AcDbEntity
  8
F.Paste
  6
CONTINUOUS
100
AcDbLine
 10
82.9706999999999937
 20
-54.2781999999999982
 30
0
 11
82.9706999999999937
 21
-55.6529999999999987
 31
0
  0
LINE
  5
A8A
330
1A
100
AcDbEntity
  8
F.Paste
  6
CONTINUOUS
100
AcDbLine
 10
84.3803999999999945
 20
-55.6529999999999987
 30
0
 11
83.1706999999999965
 21
-55.6529999999999987
 31
0
  0
LINE
  5
A8B
330
1A
100
AcDbEntity
  8
F.Paste
  6
CONTINUOUS
100
AcDbLine
 10
83.1706999999999965
 20
-55.6529999999999987
 30
0
 11
83.1706999999999965
 21
-54.2781999999999982
 31
0
  0
LINE
  5
A8C
330
1A
100
AcDbEntity
  8
F.Paste
  6
CONTINUOUS
100
AcDbLine
 10
83.1706999999999965
 20
-54.2781999999999982
 30
0
 11
84.3803999999999945
 21
-54.2781999999999982
 31
0
  0
LINE
  5
A8D
330
1A
100
AcDbEntity
  8
F.Paste
  6
CONTINUOUS
100
AcDbLine
 10
84.3803999999999945
 20
-54.2781999999999982
 30
0
 11
84.3803999999999945
 21
-55.6529999999999987
 31
0
  0
LINE
  5
A8E
330
1A
100
AcDbEntity
  8
F.Paste
  6
CONTINUOUS
100
AcDbLine
 10
123.3312999999999988
 20
-55.6529999999999987
 30
0
 11
122.1216000000000008
 21
-55.6529999999999987
 31
0
  0
LINE
  5
A8F
330
1A
100
AcDbEntity
  8
F.Paste
  6
CONTINUOUS
100
AcDbLine
 10
122.1216000000000008
 20
-55.6529999999999987
 30
0
 11
122.1216000000000008
 21
-54.2781999999999982
 31
0
  0
LINE
  5
A90
330
1A
100
AcDbEntity
  8
F.Paste
  6
CONTINUOUS
100
AcDbLine
 10
122.1216000000000008
 20
-54.2781999999999982
 30
0
 11
123.3312999999999988
 21
-54.2781999999999982
 31
0
  0
LINE
  5
A91
330
1A
100
AcDbEntity
  8
F.Paste
  6
CONTINUOUS
100
AcDbLine
 10
123.3312999999999988
 20
-54.2781999999999982
 30
0
 11
123.3312999999999988
 21
-55.6529999999999987
 31
0
  0
LINE
  5
A92
330
1A
100
AcDbEntity
  8
F.Paste
  6
CONTINUOUS
100
AcDbLine
 10
124.7409999999999997
 20
-55.6529999999999987
 30
0
 11
123.5312999999999874
 21
-55.6529999999999987
 31
0
  0
LINE
  5
A93
330
1A
100
AcDbEntity
  8
F.Paste
  6
CONTINUOUS
100
AcDbLine
 10
123.5312999999999874
 20
-55.6529999999999987
 30
0
 11
123.5312999999999874
 21
-54.2781999999999982
 31
0
  0
LINE
  5
A94
330
1A
100
AcDbEntity
  8
F.Paste
  6
CONTINUOUS
100
AcDbLine
 10
123.5312999999999874
 20
-54.2781999999999982
 30
0
 11
124.7409999999999997
 21
-54.2781999999999982
 31
0
  0
LINE
  5
A95
330
1A
100
AcDbEntity
  8
F.Paste
  6
CONTINUOUS
100
AcDbLine
 10
124.7409999999999997
 20
-54.2781999999999982
 30
0
 11
124.7409999999999997
 21
-55.6529999999999987
 31
0
  0
LINE
  5
A96
330
1A
100
AcDbEntity
  8
F.Paste
  6
CONTINUOUS
100
AcDbLine
 10
126.1507000000000005
 20
-55.6529999999999987
 30
0
 11
124.9409999999999883
 21
-55.6529999999999987
 31
0
  0
LINE
  5
A97
330
1A
100
AcDbEntity
  8
F.Paste
  6
CONTINUOUS
100
AcDbLine
 10
124.9409999999999883
 20
-55.6529999999999987
 30
0
 11
124.9409999999999883
 21
-54.2781999999999982
 31
0
  0
LINE
  5
A98
330
1A
100
AcDbEntity
  8
F.Paste
  6
CONTINUOUS
100
AcDbLine
 10
124.9409999999999883
 20
-54.2781999999999982
 30
0
 11
126.1507000000000005
 21
-54.2781999999999982
 31
0
  0
LINE
  5
A99
330
1A
100
AcDbEntity
  8
F.Paste
  6
CONTINUOUS
100
AcDbLine
 10
126.1507000000000005
 20
-54.2781999999999982
 30
0
 11
126.1507000000000005
 21
-55.6529999999999987
 31
0
  0
LINE
  5
A9A
330
1A
100
AcDbEntity
  8
F.Paste
  6
CONTINUOUS
100
AcDbLine
 10
127.5603999999999871
 20
-55.6529999999999987
 30
0
 11
126.3506999999999891
 21
-55.6529999999999987
 31
0
  0
LINE
  5
A9B
330
1A
100
AcDbEntity
  8
F.Paste
  6
CONTINUOUS
100
AcDbLine
 10
126.3506999999999891
 20
-55.6529999999999987
 30
0
 11
126.3506999999999891
 21
-54.2781999999999982
 31
0
  0
LINE
  5
A9C
330
1A
100
AcDbEntity
  8
F.Paste
  6
CONTINUOUS
100
AcDbLine
 10
126.3506999999999891
 20
-54.2781999999999982
 30
0
 11
127.5603999999999871
 21
-54.2781999999999982
 31
0
  0
LINE
  5
A9D
330
1A
100
AcDbEntity
  8
F.Paste
  6
CONTINUOUS
100
AcDbLine
 10
127.5603999999999871
 20
-54.2781999999999982
 30
0
 11
127.5603999999999871
 21
-55.6529999999999987
 31
0
  0
LINE
  5
A9E
330
1A
100
AcDbEntity
  8
F.Paste
  6
CONTINUOUS
100
AcDbLine
 10
118.954104000000001
 20
-54.5394179999999977
 30
0
 11
119.0270989999999927
 21
-54.5881919999999994
 31
0
  0
LINE
  5
A9F
330
1A
100
AcDbEntity
  8
F.Paste
  6
CONTINUOUS
100
AcDbLine
 10
119.0270989999999927
 20
-54.5881919999999994
 30
0
 11
119.0758730000000014
 21
-54.6611869999999982
 31
0
  0
LINE
  5
AA0
330
1A
100
AcDbEntity
  8
F.Paste
  6
CONTINUOUS
100
AcDbLine
 10
119.0758730000000014
 20
-54.6611869999999982
 30
0
 11
119.0929999999999893
 21
-54.747290999999997
 31
0
  0
LINE
  5
AA1
330
1A
100
AcDbEntity
  8
F.Paste
  6
CONTINUOUS
100
AcDbLine
 10
119.0929999999999893
 20
-54.747290999999997
 30
0
 11
119.0929999999999893
 21
-55.1972909999999999
 31
0
  0
LINE
  5
AA2
330
1A
100
AcDbEntity
  8
F.Paste
  6
CONTINUOUS
100
AcDbLine
 10
119.0929999999999893
 20
-55.1972909999999999
 30
0
 11
119.0758730000000014
 21
-55.2833949999999987
 31
0
  0
LINE
  5
AA3
330
1A
100
AcDbEntity
  8
F.Paste
  6
CONTINUOUS
100
AcDbLine
 10
119.0758730000000014
 20
-55.2833949999999987
 30
0
 11
119.0270989999999927
 21
-55.3563899999999975
 31
0
  0
LINE
  5
AA4
330
1A
100
AcDbEntity
  8
F.Paste
  6
CONTINUOUS
100
AcDbLine
 10
119.0270989999999927
 20
-55.3563899999999975
 30
0
 11
118.954104000000001
 21
-55.4051639999999992
 31
0
  0
LINE
  5
AA5
330
1A
100
AcDbEntity
  8
F.Paste
  6
CONTINUOUS
100
AcDbLine
 10
118.954104000000001
 20
-55.4051639999999992
 30
0
 11
118.867999999999995
 21
-55.4222909999999942
 31
0
  0
LINE
  5
AA6
330
1A
100
AcDbEntity
  8
F.Paste
  6
CONTINUOUS
100
AcDbLine
 10
118.867999999999995
 20
-55.4222909999999942
 30
0
 11
118.367999999999995
 21
-55.4222909999999942
 31
0
  0
LINE
  5
AA7
330
1A
100
AcDbEntity
  8
F.Paste
  6
CONTINUOUS
100
AcDbLine
 10
118.367999999999995
 20
-55.4222909999999942
 30
0
 11
118.281895999999989
 21
-55.4051639999999992
 31
0
  0
LINE
  5
AA8
330
1A
100
AcDbEntity
  8
F.Paste
  6
CONTINUOUS
100
AcDbLine
 10
118.281895999999989
 20
-55.4051639999999992
 30
0
 11
118.2089009999999973
 21
-55.3563899999999975
 31
0
  0
LINE
  5
AA9
330
1A
100
AcDbEntity
  8
F.Paste
  6
CONTINUOUS
100
AcDbLine
 10
118.2089009999999973
 20
-55.3563899999999975
 30
0
 11
118.1601269999999886
 21
-55.2833949999999987
 31
0
  0
LINE
  5
AAA
330
1A
100
AcDbEntity
  8
F.Paste
  6
CONTINUOUS
100
AcDbLine
 10
118.1601269999999886
 20
-55.2833949999999987
 30
0
 11
118.1430000000000007
 21
-55.1972909999999999
 31
0
  0
LINE
  5
AAB
330
1A
100
AcDbEntity
  8
F.Paste
  6
CONTINUOUS
100
AcDbLine
 10
118.1430000000000007
 20
-55.1972909999999999
 30
0
 11
118.1430000000000007
 21
-54.747290999999997
 31
0
  0
LINE
  5
AAC
330
1A
100
AcDbEntity
  8
F.Paste
  6
CONTINUOUS
100
AcDbLine
 10
118.1430000000000007
 20
-54.747290999999997
 30
0
 11
118.1601269999999886
 21
-54.6611869999999982
 31
0
  0
LINE
  5
AAD
330
1A
100
AcDbEntity
  8
F.Paste
  6
CONTINUOUS
100
AcDbLine
 10
118.1601269999999886
 20
-54.6611869999999982
 30
0
 11
118.2089009999999973
 21
-54.5881919999999994
 31
0
  0
LINE
  5
AAE
330
1A
100
AcDbEntity
  8
F.Paste
  6
CONTINUOUS
100
AcDbLine
 10
118.2089009999999973
 20
-54.5881919999999994
 30
0
 11
118.281895999999989
 21
-54.5394179999999977
 31
0
  0
LINE
  5
AAF
330
1A
100
AcDbEntity
  8
F.Paste
  6
CONTINUOUS
100
AcDbLine
 10
118.281895999999989
 20
-54.5394179999999977
 30
0
 11
118.367999999999995
 21
-54.5222909999999956
 31
0
  0
LINE
  5
AB0
330
1A
100
AcDbEntity
  8
F.Paste
  6
CONTINUOUS
100
AcDbLine
 10
118.367999999999995
 20
-54.5222909999999956
 30
0
 11
118.867999999999995
 21
-54.5222909999999956
 31
0
  0
LINE
  5
AB1
330
1A
100
AcDbEntity
  8
F.Paste
  6
CONTINUOUS
100
AcDbLine
 10
118.867999999999995
 20
-54.5222909999999956
 30
0
 11
118.954104000000001
 21
-54.5394179999999977
 31
0
  0
LINE
  5
AB2
330
1A
100
AcDbEntity
  8
F.Paste
  6
CONTINUOUS
100
AcDbLine
 10
88.3257720000000006
 20
-54.5283370000000005
 30
0
 11
88.3987669999999923
 21
-54.577110999999995
 31
0
  0
LINE
  5
AB3
330
1A
100
AcDbEntity
  8
F.Paste
  6
CONTINUOUS
100
AcDbLine
 10
88.3987669999999923
 20
-54.577110999999995
 30
0
 11
88.4475410000000011
 21
-54.650106000000001
 31
0
  0
LINE
  5
AB4
330
1A
100
AcDbEntity
  8
F.Paste
  6
CONTINUOUS
100
AcDbLine
 10
88.4475410000000011
 20
-54.650106000000001
 30
0
 11
88.464667999999989
 21
-54.7362099999999998
 31
0
  0
LINE
  5
AB5
330
1A
100
AcDbEntity
  8
F.Paste
  6
CONTINUOUS
100
AcDbLine
 10
88.464667999999989
 20
-54.7362099999999998
 30
0
 11
88.464667999999989
 21
-55.1862099999999955
 31
0
  0
LINE
  5
AB6
330
1A
100
AcDbEntity
  8
F.Paste
  6
CONTINUOUS
100
AcDbLine
 10
88.464667999999989
 20
-55.1862099999999955
 30
0
 11
88.4475410000000011
 21
-55.2723139999999944
 31
0
  0
LINE
  5
AB7
330
1A
100
AcDbEntity
  8
F.Paste
  6
CONTINUOUS
100
AcDbLine
 10
88.4475410000000011
 20
-55.2723139999999944
 30
0
 11
88.3987669999999923
 21
-55.3453090000000003
 31
0
  0
LINE
  5
AB8
330
1A
100
AcDbEntity
  8
F.Paste
  6
CONTINUOUS
100
AcDbLine
 10
88.3987669999999923
 20
-55.3453090000000003
 30
0
 11
88.3257720000000006
 21
-55.3940829999999949
 31
0
  0
LINE
  5
AB9
330
1A
100
AcDbEntity
  8
F.Paste
  6
CONTINUOUS
100
AcDbLine
 10
88.3257720000000006
 20
-55.3940829999999949
 30
0
 11
88.2396679999999947
 21
-55.411209999999997
 31
0
  0
LINE
  5
ABA
330
1A
100
AcDbEntity
  8
F.Paste
  6
CONTINUOUS
100
AcDbLine
 10
88.2396679999999947
 20
-55.411209999999997
 30
0
 11
87.7396679999999947
 21
-55.411209999999997
 31
0
  0
LINE
  5
ABB
330
1A
100
AcDbEntity
  8
F.Paste
  6
CONTINUOUS
100
AcDbLine
 10
87.7396679999999947
 20
-55.411209999999997
 30
0
 11
87.6535640000000029
 21
-55.3940829999999949
 31
0
  0
LINE
  5
ABC
330
1A
100
AcDbEntity
  8
F.Paste
  6
CONTINUOUS
100
AcDbLine
 10
87.6535640000000029
 20
-55.3940829999999949
 30
0
 11
87.580568999999997
 21
-55.3453090000000003
 31
0
  0
LINE
  5
ABD
330
1A
100
AcDbEntity
  8
F.Paste
  6
CONTINUOUS
100
AcDbLine
 10
87.580568999999997
 20
-55.3453090000000003
 30
0
 11
87.5317950000000025
 21
-55.2723139999999944
 31
0
  0
LINE
  5
ABE
330
1A
100
AcDbEntity
  8
F.Paste
  6
CONTINUOUS
100
AcDbLine
 10
87.5317950000000025
 20
-55.2723139999999944
 30
0
 11
87.5146680000000003
 21
-55.1862099999999955
 31
0
  0
LINE
  5
ABF
330
1A
100
AcDbEntity
  8
F.Paste
  6
CONTINUOUS
100
AcDbLine
 10
87.5146680000000003
 20
-55.1862099999999955
 30
0
 11
87.5146680000000003
 21
-54.7362099999999998
 31
0
  0
LINE
  5
AC0
330
1A
100
AcDbEntity
  8
F.Paste
  6
CONTINUOUS
100
AcDbLine
 10
87.5146680000000003
 20
-54.7362099999999998
 30
0
 11
87.5317950000000025
 21
-54.650106000000001
 31
0
  0
LINE
  5
AC1
330
1A
100
AcDbEntity
  8
F.Paste
  6
CONTINUOUS
100
AcDbLine
 10
87.5317950000000025
 20
-54.650106000000001
 30
0
 11
87.580568999999997
 21
-54.577110999999995
 31
0
  0
LINE
  5
AC2
330
1A
100
AcDbEntity
  8
F.Paste
  6
CONTINUOUS
100
AcDbLine
 10
87.580568999999997
 20
-54.577110999999995
 30
0
 11
87.6535640000000029
 21
-54.5283370000000005
 31
0
  0
LINE
  5
AC3
330
1A
100
AcDbEntity
  8
F.Paste
  6
CONTINUOUS
100
AcDbLine
 10
87.6535640000000029
 20
-54.5283370000000005
 30
0
 11
87.7396679999999947
 21
-54.5112099999999984
 31
0
  0
LINE
  5
AC4
330
1A
100
AcDbEntity
  8
F.Paste
  6
CONTINUOUS
100
AcDbLine
 10
87.7396679999999947
 20
-54.5112099999999984
 30
0
 11
88.2396679999999947
 21
-54.5112099999999984
 31
0
  0
LINE
  5
AC5
330
1A
100
AcDbEntity
  8
F.Paste
  6
CONTINUOUS
100
AcDbLine
 10
88.2396679999999947
 20
-54.5112099999999984
 30
0
 11
88.3257720000000006
 21
-54.5283370000000005
 31
0
  0
LINE
  5
AC6
330
1A
100
AcDbEntity
  8
F.Paste
  6
CONTINUOUS
100
AcDbLine
 10
77.5788909999999987
 20
-53.4700999999999951
 30
0
 11
77.2932909999999964
 21
-53.4700999999999951
 31
0
  0
LINE
  5
AC7
330
1A
100
AcDbEntity
  8
F.Paste
  6
CONTINUOUS
100
AcDbLine
 10
77.2932909999999964
 20
-53.4700999999999951
 30
0
 11
77.2932909999999964
 21
-52.1303999999999945
 31
0
  0
LINE
  5
AC8
330
1A
100
AcDbEntity
  8
F.Paste
  6
CONTINUOUS
100
AcDbLine
 10
77.2932909999999964
 20
-52.1303999999999945
 30
0
 11
77.5788909999999987
 21
-52.1303999999999945
 31
0
  0
LINE
  5
AC9
330
1A
100
AcDbEntity
  8
F.Paste
  6
CONTINUOUS
100
AcDbLine
 10
77.5788909999999987
 20
-52.1303999999999945
 30
0
 11
77.5788909999999987
 21
-53.4700999999999951
 31
0
  0
LINE
  5
ACA
330
1A
100
AcDbEntity
  8
F.Paste
  6
CONTINUOUS
100
AcDbLine
 10
78.2288769999999971
 20
-53.4700999999999951
 30
0
 11
77.9432769999999948
 21
-53.4700999999999951
 31
0
  0
LINE
  5
ACB
330
1A
100
AcDbEntity
  8
F.Paste
  6
CONTINUOUS
100
AcDbLine
 10
77.9432769999999948
 20
-53.4700999999999951
 30
0
 11
77.9432769999999948
 21
-52.1303999999999945
 31
0
  0
LINE
  5
ACC
330
1A
100
AcDbEntity
  8
F.Paste
  6
CONTINUOUS
100
AcDbLine
 10
77.9432769999999948
 20
-52.1303999999999945
 30
0
 11
78.2288769999999971
 21
-52.1303999999999945
 31
0
  0
LINE
  5
ACD
330
1A
100
AcDbEntity
  8
F.Paste
  6
CONTINUOUS
100
AcDbLine
 10
78.2288769999999971
 20
-52.1303999999999945
 30
0
 11
78.2288769999999971
 21
-53.4700999999999951
 31
0
  0
LINE
  5
ACE
330
1A
100
AcDbEntity
  8
F.Paste
  6
CONTINUOUS
100
AcDbLine
 10
78.8788629999999955
 20
-53.4700999999999951
 30
0
 11
78.5932629999999932
 21
-53.4700999999999951
 31
0
  0
LINE
  5
ACF
330
1A
100
AcDbEntity
  8
F.Paste
  6
CONTINUOUS
100
AcDbLine
 10
78.5932629999999932
 20
-53.4700999999999951
 30
0
 11
78.5932629999999932
 21
-52.1303999999999945
 31
0
  0
LINE
  5
AD0
330
1A
100
AcDbEntity
  8
F.Paste
  6
CONTINUOUS
100
AcDbLine
 10
78.5932629999999932
 20
-52.1303999999999945
 30
0
 11
78.8788629999999955
 21
-52.1303999999999945
 31
0
  0
LINE
  5
AD1
330
1A
100
AcDbEntity
  8
F.Paste
  6
CONTINUOUS
100
AcDbLine
 10
78.8788629999999955
 20
-52.1303999999999945
 30
0
 11
78.8788629999999955
 21
-53.4700999999999951
 31
0
  0
LINE
  5
AD2
330
1A
100
AcDbEntity
  8
F.Paste
  6
CONTINUOUS
100
AcDbLine
 10
79.5288489999999939
 20
-53.4700999999999951
 30
0
 11
79.2432489999999916
 21
-53.4700999999999951
 31
0
  0
LINE
  5
AD3
330
1A
100
AcDbEntity
  8
F.Paste
  6
CONTINUOUS
100
AcDbLine
 10
79.2432489999999916
 20
-53.4700999999999951
 30
0
 11
79.2432489999999916
 21
-52.1303999999999945
 31
0
  0
LINE
  5
AD4
330
1A
100
AcDbEntity
  8
F.Paste
  6
CONTINUOUS
100
AcDbLine
 10
79.2432489999999916
 20
-52.1303999999999945
 30
0
 11
79.5288489999999939
 21
-52.1303999999999945
 31
0
  0
LINE
  5
AD5
330
1A
100
AcDbEntity
  8
F.Paste
  6
CONTINUOUS
100
AcDbLine
 10
79.5288489999999939
 20
-52.1303999999999945
 30
0
 11
79.5288489999999939
 21
-53.4700999999999951
 31
0
  0
LINE
  5
AD6
330
1A
100
AcDbEntity
  8
F.Paste
  6
CONTINUOUS
100
AcDbLine
 10
80.1788349999999923
 20
-53.4700999999999951
 30
0
 11
79.89323499999999
 21
-53.4700999999999951
 31
0
  0
LINE
  5
AD7
330
1A
100
AcDbEntity
  8
F.Paste
  6
CONTINUOUS
100
AcDbLine
 10
79.89323499999999
 20
-53.4700999999999951
 30
0
 11
79.89323499999999
 21
-52.1303999999999945
 31
0
  0
LINE
  5
AD8
330
1A
100
AcDbEntity
  8
F.Paste
  6
CONTINUOUS
100
AcDbLine
 10
79.89323499999999
 20
-52.1303999999999945
 30
0
 11
80.1788349999999923
 21
-52.1303999999999945
 31
0
  0
LINE
  5
AD9
330
1A
100
AcDbEntity
  8
F.Paste
  6
CONTINUOUS
100
AcDbLine
 10
80.1788349999999923
 20
-52.1303999999999945
 30
0
 11
80.1788349999999923
 21
-53.4700999999999951
 31
0
  0
LINE
  5
ADA
330
1A
100
AcDbEntity
  8
F.Paste
  6
CONTINUOUS
100
AcDbLine
 10
80.8288209999999907
 20
-53.4700999999999951
 30
0
 11
80.5432210000000026
 21
-53.4700999999999951
 31
0
  0
LINE
  5
ADB
330
1A
100
AcDbEntity
  8
F.Paste
  6
CONTINUOUS
100
AcDbLine
 10
80.5432210000000026
 20
-53.4700999999999951
 30
0
 11
80.5432210000000026
 21
-52.1303999999999945
 31
0
  0
LINE
  5
ADC
330
1A
100
AcDbEntity
  8
F.Paste
  6
CONTINUOUS
100
AcDbLine
 10
80.5432210000000026
 20
-52.1303999999999945
 30
0
 11
80.8288209999999907
 21
-52.1303999999999945
 31
0
  0
LINE
  5
ADD
330
1A
100
AcDbEntity
  8
F.Paste
  6
CONTINUOUS
100
AcDbLine
 10
80.8288209999999907
 20
-52.1303999999999945
 30
0
 11
80.8288209999999907
 21
-53.4700999999999951
 31
0
  0
LINE
  5
ADE
330
1A
100
AcDbEntity
  8
F.Paste
  6
CONTINUOUS
100
AcDbLine
 10
81.4788070000000033
 20
-53.4700999999999951
 30
0
 11
81.193207000000001
 21
-53.4700999999999951
 31
0
  0
LINE
  5
ADF
330
1A
100
AcDbEntity
  8
F.Paste
  6
CONTINUOUS
100
AcDbLine
 10
81.193207000000001
 20
-53.4700999999999951
 30
0
 11
81.193207000000001
 21
-52.1303999999999945
 31
0
  0
LINE
  5
AE0
330
1A
100
AcDbEntity
  8
F.Paste
  6
CONTINUOUS
100
AcDbLine
 10
81.193207000000001
 20
-52.1303999999999945
 30
0
 11
81.4788070000000033
 21
-52.1303999999999945
 31
0
  0
LINE
  5
AE1
330
1A
100
AcDbEntity
  8
F.Paste
  6
CONTINUOUS
100
AcDbLine
 10
81.4788070000000033
 20
-52.1303999999999945
 30
0
 11
81.4788070000000033
 21
-53.4700999999999951
 31
0
  0
LINE
  5
AE2
330
1A
100
AcDbEntity
  8
F.Paste
  6
CONTINUOUS
100
AcDbLine
 10
82.1287930000000017
 20
-53.4700999999999951
 30
0
 11
81.8431929999999994
 21
-53.4700999999999951
 31
0
  0
LINE
  5
AE3
330
1A
100
AcDbEntity
  8
F.Paste
  6
CONTINUOUS
100
AcDbLine
 10
81.8431929999999994
 20
-53.4700999999999951
 30
0
 11
81.8431929999999994
 21
-52.1303999999999945
 31
0
  0
LINE
  5
AE4
330
1A
100
AcDbEntity
  8
F.Paste
  6
CONTINUOUS
100
AcDbLine
 10
81.8431929999999994
 20
-52.1303999999999945
 30
0
 11
82.1287930000000017
 21
-52.1303999999999945
 31
0
  0
LINE
  5
AE5
330
1A
100
AcDbEntity
  8
F.Paste
  6
CONTINUOUS
100
AcDbLine
 10
82.1287930000000017
 20
-52.1303999999999945
 30
0
 11
82.1287930000000017
 21
-53.4700999999999951
 31
0
  0
LINE
  5
AE6
330
1A
100
AcDbEntity
  8
F.Paste
  6
CONTINUOUS
100
AcDbLine
 10
82.7787790000000001
 20
-53.4700999999999951
 30
0
 11
82.4931789999999978
 21
-53.4700999999999951
 31
0
  0
LINE
  5
AE7
330
1A
100
AcDbEntity
  8
F.Paste
  6
CONTINUOUS
100
AcDbLine
 10
82.4931789999999978
 20
-53.4700999999999951
 30
0
 11
82.4931789999999978
 21
-52.1303999999999945
 31
0
  0
LINE
  5
AE8
330
1A
100
AcDbEntity
  8
F.Paste
  6
CONTINUOUS
100
AcDbLine
 10
82.4931789999999978
 20
-52.1303999999999945
 30
0
 11
82.7787790000000001
 21
-52.1303999999999945
 31
0
  0
LINE
  5
AE9
330
1A
100
AcDbEntity
  8
F.Paste
  6
CONTINUOUS
100
AcDbLine
 10
82.7787790000000001
 20
-52.1303999999999945
 30
0
 11
82.7787790000000001
 21
-53.4700999999999951
 31
0
  0
LINE
  5
AEA
330
1A
100
AcDbEntity
  8
F.Paste
  6
CONTINUOUS
100
AcDbLine
 10
83.4287649999999985
 20
-53.4700999999999951
 30
0
 11
83.1431649999999962
 21
-53.4700999999999951
 31
0
  0
LINE
  5
AEB
330
1A
100
AcDbEntity
  8
F.Paste
  6
CONTINUOUS
100
AcDbLine
 10
83.1431649999999962
 20
-53.4700999999999951
 30
0
 11
83.1431649999999962
 21
-52.1303999999999945
 31
0
  0
LINE
  5
AEC
330
1A
100
AcDbEntity
  8
F.Paste
  6
CONTINUOUS
100
AcDbLine
 10
83.1431649999999962
 20
-52.1303999999999945
 30
0
 11
83.4287649999999985
 21
-52.1303999999999945
 31
0
  0
LINE
  5
AED
330
1A
100
AcDbEntity
  8
F.Paste
  6
CONTINUOUS
100
AcDbLine
 10
83.4287649999999985
 20
-52.1303999999999945
 30
0
 11
83.4287649999999985
 21
-53.4700999999999951
 31
0
  0
LINE
  5
AEE
330
1A
100
AcDbEntity
  8
F.Paste
  6
CONTINUOUS
100
AcDbLine
 10
84.0787509999999969
 20
-53.4700999999999951
 30
0
 11
83.7931509999999946
 21
-53.4700999999999951
 31
0
  0
LINE
  5
AEF
330
1A
100
AcDbEntity
  8
F.Paste
  6
CONTINUOUS
100
AcDbLine
 10
83.7931509999999946
 20
-53.4700999999999951
 30
0
 11
83.7931509999999946
 21
-52.1303999999999945
 31
0
  0
LINE
  5
AF0
330
1A
100
AcDbEntity
  8
F.Paste
  6
CONTINUOUS
100
AcDbLine
 10
83.7931509999999946
 20
-52.1303999999999945
 30
0
 11
84.0787509999999969
 21
-52.1303999999999945
 31
0
  0
LINE
  5
AF1
330
1A
100
AcDbEntity
  8
F.Paste
  6
CONTINUOUS
100
AcDbLine
 10
84.0787509999999969
 20
-52.1303999999999945
 30
0
 11
84.0787509999999969
 21
-53.4700999999999951
 31
0
  0
LINE
  5
AF2
330
1A
100
AcDbEntity
  8
F.Paste
  6
CONTINUOUS
100
AcDbLine
 10
84.7287369999999953
 20
-53.4700999999999951
 30
0
 11
84.443136999999993
 21
-53.4700999999999951
 31
0
  0
LINE
  5
AF3
330
1A
100
AcDbEntity
  8
F.Paste
  6
CONTINUOUS
100
AcDbLine
 10
84.443136999999993
 20
-53.4700999999999951
 30
0
 11
84.443136999999993
 21
-52.1303999999999945
 31
0
  0
LINE
  5
AF4
330
1A
100
AcDbEntity
  8
F.Paste
  6
CONTINUOUS
100
AcDbLine
 10
84.443136999999993
 20
-52.1303999999999945
 30
0
 11
84.7287369999999953
 21
-52.1303999999999945
 31
0
  0
LINE
  5
AF5
330
1A
100
AcDbEntity
  8
F.Paste
  6
CONTINUOUS
100
AcDbLine
 10
84.7287369999999953
 20
-52.1303999999999945
 30
0
 11
84.7287369999999953
 21
-53.4700999999999951
 31
0
  0
LINE
  5
AF6
330
1A
100
AcDbEntity
  8
F.Paste
  6
CONTINUOUS
100
AcDbLine
 10
85.3787229999999937
 20
-53.4700999999999951
 30
0
 11
85.0931229999999914
 21
-53.4700999999999951
 31
0
  0
LINE
  5
AF7
330
1A
100
AcDbEntity
  8
F.Paste
  6
CONTINUOUS
100
AcDbLine
 10
85.0931229999999914
 20
-53.4700999999999951
 30
0
 11
85.0931229999999914
 21
-52.1303999999999945
 31
0
  0
LINE
  5
AF8
330
1A
100
AcDbEntity
  8
F.Paste
  6
CONTINUOUS
100
AcDbLine
 10
85.0931229999999914
 20
-52.1303999999999945
 30
0
 11
85.3787229999999937
 21
-52.1303999999999945
 31
0
  0
LINE
  5
AF9
330
1A
100
AcDbEntity
  8
F.Paste
  6
CONTINUOUS
100
AcDbLine
 10
85.3787229999999937
 20
-52.1303999999999945
 30
0
 11
85.3787229999999937
 21
-53.4700999999999951
 31
0
  0
LINE
  5
AFA
330
1A
100
AcDbEntity
  8
F.Paste
  6
CONTINUOUS
100
AcDbLine
 10
86.0287089999999921
 20
-53.4700999999999951
 30
0
 11
85.7431089999999898
 21
-53.4700999999999951
 31
0
  0
LINE
  5
AFB
330
1A
100
AcDbEntity
  8
F.Paste
  6
CONTINUOUS
100
AcDbLine
 10
85.7431089999999898
 20
-53.4700999999999951
 30
0
 11
85.7431089999999898
 21
-52.1303999999999945
 31
0
  0
LINE
  5
AFC
330
1A
100
AcDbEntity
  8
F.Paste
  6
CONTINUOUS
100
AcDbLine
 10
85.7431089999999898
 20
-52.1303999999999945
 30
0
 11
86.0287089999999921
 21
-52.1303999999999945
 31
0
  0
LINE
  5
AFD
330
1A
100
AcDbEntity
  8
F.Paste
  6
CONTINUOUS
100
AcDbLine
 10
86.0287089999999921
 20
-52.1303999999999945
 30
0
 11
86.0287089999999921
 21
-53.4700999999999951
 31
0
  0
LINE
  5
AFE
330
1A
100
AcDbEntity
  8
F.Paste
  6
CONTINUOUS
100
AcDbLine
 10
120.7588909999999913
 20
-53.4700999999999951
 30
0
 11
120.473290999999989
 21
-53.4700999999999951
 31
0
  0
LINE
  5
AFF
330
1A
100
AcDbEntity
  8
F.Paste
  6
CONTINUOUS
100
AcDbLine
 10
120.473290999999989
 20
-53.4700999999999951
 30
0
 11
120.473290999999989
 21
-52.1303999999999945
 31
0
  0
LINE
  5
B00
330
1A
100
AcDbEntity
  8
F.Paste
  6
CONTINUOUS
100
AcDbLine
 10
120.473290999999989
 20
-52.1303999999999945
 30
0
 11
120.7588909999999913
 21
-52.1303999999999945
 31
0
  0
LINE
  5
B01
330
1A
100
AcDbEntity
  8
F.Paste
  6
CONTINUOUS
100
AcDbLine
 10
120.7588909999999913
 20
-52.1303999999999945
 30
0
 11
120.7588909999999913
 21
-53.4700999999999951
 31
0
  0
LINE
  5
B02
330
1A
100
AcDbEntity
  8
F.Paste
  6
CONTINUOUS
100
AcDbLine
 10
121.4088769999999897
 20
-53.4700999999999951
 30
0
 11
121.1232769999999874
 21
-53.4700999999999951
 31
0
  0
LINE
  5
B03
330
1A
100
AcDbEntity
  8
F.Paste
  6
CONTINUOUS
100
AcDbLine
 10
121.1232769999999874
 20
-53.4700999999999951
 30
0
 11
121.1232769999999874
 21
-52.1303999999999945
 31
0
  0
LINE
  5
B04
330
1A
100
AcDbEntity
  8
F.Paste
  6
CONTINUOUS
100
AcDbLine
 10
121.1232769999999874
 20
-52.1303999999999945
 30
0
 11
121.4088769999999897
 21
-52.1303999999999945
 31
0
  0
LINE
  5
B05
330
1A
100
AcDbEntity
  8
F.Paste
  6
CONTINUOUS
100
AcDbLine
 10
121.4088769999999897
 20
-52.1303999999999945
 30
0
 11
121.4088769999999897
 21
-53.4700999999999951
 31
0
  0
LINE
  5
B06
330
1A
100
AcDbEntity
  8
F.Paste
  6
CONTINUOUS
100
AcDbLine
 10
122.0588629999999881
 20
-53.4700999999999951
 30
0
 11
121.773263
 21
-53.4700999999999951
 31
0
  0
LINE
  5
B07
330
1A
100
AcDbEntity
  8
F.Paste
  6
CONTINUOUS
100
AcDbLine
 10
121.773263
 20
-53.4700999999999951
 30
0
 11
121.773263
 21
-52.1303999999999945
 31
0
  0
LINE
  5
B08
330
1A
100
AcDbEntity
  8
F.Paste
  6
CONTINUOUS
100
AcDbLine
 10
121.773263
 20
-52.1303999999999945
 30
0
 11
122.0588629999999881
 21
-52.1303999999999945
 31
0
  0
LINE
  5
B09
330
1A
100
AcDbEntity
  8
F.Paste
  6
CONTINUOUS
100
AcDbLine
 10
122.0588629999999881
 20
-52.1303999999999945
 30
0
 11
122.0588629999999881
 21
-53.4700999999999951
 31
0
  0
LINE
  5
B0A
330
1A
100
AcDbEntity
  8
F.Paste
  6
CONTINUOUS
100
AcDbLine
 10
122.7088490000000007
 20
-53.4700999999999951
 30
0
 11
122.4232489999999984
 21
-53.4700999999999951
 31
0
  0
LINE
  5
B0B
330
1A
100
AcDbEntity
  8
F.Paste
  6
CONTINUOUS
100
AcDbLine
 10
122.4232489999999984
 20
-53.4700999999999951
 30
0
 11
122.4232489999999984
 21
-52.1303999999999945
 31
0
  0
LINE
  5
B0C
330
1A
100
AcDbEntity
  8
F.Paste
  6
CONTINUOUS
100
AcDbLine
 10
122.4232489999999984
 20
-52.1303999999999945
 30
0
 11
122.7088490000000007
 21
-52.1303999999999945
 31
0
  0
LINE
  5
B0D
330
1A
100
AcDbEntity
  8
F.Paste
  6
CONTINUOUS
100
AcDbLine
 10
122.7088490000000007
 20
-52.1303999999999945
 30
0
 11
122.7088490000000007
 21
-53.4700999999999951
 31
0
  0
LINE
  5
B0E
330
1A
100
AcDbEntity
  8
F.Paste
  6
CONTINUOUS
100
AcDbLine
 10
123.3588349999999991
 20
-53.4700999999999951
 30
0
 11
123.0732349999999968
 21
-53.4700999999999951
 31
0
  0
LINE
  5
B0F
330
1A
100
AcDbEntity
  8
F.Paste
  6
CONTINUOUS
100
AcDbLine
 10
123.0732349999999968
 20
-53.4700999999999951
 30
0
 11
123.0732349999999968
 21
-52.1303999999999945
 31
0
  0
LINE
  5
B10
330
1A
100
AcDbEntity
  8
F.Paste
  6
CONTINUOUS
100
AcDbLine
 10
123.0732349999999968
 20
-52.1303999999999945
 30
0
 11
123.3588349999999991
 21
-52.1303999999999945
 31
0
  0
LINE
  5
B11
330
1A
100
AcDbEntity
  8
F.Paste
  6
CONTINUOUS
100
AcDbLine
 10
123.3588349999999991
 20
-52.1303999999999945
 30
0
 11
123.3588349999999991
 21
-53.4700999999999951
 31
0
  0
LINE
  5
B12
330
1A
100
AcDbEntity
  8
F.Paste
  6
CONTINUOUS
100
AcDbLine
 10
124.0088209999999975
 20
-53.4700999999999951
 30
0
 11
123.7232209999999952
 21
-53.4700999999999951
 31
0
  0
LINE
  5
B13
330
1A
100
AcDbEntity
  8
F.Paste
  6
CONTINUOUS
100
AcDbLine
 10
123.7232209999999952
 20
-53.4700999999999951
 30
0
 11
123.7232209999999952
 21
-52.1303999999999945
 31
0
  0
LINE
  5
B14
330
1A
100
AcDbEntity
  8
F.Paste
  6
CONTINUOUS
100
AcDbLine
 10
123.7232209999999952
 20
-52.1303999999999945
 30
0
 11
124.0088209999999975
 21
-52.1303999999999945
 31
0
  0
LINE
  5
B15
330
1A
100
AcDbEntity
  8
F.Paste
  6
CONTINUOUS
100
AcDbLine
 10
124.0088209999999975
 20
-52.1303999999999945
 30
0
 11
124.0088209999999975
 21
-53.4700999999999951
 31
0
  0
LINE
  5
B16
330
1A
100
AcDbEntity
  8
F.Paste
  6
CONTINUOUS
100
AcDbLine
 10
124.6588069999999959
 20
-53.4700999999999951
 30
0
 11
124.3732069999999936
 21
-53.4700999999999951
 31
0
  0
LINE
  5
B17
330
1A
100
AcDbEntity
  8
F.Paste
  6
CONTINUOUS
100
AcDbLine
 10
124.3732069999999936
 20
-53.4700999999999951
 30
0
 11
124.3732069999999936
 21
-52.1303999999999945
 31
0
  0
LINE
  5
B18
330
1A
100
AcDbEntity
  8
F.Paste
  6
CONTINUOUS
100
AcDbLine
 10
124.3732069999999936
 20
-52.1303999999999945
 30
0
 11
124.6588069999999959
 21
-52.1303999999999945
 31
0
  0
LINE
  5
B19
330
1A
100
AcDbEntity
  8
F.Paste
  6
CONTINUOUS
100
AcDbLine
 10
124.6588069999999959
 20
-52.1303999999999945
 30
0
 11
124.6588069999999959
 21
-53.4700999999999951
 31
0
  0
LINE
  5
B1A
330
1A
100
AcDbEntity
  8
F.Paste
  6
CONTINUOUS
100
AcDbLine
 10
125.3087929999999943
 20
-53.4700999999999951
 30
0
 11
125.023192999999992
 21
-53.4700999999999951
 31
0
  0
LINE
  5
B1B
330
1A
100
AcDbEntity
  8
F.Paste
  6
CONTINUOUS
100
AcDbLine
 10
125.023192999999992
 20
-53.4700999999999951
 30
0
 11
125.023192999999992
 21
-52.1303999999999945
 31
0
  0
LINE
  5
B1C
330
1A
100
AcDbEntity
  8
F.Paste
  6
CONTINUOUS
100
AcDbLine
 10
125.023192999999992
 20
-52.1303999999999945
 30
0
 11
125.3087929999999943
 21
-52.1303999999999945
 31
0
  0
LINE
  5
B1D
330
1A
100
AcDbEntity
  8
F.Paste
  6
CONTINUOUS
100
AcDbLine
 10
125.3087929999999943
 20
-52.1303999999999945
 30
0
 11
125.3087929999999943
 21
-53.4700999999999951
 31
0
  0
LINE
  5
B1E
330
1A
100
AcDbEntity
  8
F.Paste
  6
CONTINUOUS
100
AcDbLine
 10
125.9587789999999927
 20
-53.4700999999999951
 30
0
 11
125.6731789999999904
 21
-53.4700999999999951
 31
0
  0
LINE
  5
B1F
330
1A
100
AcDbEntity
  8
F.Paste
  6
CONTINUOUS
100
AcDbLine
 10
125.6731789999999904
 20
-53.4700999999999951
 30
0
 11
125.6731789999999904
 21
-52.1303999999999945
 31
0
  0
LINE
  5
B20
330
1A
100
AcDbEntity
  8
F.Paste
  6
CONTINUOUS
100
AcDbLine
 10
125.6731789999999904
 20
-52.1303999999999945
 30
0
 11
125.9587789999999927
 21
-52.1303999999999945
 31
0
  0
LINE
  5
B21
330
1A
100
AcDbEntity
  8
F.Paste
  6
CONTINUOUS
100
AcDbLine
 10
125.9587789999999927
 20
-52.1303999999999945
 30
0
 11
125.9587789999999927
 21
-53.4700999999999951
 31
0
  0
LINE
  5
B22
330
1A
100
AcDbEntity
  8
F.Paste
  6
CONTINUOUS
100
AcDbLine
 10
126.6087649999999911
 20
-53.4700999999999951
 30
0
 11
126.3231649999999888
 21
-53.4700999999999951
 31
0
  0
LINE
  5
B23
330
1A
100
AcDbEntity
  8
F.Paste
  6
CONTINUOUS
100
AcDbLine
 10
126.3231649999999888
 20
-53.4700999999999951
 30
0
 11
126.3231649999999888
 21
-52.1303999999999945
 31
0
  0
LINE
  5
B24
330
1A
100
AcDbEntity
  8
F.Paste
  6
CONTINUOUS
100
AcDbLine
 10
126.3231649999999888
 20
-52.1303999999999945
 30
0
 11
126.6087649999999911
 21
-52.1303999999999945
 31
0
  0
LINE
  5
B25
330
1A
100
AcDbEntity
  8
F.Paste
  6
CONTINUOUS
100
AcDbLine
 10
126.6087649999999911
 20
-52.1303999999999945
 30
0
 11
126.6087649999999911
 21
-53.4700999999999951
 31
0
  0
LINE
  5
B26
330
1A
100
AcDbEntity
  8
F.Paste
  6
CONTINUOUS
100
AcDbLine
 10
127.2587509999999895
 20
-53.4700999999999951
 30
0
 11
126.9731509999999872
 21
-53.4700999999999951
 31
0
  0
LINE
  5
B27
330
1A
100
AcDbEntity
  8
F.Paste
  6
CONTINUOUS
100
AcDbLine
 10
126.9731509999999872
 20
-53.4700999999999951
 30
0
 11
126.9731509999999872
 21
-52.1303999999999945
 31
0
  0
LINE
  5
B28
330
1A
100
AcDbEntity
  8
F.Paste
  6
CONTINUOUS
100
AcDbLine
 10
126.9731509999999872
 20
-52.1303999999999945
 30
0
 11
127.2587509999999895
 21
-52.1303999999999945
 31
0
  0
LINE
  5
B29
330
1A
100
AcDbEntity
  8
F.Paste
  6
CONTINUOUS
100
AcDbLine
 10
127.2587509999999895
 20
-52.1303999999999945
 30
0
 11
127.2587509999999895
 21
-53.4700999999999951
 31
0
  0
LINE
  5
B2A
330
1A
100
AcDbEntity
  8
F.Paste
  6
CONTINUOUS
100
AcDbLine
 10
127.9087369999999879
 20
-53.4700999999999951
 30
0
 11
127.6231369999999998
 21
-53.4700999999999951
 31
0
  0
LINE
  5
B2B
330
1A
100
AcDbEntity
  8
F.Paste
  6
CONTINUOUS
100
AcDbLine
 10
127.6231369999999998
 20
-53.4700999999999951
 30
0
 11
127.6231369999999998
 21
-52.1303999999999945
 31
0
  0
LINE
  5
B2C
330
1A
100
AcDbEntity
  8
F.Paste
  6
CONTINUOUS
100
AcDbLine
 10
127.6231369999999998
 20
-52.1303999999999945
 30
0
 11
127.9087369999999879
 21
-52.1303999999999945
 31
0
  0
LINE
  5
B2D
330
1A
100
AcDbEntity
  8
F.Paste
  6
CONTINUOUS
100
AcDbLine
 10
127.9087369999999879
 20
-52.1303999999999945
 30
0
 11
127.9087369999999879
 21
-53.4700999999999951
 31
0
  0
LINE
  5
B2E
330
1A
100
AcDbEntity
  8
F.Paste
  6
CONTINUOUS
100
AcDbLine
 10
128.5587229999999863
 20
-53.4700999999999951
 30
0
 11
128.2731229999999982
 21
-53.4700999999999951
 31
0
  0
LINE
  5
B2F
330
1A
100
AcDbEntity
  8
F.Paste
  6
CONTINUOUS
100
AcDbLine
 10
128.2731229999999982
 20
-53.4700999999999951
 30
0
 11
128.2731229999999982
 21
-52.1303999999999945
 31
0
  0
LINE
  5
B30
330
1A
100
AcDbEntity
  8
F.Paste
  6
CONTINUOUS
100
AcDbLine
 10
128.2731229999999982
 20
-52.1303999999999945
 30
0
 11
128.5587229999999863
 21
-52.1303999999999945
 31
0
  0
LINE
  5
B31
330
1A
100
AcDbEntity
  8
F.Paste
  6
CONTINUOUS
100
AcDbLine
 10
128.5587229999999863
 20
-52.1303999999999945
 30
0
 11
128.5587229999999863
 21
-53.4700999999999951
 31
0
  0
LINE
  5
B32
330
1A
100
AcDbEntity
  8
F.Paste
  6
CONTINUOUS
100
AcDbLine
 10
129.2087089999999989
 20
-53.4700999999999951
 30
0
 11
128.9231089999999824
 21
-53.4700999999999951
 31
0
  0
LINE
  5
B33
330
1A
100
AcDbEntity
  8
F.Paste
  6
CONTINUOUS
100
AcDbLine
 10
128.9231089999999824
 20
-53.4700999999999951
 30
0
 11
128.9231089999999824
 21
-52.1303999999999945
 31
0
  0
LINE
  5
B34
330
1A
100
AcDbEntity
  8
F.Paste
  6
CONTINUOUS
100
AcDbLine
 10
128.9231089999999824
 20
-52.1303999999999945
 30
0
 11
129.2087089999999989
 21
-52.1303999999999945
 31
0
  0
LINE
  5
B35
330
1A
100
AcDbEntity
  8
F.Paste
  6
CONTINUOUS
100
AcDbLine
 10
129.2087089999999989
 20
-52.1303999999999945
 30
0
 11
129.2087089999999989
 21
-53.4700999999999951
 31
0
  0
LINE
  5
B36
330
1A
100
AcDbEntity
  8
F.Paste
  6
CONTINUOUS
100
AcDbLine
 10
120.8405439999999942
 20
-49.7380299999999949
 30
0
 11
120.9216499999999996
 21
-49.7922229999999999
 31
0
  0
LINE
  5
B37
330
1A
100
AcDbEntity
  8
F.Paste
  6
CONTINUOUS
100
AcDbLine
 10
120.9216499999999996
 20
-49.7922229999999999
 30
0
 11
120.9758429999999976
 21
-49.8733289999999982
 31
0
  0
LINE
  5
B38
330
1A
100
AcDbEntity
  8
F.Paste
  6
CONTINUOUS
100
AcDbLine
 10
120.9758429999999976
 20
-49.8733289999999982
 30
0
 11
120.9948729999999983
 21
-49.9690000000000012
 31
0
  0
LINE
  5
B39
330
1A
100
AcDbEntity
  8
F.Paste
  6
CONTINUOUS
100
AcDbLine
 10
120.9948729999999983
 20
-49.9690000000000012
 30
0
 11
120.9948729999999983
 21
-50.8689999999999998
 31
0
  0
LINE
  5
B3A
330
1A
100
AcDbEntity
  8
F.Paste
  6
CONTINUOUS
100
AcDbLine
 10
120.9948729999999983
 20
-50.8689999999999998
 30
0
 11
120.9758429999999976
 21
-50.9646709999999956
 31
0
  0
LINE
  5
B3B
330
1A
100
AcDbEntity
  8
F.Paste
  6
CONTINUOUS
100
AcDbLine
 10
120.9758429999999976
 20
-50.9646709999999956
 30
0
 11
120.9216499999999996
 21
-51.0457770000000011
 31
0
  0
LINE
  5
B3C
330
1A
100
AcDbEntity
  8
F.Paste
  6
CONTINUOUS
100
AcDbLine
 10
120.9216499999999996
 20
-51.0457770000000011
 30
0
 11
120.8405439999999942
 21
-51.099969999999999
 31
0
  0
LINE
  5
B3D
330
1A
100
AcDbEntity
  8
F.Paste
  6
CONTINUOUS
100
AcDbLine
 10
120.8405439999999942
 20
-51.099969999999999
 30
0
 11
120.7448729999999983
 21
-51.1189999999999998
 31
0
  0
LINE
  5
B3E
330
1A
100
AcDbEntity
  8
F.Paste
  6
CONTINUOUS
100
AcDbLine
 10
120.7448729999999983
 20
-51.1189999999999998
 30
0
 11
120.2198729999999927
 21
-51.1189999999999998
 31
0
  0
LINE
  5
B3F
330
1A
100
AcDbEntity
  8
F.Paste
  6
CONTINUOUS
100
AcDbLine
 10
120.2198729999999927
 20
-51.1189999999999998
 30
0
 11
120.1242019999999968
 21
-51.099969999999999
 31
0
  0
LINE
  5
B40
330
1A
100
AcDbEntity
  8
F.Paste
  6
CONTINUOUS
100
AcDbLine
 10
120.1242019999999968
 20
-51.099969999999999
 30
0
 11
120.0430959999999914
 21
-51.0457770000000011
 31
0
  0
LINE
  5
B41
330
1A
100
AcDbEntity
  8
F.Paste
  6
CONTINUOUS
100
AcDbLine
 10
120.0430959999999914
 20
-51.0457770000000011
 30
0
 11
119.9889029999999934
 21
-50.9646709999999956
 31
0
  0
LINE
  5
B42
330
1A
100
AcDbEntity
  8
F.Paste
  6
CONTINUOUS
100
AcDbLine
 10
119.9889029999999934
 20
-50.9646709999999956
 30
0
 11
119.9698729999999927
 21
-50.8689999999999998
 31
0
  0
LINE
  5
B43
330
1A
100
AcDbEntity
  8
F.Paste
  6
CONTINUOUS
100
AcDbLine
 10
119.9698729999999927
 20
-50.8689999999999998
 30
0
 11
119.9698729999999927
 21
-49.9690000000000012
 31
0
  0
LINE
  5
B44
330
1A
100
AcDbEntity
  8
F.Paste
  6
CONTINUOUS
100
AcDbLine
 10
119.9698729999999927
 20
-49.9690000000000012
 30
0
 11
119.9889029999999934
 21
-49.8733289999999982
 31
0
  0
LINE
  5
B45
330
1A
100
AcDbEntity
  8
F.Paste
  6
CONTINUOUS
100
AcDbLine
 10
119.9889029999999934
 20
-49.8733289999999982
 30
0
 11
120.0430959999999914
 21
-49.7922229999999999
 31
0
  0
LINE
  5
B46
330
1A
100
AcDbEntity
  8
F.Paste
  6
CONTINUOUS
100
AcDbLine
 10
120.0430959999999914
 20
-49.7922229999999999
 30
0
 11
120.1242019999999968
 21
-49.7380299999999949
 31
0
  0
LINE
  5
B47
330
1A
100
AcDbEntity
  8
F.Paste
  6
CONTINUOUS
100
AcDbLine
 10
120.1242019999999968
 20
-49.7380299999999949
 30
0
 11
120.2198729999999927
 21
-49.7190000000000012
 31
0
  0
LINE
  5
B48
330
1A
100
AcDbEntity
  8
F.Paste
  6
CONTINUOUS
100
AcDbLine
 10
120.2198729999999927
 20
-49.7190000000000012
 30
0
 11
120.7448729999999983
 21
-49.7190000000000012
 31
0
  0
LINE
  5
B49
330
1A
100
AcDbEntity
  8
F.Paste
  6
CONTINUOUS
100
AcDbLine
 10
120.7448729999999983
 20
-49.7190000000000012
 30
0
 11
120.8405439999999942
 21
-49.7380299999999949
 31
0
  0
LINE
  5
B4A
330
1A
100
AcDbEntity
  8
F.Paste
  6
CONTINUOUS
100
AcDbLine
 10
122.665543999999997
 20
-49.7380299999999949
 30
0
 11
122.7466499999999883
 21
-49.7922229999999999
 31
0
  0
LINE
  5
B4B
330
1A
100
AcDbEntity
  8
F.Paste
  6
CONTINUOUS
100
AcDbLine
 10
122.7466499999999883
 20
-49.7922229999999999
 30
0
 11
122.8008430000000004
 21
-49.8733289999999982
 31
0
  0
LINE
  5
B4C
330
1A
100
AcDbEntity
  8
F.Paste
  6
CONTINUOUS
100
AcDbLine
 10
122.8008430000000004
 20
-49.8733289999999982
 30
0
 11
122.8198730000000012
 21
-49.9690000000000012
 31
0
  0
LINE
  5
B4D
330
1A
100
AcDbEntity
  8
F.Paste
  6
CONTINUOUS
100
AcDbLine
 10
122.8198730000000012
 20
-49.9690000000000012
 30
0
 11
122.8198730000000012
 21
-50.8689999999999998
 31
0
  0
LINE
  5
B4E
330
1A
100
AcDbEntity
  8
F.Paste
  6
CONTINUOUS
100
AcDbLine
 10
122.8198730000000012
 20
-50.8689999999999998
 30
0
 11
122.8008430000000004
 21
-50.9646709999999956
 31
0
  0
LINE
  5
B4F
330
1A
100
AcDbEntity
  8
F.Paste
  6
CONTINUOUS
100
AcDbLine
 10
122.8008430000000004
 20
-50.9646709999999956
 30
0
 11
122.7466499999999883
 21
-51.0457770000000011
 31
0
  0
LINE
  5
B50
330
1A
100
AcDbEntity
  8
F.Paste
  6
CONTINUOUS
100
AcDbLine
 10
122.7466499999999883
 20
-51.0457770000000011
 30
0
 11
122.665543999999997
 21
-51.099969999999999
 31
0
  0
LINE
  5
B51
330
1A
100
AcDbEntity
  8
F.Paste
  6
CONTINUOUS
100
AcDbLine
 10
122.665543999999997
 20
-51.099969999999999
 30
0
 11
122.5698730000000012
 21
-51.1189999999999998
 31
0
  0
LINE
  5
B52
330
1A
100
AcDbEntity
  8
F.Paste
  6
CONTINUOUS
100
AcDbLine
 10
122.5698730000000012
 20
-51.1189999999999998
 30
0
 11
122.0448729999999955
 21
-51.1189999999999998
 31
0
  0
LINE
  5
B53
330
1A
100
AcDbEntity
  8
F.Paste
  6
CONTINUOUS
100
AcDbLine
 10
122.0448729999999955
 20
-51.1189999999999998
 30
0
 11
121.9492019999999997
 21
-51.099969999999999
 31
0
  0
LINE
  5
B54
330
1A
100
AcDbEntity
  8
F.Paste
  6
CONTINUOUS
100
AcDbLine
 10
121.9492019999999997
 20
-51.099969999999999
 30
0
 11
121.8680959999999942
 21
-51.0457770000000011
 31
0
  0
LINE
  5
B55
330
1A
100
AcDbEntity
  8
F.Paste
  6
CONTINUOUS
100
AcDbLine
 10
121.8680959999999942
 20
-51.0457770000000011
 30
0
 11
121.8139029999999963
 21
-50.9646709999999956
 31
0
  0
LINE
  5
B56
330
1A
100
AcDbEntity
  8
F.Paste
  6
CONTINUOUS
100
AcDbLine
 10
121.8139029999999963
 20
-50.9646709999999956
 30
0
 11
121.7948729999999955
 21
-50.8689999999999998
 31
0
  0
LINE
  5
B57
330
1A
100
AcDbEntity
  8
F.Paste
  6
CONTINUOUS
100
AcDbLine
 10
121.7948729999999955
 20
-50.8689999999999998
 30
0
 11
121.7948729999999955
 21
-49.9690000000000012
 31
0
  0
LINE
  5
B58
330
1A
100
AcDbEntity
  8
F.Paste
  6
CONTINUOUS
100
AcDbLine
 10
121.7948729999999955
 20
-49.9690000000000012
 30
0
 11
121.8139029999999963
 21
-49.8733289999999982
 31
0
  0
LINE
  5
B59
330
1A
100
AcDbEntity
  8
F.Paste
  6
CONTINUOUS
100
AcDbLine
 10
121.8139029999999963
 20
-49.8733289999999982
 30
0
 11
121.8680959999999942
 21
-49.7922229999999999
 31
0
  0
LINE
  5
B5A
330
1A
100
AcDbEntity
  8
F.Paste
  6
CONTINUOUS
100
AcDbLine
 10
121.8680959999999942
 20
-49.7922229999999999
 30
0
 11
121.9492019999999997
 21
-49.7380299999999949
 31
0
  0
LINE
  5
B5B
330
1A
100
AcDbEntity
  8
F.Paste
  6
CONTINUOUS
100
AcDbLine
 10
121.9492019999999997
 20
-49.7380299999999949
 30
0
 11
122.0448729999999955
 21
-49.7190000000000012
 31
0
  0
LINE
  5
B5C
330
1A
100
AcDbEntity
  8
F.Paste
  6
CONTINUOUS
100
AcDbLine
 10
122.0448729999999955
 20
-49.7190000000000012
 30
0
 11
122.5698730000000012
 21
-49.7190000000000012
 31
0
  0
LINE
  5
B5D
330
1A
100
AcDbEntity
  8
F.Paste
  6
CONTINUOUS
100
AcDbLine
 10
122.5698730000000012
 20
-49.7190000000000012
 30
0
 11
122.665543999999997
 21
-49.7380299999999949
 31
0
  0
ENDSEC
  0
SECTION
  2
OBJECTS
  0
DICTIONARY
  5
20
330
0
100
AcDbDictionary
281
1
  3
ACAD_GROUP
350
B5E
  3
ACAD_LAYOUT
350
21
  3
ACAD_PLOTSTYLENAME
350
11
  0
DICTIONARY
  5
B5E
330
20
100
AcDbDictionary
281
1
  0
ACDBDICTIONARYWDFLT
  5
11
330
20
100
AcDbDictionary
281
1
  3
Normal
350
10
100
AcDbDictionaryWithDefault
340
10
  0
ACDBPLACEHOLDER
  5
10
330
11
  0
DICTIONARY
  5
21
330
20
100
AcDbDictionary
281
1
  3
Model
350
1D
  3
Layout1
350
1E
  3
Layout2
350
1F
  0
LAYOUT
  5
1D
330
21
100
AcDbPlotSettings
  1

  2
none_device
  4
A3
  6

 40
0.0
 41
0.0
 42
0.0
 43
0.0
 44
420.0
 45
297.0
 46
0.0
 47
0.0
 48
0.0
 49
0.0
140
0.0
141
0.0
142
1.0
143
1.0
 70
1024
 72
1
 73
0
 74
5
  7

 75
16
 76
0
 77
2
 78
300
147
1.0
148
0.0
149
0.0
100
AcDbLayout
  1
Model
 70
1
 71
0
 10
0.0
 20
0.0
 11
420.0
 21
297.0
 12
0.0
 22
0.0
 32
0.0
 14
1e+20
 24
1e+20
 34
1e+20
 15
-1e+20
 25
-1e+20
 35
-1e+20
146
0.0
 13
0.0
 23
0.0
 33
0.0
 16
1.0
 26
0.0
 36
0.0
 17
0.0
 27
1.0
 37
0.0
 76
0
330
1A
  0
LAYOUT
  5
1E
330
21
100
AcDbPlotSettings
  1

  2
none_device
  4
A3
  6

 40
0.0
 41
0.0
 42
0.0
 43
0.0
 44
420.0
 45
297.0
 46
0.0
 47
0.0
 48
0.0
 49
0.0
140
0.0
141
0.0
142
1.0
143
1.0
 70
0
 72
1
 73
0
 74
5
  7

 75
16
 76
0
 77
2
 78
300
147
1.0
148
0.0
149
0.0
100
AcDbLayout
  1
Layout1
 70
1
 71
1
 10
0.0
 20
0.0
 11
420.0
 21
297.0
 12
0.0
 22
0.0
 32
0.0
 14
1e+20
 24
1e+20
 34
1e+20
 15
-1e+20
 25
-1e+20
 35
-1e+20
146
0.0
 13
0.0
 23
0.0
 33
0.0
 16
1.0
 26
0.0
 36
0.0
 17
0.0
 27
1.0
 37
0.0
 76
0
330
1B
  0
LAYOUT
  5
1F
330
21
100
AcDbPlotSettings
  1

  2
none_device
  4
A3
  6

 40
0.0
 41
0.0
 42
0.0
 43
0.0
 44
420.0
 45
297.0
 46
0.0
 47
0.0
 48
0.0
 49
0.0
140
0.0
141
0.0
142
1.0
143
1.0
 70
0
 72
1
 73
0
 74
5
  7

 75
16
 76
0
 77
2
 78
300
147
1.0
148
0.0
149
0.0
100
AcDbLayout
  1
Layout2
 70
1
 71
2
 10
0.0
 20
0.0
 11
420.0
 21
297.0
 12
0.0
 22
0.0
 32
0.0
 14
1e+20
 24
1e+20
 34
1e+20
 15
-1e+20
 25
-1e+20
 35
-1e+20
146
0.0
 13
0.0
 23
0.0
 33
0.0
 16
1.0
 26
0.0
 36
0.0
 17
0.0
 27
1.0
 37
0.0
 76
0
330
1C
  0
ENDSEC
  0
EOF
